insert into study_program(code, name)
values ('PIT23_3', 'Примена на информациски технологии'),
       ('SIIS23_3', 'Софтверско инженерство и информациски системи'),
       ('KN23_3', 'Компјутерски науки'),
       ('KI23_3', 'Компјутерско инженерство'),
       ('IMB23_3', 'Интернет, мрежи и безбедност'),
       ('SEIS23_3', 'Software engineering and information systems'),
       ('SSP23_3', 'Стручни студии за програмирање');

insert into study_program_details (id, "order", duration_years, duration_semesters, study_cycle, accreditation_year)
values ('PIT23_3', 3, 3, 6, 'UNDERGRADUATE', '2023'),
       ('SIIS23_3', 1, 3, 6, 'UNDERGRADUATE', '2023'),
       ('KN23_3', 6, 3, 6, 'UNDERGRADUATE', '2023'),
       ('KI23_3', 5, 3, 6, 'UNDERGRADUATE', '2023'),
       ('IMB23_3', 2, 3, 6, 'UNDERGRADUATE', '2023'),
       ('SEIS23_3', 1.5, 3, 6, 'UNDERGRADUATE', '2023'),
       ('SSP23_3', 7, 3, 6, 'UNDERGRADUATE', '2023');



insert into study_program_subject(id, subject_id, study_program_code, mandatory, semester, "order")
values ('PIT23_3-F23L1W020', 'F23L1W020', 'PIT23_3', '1', '1', '0'),
       ('SIIS23_3-F23L1W020', 'F23L1W020', 'SIIS23_3', '1', '1', '0'),
       ('KN23_3-F23L1W020', 'F23L1W020', 'KN23_3', '1', '1', '0'),
       ('KI23_3-F23L1W020', 'F23L1W020', 'KI23_3', '1', '1', '0'),
       ('IMB23_3-F23L1W020', 'F23L1W020', 'IMB23_3', '1', '1', '0'),
       ('SEIS23_3-F23L1W020', 'F23L1W020', 'SEIS23_3', '1', '1', '0'),
       ('PIT23_3-F23L3W001', 'F23L3W001', 'PIT23_3', '0', '3', '100'),
       ('SIIS23_3-F23L3W001', 'F23L3W001', 'SIIS23_3', '1', '3', '0'),
       ('KN23_3-F23L3W001', 'F23L3W001', 'KN23_3', '0', '3', '100'),
       ('KI23_3-F23L3W001', 'F23L3W001', 'KI23_3', '0', '3', '100'),
       ('IMB23_3-F23L3W001', 'F23L3W001', 'IMB23_3', '0', '3', '100'),
       ('SEIS23_3-F23L3W001', 'F23L3W001', 'SEIS23_3', '1', '3', '0'),
       ('PIT23_3-F23L1S116', 'F23L1S116', 'PIT23_3', '0', '2', '100'),
       ('SIIS23_3-F23L1S116', 'F23L1S116', 'SIIS23_3', '0', '2', '100'),
       ('KN23_3-F23L1S116', 'F23L1S116', 'KN23_3', '0', '2', '100'),
       ('KI23_3-F23L1S116', 'F23L1S116', 'KI23_3', '0', '2', '100'),
       ('IMB23_3-F23L1S116', 'F23L1S116', 'IMB23_3', '0', '2', '100'),
       ('SEIS23_3-F23L1S116', 'F23L1S116', 'SEIS23_3', '0', '2', '100'),
       ('PIT23_3-F23L3S132', 'F23L3S132', 'PIT23_3', '0', '8', '100'),
       ('SIIS23_3-F23L3S132', 'F23L3S132', 'SIIS23_3', '0', '8', '100'),
       ('KN23_3-F23L3S132', 'F23L3S132', 'KN23_3', '0', '8', '100'),
       ('KI23_3-F23L3S132', 'F23L3S132', 'KI23_3', '1', '8', '0'),
       ('IMB23_3-F23L3S132', 'F23L3S132', 'IMB23_3', '0', '8', '100'),
       ('SEIS23_3-F23L3S132', 'F23L3S132', 'SEIS23_3', '0', '8', '100'),
       ('PIT23_3-F23L1S052', 'F23L1S052', 'PIT23_3', '0', '2', '100'),
       ('SIIS23_3-F23L1S052', 'F23L1S052', 'SIIS23_3', '0', '2', '100'),
       ('KN23_3-F23L1S052', 'F23L1S052', 'KN23_3', '0', '2', '100'),
       ('KI23_3-F23L1S052', 'F23L1S052', 'KI23_3', '0', '2', '100'),
       ('IMB23_3-F23L1S052', 'F23L1S052', 'IMB23_3', '0', '2', '100'),
       ('SEIS23_3-F23L1S052', 'F23L1S052', 'SEIS23_3', '0', '2', '100'),
       ('PIT23_3-F23L2W167', 'F23L2W167', 'PIT23_3', '0', '3', '100'),
       ('SIIS23_3-F23L2W167', 'F23L2W167', 'SIIS23_3', '0', '3', '100'),
       ('KN23_3-F23L2W167', 'F23L2W167', 'KN23_3', '0', '3', '100'),
       ('KI23_3-F23L2W167', 'F23L2W167', 'KI23_3', '0', '3', '100'),
       ('IMB23_3-F23L2W167', 'F23L2W167', 'IMB23_3', '0', '3', '100'),
       ('SEIS23_3-F23L2W167', 'F23L2W167', 'SEIS23_3', '0', '3', '100'),
       ('PIT23_3-F23L3S112', 'F23L3S112', 'PIT23_3', '0', '8', '100'),
       ('SIIS23_3-F23L3S112', 'F23L3S112', 'SIIS23_3', '0', '8', '100'),
       ('KN23_3-F23L3S112', 'F23L3S112', 'KN23_3', '0', '8', '100'),
       ('KI23_3-F23L3S112', 'F23L3S112', 'KI23_3', '0', '8', '100'),
       ('IMB23_3-F23L3S112', 'F23L3S112', 'IMB23_3', '0', '8', '100'),
       ('SEIS23_3-F23L3S112', 'F23L3S112', 'SEIS23_3', '0', '8', '100'),
       ('PIT23_3-F23L3S022', 'F23L3S022', 'PIT23_3', '1', '8', '0'),
       ('SIIS23_3-F23L3S022', 'F23L3S022', 'SIIS23_3', '0', '8', '100'),
       ('KN23_3-F23L3S022', 'F23L3S022', 'KN23_3', '0', '8', '100'),
       ('KI23_3-F23L3S022', 'F23L3S022', 'KI23_3', '1', '8', '0'),
       ('IMB23_3-F23L3S022', 'F23L3S022', 'IMB23_3', '0', '8', '100'),
       ('SEIS23_3-F23L3S022', 'F23L3S022', 'SEIS23_3', '0', '8', '100'),
       ('PIT23_3-F23L3W092', 'F23L3W092', 'PIT23_3', '0', '7', '100'),
       ('SIIS23_3-F23L3W092', 'F23L3W092', 'SIIS23_3', '0', '7', '100'),
       ('KN23_3-F23L3W092', 'F23L3W092', 'KN23_3', '0', '7', '100'),
       ('KI23_3-F23L3W092', 'F23L3W092', 'KI23_3', '0', '7', '100'),
       ('IMB23_3-F23L3W092', 'F23L3W092', 'IMB23_3', '0', '7', '100'),
       ('SEIS23_3-F23L3W092', 'F23L3W092', 'SEIS23_3', '0', '7', '100'),
       ('PIT23_3-F23L3S087', 'F23L3S087', 'PIT23_3', '0', '6', '100'),
       ('SIIS23_3-F23L3S087', 'F23L3S087', 'SIIS23_3', '0', '6', '100'),
       ('KN23_3-F23L3S087', 'F23L3S087', 'KN23_3', '0', '6', '100'),
       ('KI23_3-F23L3S087', 'F23L3S087', 'KI23_3', '0', '6', '100'),
       ('IMB23_3-F23L3S087', 'F23L3S087', 'IMB23_3', '0', '6', '100'),
       ('SEIS23_3-F23L3S087', 'F23L3S087', 'SEIS23_3', '0', '6', '100'),
       ('PIT23_3-F23L3W136', 'F23L3W136', 'PIT23_3', '1', '5', '0'),
       ('SIIS23_3-F23L3W136', 'F23L3W136', 'SIIS23_3', '0', '5', '100'),
       ('KN23_3-F23L3W136', 'F23L3W136', 'KN23_3', '0', '5', '100'),
       ('KI23_3-F23L3W136', 'F23L3W136', 'KI23_3', '0', '5', '100'),
       ('IMB23_3-F23L3W136', 'F23L3W136', 'IMB23_3', '0', '5', '100'),
       ('SEIS23_3-F23L3W136', 'F23L3W136', 'SEIS23_3', '0', '5', '100'),
       ('PIT23_3-F23L2S002', 'F23L2S002', 'PIT23_3', '0', '4', '100'),
       ('SIIS23_3-F23L2S002', 'F23L2S002', 'SIIS23_3', '1', '4', '0'),
       ('KN23_3-F23L2S002', 'F23L2S002', 'KN23_3', '0', '4', '100'),
       ('KI23_3-F23L2S002', 'F23L2S002', 'KI23_3', '0', '4', '100'),
       ('IMB23_3-F23L2S002', 'F23L2S002', 'IMB23_3', '0', '4', '100'),
       ('SEIS23_3-F23L2S002', 'F23L2S002', 'SEIS23_3', '1', '4', '0'),
       ('PIT23_3-F23L3W085', 'F23L3W085', 'PIT23_3', '0', '7', '100'),
       ('SIIS23_3-F23L3W085', 'F23L3W085', 'SIIS23_3', '0', '7', '100'),
       ('KN23_3-F23L3W085', 'F23L3W085', 'KN23_3', '0', '7', '100'),
       ('KI23_3-F23L3W085', 'F23L3W085', 'KI23_3', '0', '7', '100'),
       ('IMB23_3-F23L3W085', 'F23L3W085', 'IMB23_3', '0', '7', '100'),
       ('SEIS23_3-F23L3W085', 'F23L3W085', 'SEIS23_3', '0', '7', '100'),
       ('PIT23_3-F23L3W056', 'F23L3W056', 'PIT23_3', '0', '5', '100'),
       ('SIIS23_3-F23L3W056', 'F23L3W056', 'SIIS23_3', '0', '5', '100'),
       ('KN23_3-F23L3W056', 'F23L3W056', 'KN23_3', '0', '5', '100'),
       ('KI23_3-F23L3W056', 'F23L3W056', 'KI23_3', '0', '5', '100'),
       ('IMB23_3-F23L3W056', 'F23L3W056', 'IMB23_3', '0', '5', '100'),
       ('SEIS23_3-F23L3W056', 'F23L3W056', 'SEIS23_3', '0', '5', '100'),
       ('PIT23_3-F23L3W162', 'F23L3W162', 'PIT23_3', '0', '7', '100'),
       ('SIIS23_3-F23L3W162', 'F23L3W162', 'SIIS23_3', '0', '7', '100'),
       ('KN23_3-F23L3W162', 'F23L3W162', 'KN23_3', '0', '7', '100'),
       ('KI23_3-F23L3W162', 'F23L3W162', 'KI23_3', '0', '7', '100'),
       ('IMB23_3-F23L3W162', 'F23L3W162', 'IMB23_3', '0', '7', '100'),
       ('SEIS23_3-F23L3W162', 'F23L3W162', 'SEIS23_3', '0', '7', '100'),
       ('PIT23_3-F23L3W117', 'F23L3W117', 'PIT23_3', '0', '7', '100'),
       ('SIIS23_3-F23L3W117', 'F23L3W117', 'SIIS23_3', '0', '7', '100'),
       ('KN23_3-F23L3W117', 'F23L3W117', 'KN23_3', '0', '7', '100'),
       ('KI23_3-F23L3W117', 'F23L3W117', 'KI23_3', '0', '7', '100'),
       ('IMB23_3-F23L3W117', 'F23L3W117', 'IMB23_3', '0', '7', '100'),
       ('SEIS23_3-F23L3W117', 'F23L3W117', 'SEIS23_3', '0', '7', '100'),
       ('PIT23_3-F23L3W158', 'F23L3W158', 'PIT23_3', '0', '5', '100'),
       ('SIIS23_3-F23L3W158', 'F23L3W158', 'SIIS23_3', '0', '5', '100'),
       ('KN23_3-F23L3W158', 'F23L3W158', 'KN23_3', '0', '5', '100'),
       ('KI23_3-F23L3W158', 'F23L3W158', 'KI23_3', '0', '5', '100'),
       ('IMB23_3-F23L3W158', 'F23L3W158', 'IMB23_3', '0', '5', '100'),
       ('SEIS23_3-F23L3W158', 'F23L3W158', 'SEIS23_3', '0', '5', '100'),
       ('PIT23_3-F23L2S051', 'F23L2S051', 'PIT23_3', '0', '4', '100'),
       ('SIIS23_3-F23L2S051', 'F23L2S051', 'SIIS23_3', '0', '4', '100'),
       ('KN23_3-F23L2S051', 'F23L2S051', 'KN23_3', '0', '4', '100'),
       ('KI23_3-F23L2S051', 'F23L2S051', 'KI23_3', '0', '4', '100'),
       ('IMB23_3-F23L2S051', 'F23L2S051', 'IMB23_3', '0', '4', '100'),
       ('SEIS23_3-F23L2S051', 'F23L2S051', 'SEIS23_3', '0', '4', '100'),
       ('PIT23_3-F23L3S091', 'F23L3S091', 'PIT23_3', '0', '6', '100'),
       ('SIIS23_3-F23L3S091', 'F23L3S091', 'SIIS23_3', '0', '6', '100'),
       ('KN23_3-F23L3S091', 'F23L3S091', 'KN23_3', '0', '6', '100'),
       ('KI23_3-F23L3S091', 'F23L3S091', 'KI23_3', '0', '6', '100'),
       ('IMB23_3-F23L3S091', 'F23L3S091', 'IMB23_3', '0', '6', '100'),
       ('SEIS23_3-F23L3S091', 'F23L3S091', 'SEIS23_3', '0', '6', '100'),
       ('PIT23_3-F23L2S084', 'F23L2S084', 'PIT23_3', '0', '4', '100'),
       ('SIIS23_3-F23L2S084', 'F23L2S084', 'SIIS23_3', '0', '4', '100'),
       ('KN23_3-F23L2S084', 'F23L2S084', 'KN23_3', '0', '4', '100'),
       ('KI23_3-F23L2S084', 'F23L2S084', 'KI23_3', '0', '4', '100'),
       ('IMB23_3-F23L2S084', 'F23L2S084', 'IMB23_3', '0', '4', '100'),
       ('SEIS23_3-F23L2S084', 'F23L2S084', 'SEIS23_3', '0', '4', '100'),
       ('PIT23_3-F23L3S130', 'F23L3S130', 'PIT23_3', '0', '8', '100'),
       ('SIIS23_3-F23L3S130', 'F23L3S130', 'SIIS23_3', '0', '8', '100'),
       ('KN23_3-F23L3S130', 'F23L3S130', 'KN23_3', '0', '8', '100'),
       ('KI23_3-F23L3S130', 'F23L3S130', 'KI23_3', '0', '8', '100'),
       ('IMB23_3-F23L3S130', 'F23L3S130', 'IMB23_3', '0', '8', '100'),
       ('SEIS23_3-F23L3S130', 'F23L3S130', 'SEIS23_3', '0', '8', '100'),
       ('SSP23_3-F23L1W020', 'F23L1W020', 'SSP23_3', '1', '1', '0'),
       ('SSP23_3-F23L3W001', 'F23L3W001', 'SSP23_3', '0', '3', '100'),
       ('SSP23_3-F23L1S116', 'F23L1S116', 'SSP23_3', '0', '2', '100'),
       ('SSP23_3-F23L3S132', 'F23L3S132', 'SSP23_3', '0', '8', '100'),
       ('SSP23_3-F23L1S052', 'F23L1S052', 'SSP23_3', '0', '2', '100'),
       ('SSP23_3-F23L2W167', 'F23L2W167', 'SSP23_3', '0', '3', '100'),
       ('SSP23_3-F23L3S112', 'F23L3S112', 'SSP23_3', '0', '8', '100'),
       ('SSP23_3-F23L3S022', 'F23L3S022', 'SSP23_3', '0', '8', '100'),
       ('SSP23_3-F23L3W092', 'F23L3W092', 'SSP23_3', '0', '7', '100'),
       ('SSP23_3-F23L3S087', 'F23L3S087', 'SSP23_3', '0', '6', '100'),
       ('SSP23_3-F23L3W136', 'F23L3W136', 'SSP23_3', '0', '5', '100'),
       ('SSP23_3-F23L2S002', 'F23L2S002', 'SSP23_3', '0', '4', '100'),
       ('SSP23_3-F23L3W085', 'F23L3W085', 'SSP23_3', '0', '7', '100'),
       ('SSP23_3-F23L3W056', 'F23L3W056', 'SSP23_3', '0', '5', '100'),
       ('SSP23_3-F23L3W162', 'F23L3W162', 'SSP23_3', '0', '7', '100'),
       ('SSP23_3-F23L3W117', 'F23L3W117', 'SSP23_3', '0', '7', '100'),
       ('SSP23_3-F23L3W158', 'F23L3W158', 'SSP23_3', '0', '5', '100'),
       ('SSP23_3-F23L2S051', 'F23L2S051', 'SSP23_3', '0', '4', '100'),
       ('SSP23_3-F23L3S091', 'F23L3S091', 'SSP23_3', '0', '6', '100'),
       ('SSP23_3-F23L2S084', 'F23L2S084', 'SSP23_3', '0', '4', '100'),
       ('SSP23_3-F23L3S130', 'F23L3S130', 'SSP23_3', '0', '8', '100'),
       ('PIT23_3-F23L2S042', 'F23L2S042', 'PIT23_3', '0', '4', '100'),
       ('SIIS23_3-F23L2S042', 'F23L2S042', 'SIIS23_3', '0', '4', '100'),
       ('KN23_3-F23L2S042', 'F23L2S042', 'KN23_3', '0', '4', '100'),
       ('KI23_3-F23L2S042', 'F23L2S042', 'KI23_3', '1', '4', '0'),
       ('IMB23_3-F23L2S042', 'F23L2S042', 'IMB23_3', '0', '4', '100'),
       ('SEIS23_3-F23L2S042', 'F23L2S042', 'SEIS23_3', '0', '4', '100'),
       ('SSP23_3-F23L2S042', 'F23L2S042', 'SSP23_3', '0', '4', '100'),
       ('PIT23_3-F23L3S083', 'F23L3S083', 'PIT23_3', '0', '8', '100'),
       ('SIIS23_3-F23L3S083', 'F23L3S083', 'SIIS23_3', '0', '8', '100'),
       ('KN23_3-F23L3S083', 'F23L3S083', 'KN23_3', '0', '8', '100'),
       ('KI23_3-F23L3S083', 'F23L3S083', 'KI23_3', '0', '8', '100'),
       ('IMB23_3-F23L3S083', 'F23L3S083', 'IMB23_3', '0', '8', '100'),
       ('SEIS23_3-F23L3S083', 'F23L3S083', 'SEIS23_3', '0', '8', '100'),
       ('SSP23_3-F23L3S083', 'F23L3S083', 'SSP23_3', '0', '8', '100'),
       ('PIT23_3-F23L3W103', 'F23L3W103', 'PIT23_3', '0', '7', '100'),
       ('SIIS23_3-F23L3W103', 'F23L3W103', 'SIIS23_3', '0', '7', '100'),
       ('KN23_3-F23L3W103', 'F23L3W103', 'KN23_3', '0', '7', '100'),
       ('KI23_3-F23L3W103', 'F23L3W103', 'KI23_3', '0', '7', '100'),
       ('IMB23_3-F23L3W103', 'F23L3W103', 'IMB23_3', '0', '7', '100'),
       ('SEIS23_3-F23L3W103', 'F23L3W103', 'SEIS23_3', '0', '7', '100'),
       ('SSP23_3-F23L3W103', 'F23L3W103', 'SSP23_3', '0', '7', '100'),
       ('PIT23_3-F23L3S113', 'F23L3S113', 'PIT23_3', '0', '6', '100'),
       ('SIIS23_3-F23L3S113', 'F23L3S113', 'SIIS23_3', '0', '6', '100'),
       ('KN23_3-F23L3S113', 'F23L3S113', 'KN23_3', '0', '6', '100'),
       ('KI23_3-F23L3S113', 'F23L3S113', 'KI23_3', '0', '6', '100'),
       ('IMB23_3-F23L3S113', 'F23L3S113', 'IMB23_3', '0', '6', '100'),
       ('SEIS23_3-F23L3S113', 'F23L3S113', 'SEIS23_3', '0', '6', '100'),
       ('SSP23_3-F23L3S113', 'F23L3S113', 'SSP23_3', '0', '6', '100'),
       ('PIT23_3-F23L3W152', 'F23L3W152', 'PIT23_3', '0', '7', '100'),
       ('SIIS23_3-F23L3W152', 'F23L3W152', 'SIIS23_3', '0', '7', '100'),
       ('KN23_3-F23L3W152', 'F23L3W152', 'KN23_3', '0', '7', '100'),
       ('KI23_3-F23L3W152', 'F23L3W152', 'KI23_3', '0', '7', '100'),
       ('IMB23_3-F23L3W152', 'F23L3W152', 'IMB23_3', '0', '7', '100'),
       ('SEIS23_3-F23L3W152', 'F23L3W152', 'SEIS23_3', '0', '7', '100'),
       ('SSP23_3-F23L3W152', 'F23L3W152', 'SSP23_3', '0', '7', '100'),
       ('PIT23_3-F23L3S153', 'F23L3S153', 'PIT23_3', '0', '6', '100'),
       ('SIIS23_3-F23L3S153', 'F23L3S153', 'SIIS23_3', '0', '6', '100'),
       ('KN23_3-F23L3S153', 'F23L3S153', 'KN23_3', '0', '6', '100'),
       ('KI23_3-F23L3S153', 'F23L3S153', 'KI23_3', '0', '6', '100'),
       ('IMB23_3-F23L3S153', 'F23L3S153', 'IMB23_3', '0', '6', '100'),
       ('SEIS23_3-F23L3S153', 'F23L3S153', 'SEIS23_3', '0', '6', '100'),
       ('SSP23_3-F23L3S153', 'F23L3S153', 'SSP23_3', '0', '6', '100'),
       ('PIT23_3-F23L3S144', 'F23L3S144', 'PIT23_3', '0', '8', '100'),
       ('SIIS23_3-F23L3S144', 'F23L3S144', 'SIIS23_3', '0', '8', '100'),
       ('KN23_3-F23L3S144', 'F23L3S144', 'KN23_3', '0', '8', '100'),
       ('KI23_3-F23L3S144', 'F23L3S144', 'KI23_3', '0', '8', '100'),
       ('IMB23_3-F23L3S144', 'F23L3S144', 'IMB23_3', '0', '8', '100'),
       ('SEIS23_3-F23L3S144', 'F23L3S144', 'SEIS23_3', '0', '8', '100'),
       ('SSP23_3-F23L3S144', 'F23L3S144', 'SSP23_3', '0', '8', '100'),
       ('PIT23_3-F23L3W088', 'F23L3W088', 'PIT23_3', '0', '7', '100'),
       ('SIIS23_3-F23L3W088', 'F23L3W088', 'SIIS23_3', '0', '7', '100'),
       ('KN23_3-F23L3W088', 'F23L3W088', 'KN23_3', '0', '7', '100'),
       ('KI23_3-F23L3W088', 'F23L3W088', 'KI23_3', '0', '7', '100'),
       ('IMB23_3-F23L3W088', 'F23L3W088', 'IMB23_3', '0', '7', '100'),
       ('SEIS23_3-F23L3W088', 'F23L3W088', 'SEIS23_3', '0', '7', '100'),
       ('SSP23_3-F23L3W088', 'F23L3W088', 'SSP23_3', '0', '7', '100'),
       ('PIT23_3-F23L3S107', 'F23L3S107', 'PIT23_3', '0', '8', '100'),
       ('SIIS23_3-F23L3S107', 'F23L3S107', 'SIIS23_3', '0', '8', '100'),
       ('KN23_3-F23L3S107', 'F23L3S107', 'KN23_3', '0', '8', '100'),
       ('KI23_3-F23L3S107', 'F23L3S107', 'KI23_3', '0', '8', '100'),
       ('IMB23_3-F23L3S107', 'F23L3S107', 'IMB23_3', '0', '8', '100'),
       ('SEIS23_3-F23L3S107', 'F23L3S107', 'SEIS23_3', '0', '8', '100'),
       ('SSP23_3-F23L3S107', 'F23L3S107', 'SSP23_3', '0', '8', '100'),
       ('PIT23_3-F23L3W156', 'F23L3W156', 'PIT23_3', '0', '7', '100'),
       ('SIIS23_3-F23L3W156', 'F23L3W156', 'SIIS23_3', '0', '7', '100'),
       ('KN23_3-F23L3W156', 'F23L3W156', 'KN23_3', '0', '7', '100'),
       ('KI23_3-F23L3W156', 'F23L3W156', 'KI23_3', '0', '7', '100'),
       ('IMB23_3-F23L3W156', 'F23L3W156', 'IMB23_3', '0', '7', '100'),
       ('SEIS23_3-F23L3W156', 'F23L3W156', 'SEIS23_3', '0', '7', '100'),
       ('SSP23_3-F23L3W156', 'F23L3W156', 'SSP23_3', '0', '7', '100'),
       ('PIT23_3-F23L3S139', 'F23L3S139', 'PIT23_3', '0', '8', '100'),
       ('SIIS23_3-F23L3S139', 'F23L3S139', 'SIIS23_3', '0', '8', '100'),
       ('KN23_3-F23L3S139', 'F23L3S139', 'KN23_3', '0', '8', '100'),
       ('KI23_3-F23L3S139', 'F23L3S139', 'KI23_3', '0', '8', '100'),
       ('IMB23_3-F23L3S139', 'F23L3S139', 'IMB23_3', '0', '8', '100'),
       ('SEIS23_3-F23L3S139', 'F23L3S139', 'SEIS23_3', '0', '8', '100'),
       ('SSP23_3-F23L3S139', 'F23L3S139', 'SSP23_3', '0', '8', '100'),
       ('PIT23_3-F23L3S163', 'F23L3S163', 'PIT23_3', '0', '6', '100'),
       ('SIIS23_3-F23L3S163', 'F23L3S163', 'SIIS23_3', '0', '6', '100'),
       ('KN23_3-F23L3S163', 'F23L3S163', 'KN23_3', '0', '6', '100'),
       ('KI23_3-F23L3S163', 'F23L3S163', 'KI23_3', '0', '6', '100'),
       ('IMB23_3-F23L3S163', 'F23L3S163', 'IMB23_3', '0', '6', '100'),
       ('SEIS23_3-F23L3S163', 'F23L3S163', 'SEIS23_3', '0', '6', '100'),
       ('SSP23_3-F23L3S163', 'F23L3S163', 'SSP23_3', '0', '6', '100'),
       ('PIT23_3-F23L3W072', 'F23L3W072', 'PIT23_3', '0', '7', '100'),
       ('SIIS23_3-F23L3W072', 'F23L3W072', 'SIIS23_3', '0', '7', '100'),
       ('KN23_3-F23L3W072', 'F23L3W072', 'KN23_3', '0', '7', '100'),
       ('KI23_3-F23L3W072', 'F23L3W072', 'KI23_3', '0', '7', '100'),
       ('IMB23_3-F23L3W072', 'F23L3W072', 'IMB23_3', '0', '7', '100'),
       ('SEIS23_3-F23L3W072', 'F23L3W072', 'SEIS23_3', '0', '7', '100'),
       ('SSP23_3-F23L3W072', 'F23L3W072', 'SSP23_3', '0', '7', '100'),
       ('PIT23_3-F23L3S073', 'F23L3S073', 'PIT23_3', '0', '6', '100'),
       ('SIIS23_3-F23L3S073', 'F23L3S073', 'SIIS23_3', '0', '6', '100'),
       ('KN23_3-F23L3S073', 'F23L3S073', 'KN23_3', '0', '6', '100'),
       ('KI23_3-F23L3S073', 'F23L3S073', 'KI23_3', '0', '6', '100'),
       ('IMB23_3-F23L3S073', 'F23L3S073', 'IMB23_3', '0', '6', '100'),
       ('SEIS23_3-F23L3S073', 'F23L3S073', 'SEIS23_3', '0', '6', '100'),
       ('SSP23_3-F23L3S073', 'F23L3S073', 'SSP23_3', '0', '6', '100'),
       ('PIT23_3-F23L3S069', 'F23L3S069', 'PIT23_3', '0', '8', '100'),
       ('SIIS23_3-F23L3S069', 'F23L3S069', 'SIIS23_3', '0', '8', '100'),
       ('KN23_3-F23L3S069', 'F23L3S069', 'KN23_3', '0', '8', '100'),
       ('KI23_3-F23L3S069', 'F23L3S069', 'KI23_3', '0', '8', '100'),
       ('IMB23_3-F23L3S069', 'F23L3S069', 'IMB23_3', '0', '8', '100'),
       ('SEIS23_3-F23L3S069', 'F23L3S069', 'SEIS23_3', '0', '8', '100'),
       ('SSP23_3-F23L3S069', 'F23L3S069', 'SSP23_3', '0', '8', '100'),
       ('PIT23_3-F23L3W074', 'F23L3W074', 'PIT23_3', '0', '7', '100'),
       ('SIIS23_3-F23L3W074', 'F23L3W074', 'SIIS23_3', '0', '7', '100'),
       ('KN23_3-F23L3W074', 'F23L3W074', 'KN23_3', '0', '7', '100'),
       ('KI23_3-F23L3W074', 'F23L3W074', 'KI23_3', '0', '7', '100'),
       ('IMB23_3-F23L3W074', 'F23L3W074', 'IMB23_3', '0', '7', '100'),
       ('SEIS23_3-F23L3W074', 'F23L3W074', 'SEIS23_3', '0', '7', '100'),
       ('SSP23_3-F23L3W074', 'F23L3W074', 'SSP23_3', '0', '7', '100'),
       ('PIT23_3-F23L3W060', 'F23L3W060', 'PIT23_3', '0', '5', '100'),
       ('SIIS23_3-F23L3W060', 'F23L3W060', 'SIIS23_3', '0', '5', '100'),
       ('KN23_3-F23L3W060', 'F23L3W060', 'KN23_3', '0', '5', '100'),
       ('KI23_3-F23L3W060', 'F23L3W060', 'KI23_3', '0', '5', '100'),
       ('IMB23_3-F23L3W060', 'F23L3W060', 'IMB23_3', '1', '5', '0'),
       ('SEIS23_3-F23L3W060', 'F23L3W060', 'SEIS23_3', '0', '5', '100'),
       ('SSP23_3-F23L3W060', 'F23L3W060', 'SSP23_3', '0', '5', '100'),
       ('PIT23_3-F23L3W075', 'F23L3W075', 'PIT23_3', '0', '7', '100'),
       ('SIIS23_3-F23L3W075', 'F23L3W075', 'SIIS23_3', '0', '7', '100'),
       ('KN23_3-F23L3W075', 'F23L3W075', 'KN23_3', '0', '7', '100'),
       ('KI23_3-F23L3W075', 'F23L3W075', 'KI23_3', '0', '7', '100'),
       ('IMB23_3-F23L3W075', 'F23L3W075', 'IMB23_3', '0', '7', '100'),
       ('SEIS23_3-F23L3W075', 'F23L3W075', 'SEIS23_3', '0', '7', '100'),
       ('SSP23_3-F23L3W075', 'F23L3W075', 'SSP23_3', '0', '7', '100'),
       ('PIT23_3-F23L2S061', 'F23L2S061', 'PIT23_3', '0', '4', '100'),
       ('SIIS23_3-F23L2S061', 'F23L2S061', 'SIIS23_3', '0', '4', '100'),
       ('KN23_3-F23L2S061', 'F23L2S061', 'KN23_3', '0', '4', '100'),
       ('KI23_3-F23L2S061', 'F23L2S061', 'KI23_3', '0', '4', '100'),
       ('IMB23_3-F23L2S061', 'F23L2S061', 'IMB23_3', '1', '4', '0'),
       ('SEIS23_3-F23L2S061', 'F23L2S061', 'SEIS23_3', '0', '4', '100'),
       ('SSP23_3-F23L2S061', 'F23L2S061', 'SSP23_3', '0', '4', '100'),
       ('PIT23_3-F23L3S078', 'F23L3S078', 'PIT23_3', '0', '8', '100'),
       ('SIIS23_3-F23L3S078', 'F23L3S078', 'SIIS23_3', '0', '8', '100'),
       ('KN23_3-F23L3S078', 'F23L3S078', 'KN23_3', '0', '8', '100'),
       ('KI23_3-F23L3S078', 'F23L3S078', 'KI23_3', '0', '8', '100'),
       ('IMB23_3-F23L3S078', 'F23L3S078', 'IMB23_3', '0', '8', '100'),
       ('SEIS23_3-F23L3S078', 'F23L3S078', 'SEIS23_3', '0', '8', '100'),
       ('SSP23_3-F23L3S078', 'F23L3S078', 'SSP23_3', '0', '8', '100'),
       ('PIT23_3-F23L3W121', 'F23L3W121', 'PIT23_3', '0', '7', '100'),
       ('SIIS23_3-F23L3W121', 'F23L3W121', 'SIIS23_3', '0', '7', '100'),
       ('KN23_3-F23L3W121', 'F23L3W121', 'KN23_3', '0', '7', '100'),
       ('KI23_3-F23L3W121', 'F23L3W121', 'KI23_3', '0', '7', '100'),
       ('IMB23_3-F23L3W121', 'F23L3W121', 'IMB23_3', '0', '7', '100'),
       ('SEIS23_3-F23L3W121', 'F23L3W121', 'SEIS23_3', '0', '7', '100'),
       ('SSP23_3-F23L3W121', 'F23L3W121', 'SSP23_3', '0', '7', '100'),
       ('PIT23_3-F23L3S040', 'F23L3S040', 'PIT23_3', '0', '6', '100'),
       ('SIIS23_3-F23L3S040', 'F23L3S040', 'SIIS23_3', '0', '6', '100'),
       ('KN23_3-F23L3S040', 'F23L3S040', 'KN23_3', '0', '6', '100'),
       ('KI23_3-F23L3S040', 'F23L3S040', 'KI23_3', '1', '6', '0'),
       ('IMB23_3-F23L3S040', 'F23L3S040', 'IMB23_3', '0', '6', '100'),
       ('SEIS23_3-F23L3S040', 'F23L3S040', 'SEIS23_3', '0', '6', '100'),
       ('SSP23_3-F23L3S040', 'F23L3S040', 'SSP23_3', '0', '6', '100'),
       ('PIT23_3-F23L3W079', 'F23L3W079', 'PIT23_3', '0', '7', '100'),
       ('SIIS23_3-F23L3W079', 'F23L3W079', 'SIIS23_3', '0', '7', '100'),
       ('KN23_3-F23L3W079', 'F23L3W079', 'KN23_3', '0', '7', '100'),
       ('KI23_3-F23L3W079', 'F23L3W079', 'KI23_3', '0', '7', '100'),
       ('IMB23_3-F23L3W079', 'F23L3W079', 'IMB23_3', '0', '7', '100'),
       ('SEIS23_3-F23L3W079', 'F23L3W079', 'SEIS23_3', '0', '7', '100'),
       ('SSP23_3-F23L3W079', 'F23L3W079', 'SSP23_3', '0', '7', '100'),
       ('PIT23_3-F23L3S080', 'F23L3S080', 'PIT23_3', '0', '8', '100'),
       ('SIIS23_3-F23L3S080', 'F23L3S080', 'SIIS23_3', '0', '8', '100'),
       ('KN23_3-F23L3S080', 'F23L3S080', 'KN23_3', '0', '8', '100'),
       ('KI23_3-F23L3S080', 'F23L3S080', 'KI23_3', '0', '8', '100'),
       ('IMB23_3-F23L3S080', 'F23L3S080', 'IMB23_3', '0', '8', '100'),
       ('SEIS23_3-F23L3S080', 'F23L3S080', 'SEIS23_3', '0', '8', '100'),
       ('SSP23_3-F23L3S080', 'F23L3S080', 'SSP23_3', '0', '8', '100'),
       ('PIT23_3-F23L3W024', 'F23L3W024', 'PIT23_3', '1', '5', '0'),
       ('SIIS23_3-F23L3W024', 'F23L3W024', 'SIIS23_3', '0', '5', '100'),
       ('KN23_3-F23L3W024', 'F23L3W024', 'KN23_3', '1', '5', '0'),
       ('KI23_3-F23L3W024', 'F23L3W024', 'KI23_3', '0', '5', '100'),
       ('IMB23_3-F23L3W024', 'F23L3W024', 'IMB23_3', '0', '5', '100'),
       ('SEIS23_3-F23L3W024', 'F23L3W024', 'SEIS23_3', '0', '5', '100'),
       ('SSP23_3-F23L3W024', 'F23L3W024', 'SSP23_3', '0', '5', '100'),
       ('PIT23_3-F23L2W006', 'F23L2W006', 'PIT23_3', '0', '3', '100'),
       ('SIIS23_3-F23L2W006', 'F23L2W006', 'SIIS23_3', '0', '3', '100'),
       ('KN23_3-F23L2W006', 'F23L2W006', 'KN23_3', '1', '3', '0'),
       ('KI23_3-F23L2W006', 'F23L2W006', 'KI23_3', '1', '3', '0'),
       ('IMB23_3-F23L2W006', 'F23L2W006', 'IMB23_3', '0', '3', '100'),
       ('SEIS23_3-F23L2W006', 'F23L2W006', 'SEIS23_3', '0', '3', '100'),
       ('SSP23_3-F23L2W006', 'F23L2W006', 'SSP23_3', '0', '3', '100'),
       ('PIT23_3-F23L3W081', 'F23L3W081', 'PIT23_3', '0', '5', '100'),
       ('SIIS23_3-F23L3W081', 'F23L3W081', 'SIIS23_3', '0', '5', '100'),
       ('KN23_3-F23L3W081', 'F23L3W081', 'KN23_3', '0', '5', '100'),
       ('KI23_3-F23L3W081', 'F23L3W081', 'KI23_3', '0', '5', '100'),
       ('IMB23_3-F23L3W081', 'F23L3W081', 'IMB23_3', '0', '5', '100'),
       ('SEIS23_3-F23L3W081', 'F23L3W081', 'SEIS23_3', '0', '5', '100'),
       ('SSP23_3-F23L3W081', 'F23L3W081', 'SSP23_3', '0', '5', '100'),
       ('PIT23_3-F23L2S082', 'F23L2S082', 'PIT23_3', '0', '4', '100'),
       ('SIIS23_3-F23L2S082', 'F23L2S082', 'SIIS23_3', '0', '4', '100'),
       ('KN23_3-F23L2S082', 'F23L2S082', 'KN23_3', '0', '4', '100'),
       ('KI23_3-F23L2S082', 'F23L2S082', 'KI23_3', '0', '4', '100'),
       ('IMB23_3-F23L2S082', 'F23L2S082', 'IMB23_3', '0', '4', '100'),
       ('SEIS23_3-F23L2S082', 'F23L2S082', 'SEIS23_3', '0', '4', '100'),
       ('SSP23_3-F23L2S082', 'F23L2S082', 'SSP23_3', '0', '4', '100'),
       ('PIT23_3-F23L3S062', 'F23L3S062', 'PIT23_3', '0', '6', '100'),
       ('SIIS23_3-F23L3S062', 'F23L3S062', 'SIIS23_3', '0', '6', '100'),
       ('KN23_3-F23L3S062', 'F23L3S062', 'KN23_3', '0', '6', '100'),
       ('KI23_3-F23L3S062', 'F23L3S062', 'KI23_3', '0', '6', '100'),
       ('IMB23_3-F23L3S062', 'F23L3S062', 'IMB23_3', '1', '6', '0'),
       ('SEIS23_3-F23L3S062', 'F23L3S062', 'SEIS23_3', '0', '6', '100'),
       ('SSP23_3-F23L3S062', 'F23L3S062', 'SSP23_3', '0', '6', '100'),
       ('PIT23_3-F23L3W076', 'F23L3W076', 'PIT23_3', '0', '7', '100'),
       ('SIIS23_3-F23L3W076', 'F23L3W076', 'SIIS23_3', '0', '7', '100'),
       ('KN23_3-F23L3W076', 'F23L3W076', 'KN23_3', '0', '7', '100'),
       ('KI23_3-F23L3W076', 'F23L3W076', 'KI23_3', '0', '7', '100'),
       ('IMB23_3-F23L3W076', 'F23L3W076', 'IMB23_3', '0', '7', '100'),
       ('SEIS23_3-F23L3W076', 'F23L3W076', 'SEIS23_3', '0', '7', '100'),
       ('SSP23_3-F23L3W076', 'F23L3W076', 'SSP23_3', '0', '7', '100'),
       ('PIT23_3-F23L3S086', 'F23L3S086', 'PIT23_3', '0', '8', '100'),
       ('SIIS23_3-F23L3S086', 'F23L3S086', 'SIIS23_3', '0', '8', '100'),
       ('KN23_3-F23L3S086', 'F23L3S086', 'KN23_3', '0', '8', '100'),
       ('KI23_3-F23L3S086', 'F23L3S086', 'KI23_3', '0', '8', '100'),
       ('IMB23_3-F23L3S086', 'F23L3S086', 'IMB23_3', '0', '8', '100'),
       ('SEIS23_3-F23L3S086', 'F23L3S086', 'SEIS23_3', '0', '8', '100'),
       ('SSP23_3-F23L3S086', 'F23L3S086', 'SSP23_3', '0', '8', '100'),
       ('PIT23_3-F23L3W008', 'F23L3W008', 'PIT23_3', '1', '5', '0'),
       ('SIIS23_3-F23L3W008', 'F23L3W008', 'SIIS23_3', '1', '5', '0'),
       ('KN23_3-F23L3W008', 'F23L3W008', 'KN23_3', '0', '5', '100'),
       ('KI23_3-F23L3W008', 'F23L3W008', 'KI23_3', '0', '5', '100'),
       ('IMB23_3-F23L3W008', 'F23L3W008', 'IMB23_3', '0', '5', '100'),
       ('SEIS23_3-F23L3W008', 'F23L3W008', 'SEIS23_3', '1', '5', '0'),
       ('SSP23_3-F23L3W008', 'F23L3W008', 'SSP23_3', '0', '5', '100'),
       ('PIT23_3-F23L2S090', 'F23L2S090', 'PIT23_3', '0', '4', '100'),
       ('SIIS23_3-F23L2S090', 'F23L2S090', 'SIIS23_3', '0', '4', '100'),
       ('KN23_3-F23L2S090', 'F23L2S090', 'KN23_3', '0', '4', '100'),
       ('KI23_3-F23L2S090', 'F23L2S090', 'KI23_3', '0', '4', '100'),
       ('IMB23_3-F23L2S090', 'F23L2S090', 'IMB23_3', '0', '4', '100'),
       ('SEIS23_3-F23L2S090', 'F23L2S090', 'SEIS23_3', '0', '4', '100'),
       ('SSP23_3-F23L2S090', 'F23L2S090', 'SSP23_3', '0', '4', '100'),
       ('PIT23_3-F23L3S093', 'F23L3S093', 'PIT23_3', '0', '6', '100'),
       ('SIIS23_3-F23L3S093', 'F23L3S093', 'SIIS23_3', '0', '6', '100'),
       ('KN23_3-F23L3S093', 'F23L3S093', 'KN23_3', '0', '6', '100'),
       ('KI23_3-F23L3S093', 'F23L3S093', 'KI23_3', '0', '6', '100'),
       ('IMB23_3-F23L3S093', 'F23L3S093', 'IMB23_3', '0', '6', '100'),
       ('SEIS23_3-F23L3S093', 'F23L3S093', 'SEIS23_3', '0', '6', '100'),
       ('SSP23_3-F23L3S093', 'F23L3S093', 'SSP23_3', '0', '6', '100'),
       ('PIT23_3-F23L3S094', 'F23L3S094', 'PIT23_3', '0', '6', '100'),
       ('SIIS23_3-F23L3S094', 'F23L3S094', 'SIIS23_3', '0', '6', '100'),
       ('KN23_3-F23L3S094', 'F23L3S094', 'KN23_3', '0', '6', '100'),
       ('KI23_3-F23L3S094', 'F23L3S094', 'KI23_3', '0', '6', '100'),
       ('IMB23_3-F23L3S094', 'F23L3S094', 'IMB23_3', '0', '6', '100'),
       ('SEIS23_3-F23L3S094', 'F23L3S094', 'SEIS23_3', '0', '6', '100'),
       ('SSP23_3-F23L3S094', 'F23L3S094', 'SSP23_3', '0', '6', '100'),
       ('PIT23_3-F23L2S095', 'F23L2S095', 'PIT23_3', '0', '4', '100'),
       ('SIIS23_3-F23L2S095', 'F23L2S095', 'SIIS23_3', '0', '4', '100'),
       ('KN23_3-F23L2S095', 'F23L2S095', 'KN23_3', '0', '4', '100'),
       ('KI23_3-F23L2S095', 'F23L2S095', 'KI23_3', '0', '4', '100'),
       ('IMB23_3-F23L2S095', 'F23L2S095', 'IMB23_3', '0', '4', '100'),
       ('SEIS23_3-F23L2S095', 'F23L2S095', 'SEIS23_3', '0', '4', '100'),
       ('SSP23_3-F23L2S095', 'F23L2S095', 'SSP23_3', '0', '4', '100'),
       ('PIT23_3-F23L2W096', 'F23L2W096', 'PIT23_3', '0', '3', '100'),
       ('SIIS23_3-F23L2W096', 'F23L2W096', 'SIIS23_3', '0', '3', '100'),
       ('KN23_3-F23L2W096', 'F23L2W096', 'KN23_3', '0', '3', '100'),
       ('KI23_3-F23L2W096', 'F23L2W096', 'KI23_3', '0', '3', '100'),
       ('IMB23_3-F23L2W096', 'F23L2W096', 'IMB23_3', '0', '3', '100'),
       ('SEIS23_3-F23L2W096', 'F23L2W096', 'SEIS23_3', '0', '3', '100'),
       ('SSP23_3-F23L2W096', 'F23L2W096', 'SSP23_3', '0', '3', '100'),
       ('PIT23_3-F23L3W009', 'F23L3W009', 'PIT23_3', '0', '5', '100'),
       ('SIIS23_3-F23L3W009', 'F23L3W009', 'SIIS23_3', '1', '5', '0'),
       ('KN23_3-F23L3W009', 'F23L3W009', 'KN23_3', '0', '5', '100'),
       ('KI23_3-F23L3W009', 'F23L3W009', 'KI23_3', '0', '5', '100'),
       ('IMB23_3-F23L3W009', 'F23L3W009', 'IMB23_3', '0', '5', '100'),
       ('SEIS23_3-F23L3W009', 'F23L3W009', 'SEIS23_3', '1', '5', '0'),
       ('SSP23_3-F23L3W009', 'F23L3W009', 'SSP23_3', '0', '5', '100'),
       ('PIT23_3-F23L2S097', 'F23L2S097', 'PIT23_3', '0', '4', '100'),
       ('SIIS23_3-F23L2S097', 'F23L2S097', 'SIIS23_3', '0', '4', '100'),
       ('KN23_3-F23L2S097', 'F23L2S097', 'KN23_3', '0', '4', '100'),
       ('KI23_3-F23L2S097', 'F23L2S097', 'KI23_3', '0', '4', '100'),
       ('IMB23_3-F23L2S097', 'F23L2S097', 'IMB23_3', '0', '4', '100'),
       ('SEIS23_3-F23L2S097', 'F23L2S097', 'SEIS23_3', '0', '4', '100'),
       ('SSP23_3-F23L2S097', 'F23L2S097', 'SSP23_3', '0', '4', '100'),
       ('PIT23_3-F23L3S010', 'F23L3S010', 'PIT23_3', '1', '6', '0'),
       ('SIIS23_3-F23L3S010', 'F23L3S010', 'SIIS23_3', '1', '6', '0'),
       ('KN23_3-F23L3S010', 'F23L3S010', 'KN23_3', '1', '6', '0'),
       ('KI23_3-F23L3S010', 'F23L3S010', 'KI23_3', '0', '6', '100'),
       ('IMB23_3-F23L3S010', 'F23L3S010', 'IMB23_3', '0', '6', '100'),
       ('SEIS23_3-F23L3S010', 'F23L3S010', 'SEIS23_3', '1', '6', '0'),
       ('SSP23_3-F23L3S010', 'F23L3S010', 'SSP23_3', '0', '6', '100'),
       ('PIT23_3-F23L3S168', 'F23L3S168', 'PIT23_3', '1', '8', '0'),
       ('SIIS23_3-F23L3S168', 'F23L3S168', 'SIIS23_3', '1', '8', '0'),
       ('KN23_3-F23L3S168', 'F23L3S168', 'KN23_3', '1', '8', '0'),
       ('KI23_3-F23L3S168', 'F23L3S168', 'KI23_3', '1', '8', '0'),
       ('IMB23_3-F23L3S168', 'F23L3S168', 'IMB23_3', '1', '8', '0'),
       ('SEIS23_3-F23L3S168', 'F23L3S168', 'SEIS23_3', '1', '8', '0'),
       ('SSP23_3-F23L3S168', 'F23L3S168', 'SSP23_3', '0', '8', '100'),
       ('PIT23_3-F23L3W064', 'F23L3W064', 'PIT23_3', '0', '7', '100'),
       ('SIIS23_3-F23L3W064', 'F23L3W064', 'SIIS23_3', '0', '7', '100'),
       ('KN23_3-F23L3W064', 'F23L3W064', 'KN23_3', '0', '7', '100'),
       ('KI23_3-F23L3W064', 'F23L3W064', 'KI23_3', '0', '7', '100'),
       ('IMB23_3-F23L3W064', 'F23L3W064', 'IMB23_3', '1', '7', '0'),
       ('SEIS23_3-F23L3W064', 'F23L3W064', 'SEIS23_3', '0', '7', '100'),
       ('SSP23_3-F23L3W064', 'F23L3W064', 'SSP23_3', '0', '7', '100'),
       ('PIT23_3-F23L2S099', 'F23L2S099', 'PIT23_3', '0', '4', '100'),
       ('SIIS23_3-F23L2S099', 'F23L2S099', 'SIIS23_3', '0', '4', '100'),
       ('KN23_3-F23L2S099', 'F23L2S099', 'KN23_3', '0', '4', '100'),
       ('KI23_3-F23L2S099', 'F23L2S099', 'KI23_3', '0', '4', '100'),
       ('IMB23_3-F23L2S099', 'F23L2S099', 'IMB23_3', '0', '4', '100'),
       ('SEIS23_3-F23L2S099', 'F23L2S099', 'SEIS23_3', '0', '4', '100'),
       ('SSP23_3-F23L2S099', 'F23L2S099', 'SSP23_3', '0', '4', '100'),
       ('PIT23_3-F23L2W100', 'F23L2W100', 'PIT23_3', '1', '3', '0'),
       ('SIIS23_3-F23L2W100', 'F23L2W100', 'SIIS23_3', '0', '3', '100'),
       ('KN23_3-F23L2W100', 'F23L2W100', 'KN23_3', '0', '3', '100'),
       ('KI23_3-F23L2W100', 'F23L2W100', 'KI23_3', '0', '3', '100'),
       ('IMB23_3-F23L2W100', 'F23L2W100', 'IMB23_3', '0', '3', '100'),
       ('SEIS23_3-F23L2W100', 'F23L2W100', 'SEIS23_3', '0', '3', '100'),
       ('SSP23_3-F23L2W100', 'F23L2W100', 'SSP23_3', '0', '3', '100'),
       ('PIT23_3-F23L3S025', 'F23L3S025', 'PIT23_3', '1', '6', '0'),
       ('SIIS23_3-F23L3S025', 'F23L3S025', 'SIIS23_3', '0', '6', '100'),
       ('KN23_3-F23L3S025', 'F23L3S025', 'KN23_3', '0', '6', '100'),
       ('KI23_3-F23L3S025', 'F23L3S025', 'KI23_3', '0', '6', '100'),
       ('IMB23_3-F23L3S025', 'F23L3S025', 'IMB23_3', '0', '6', '100'),
       ('SEIS23_3-F23L3S025', 'F23L3S025', 'SEIS23_3', '0', '6', '100'),
       ('SSP23_3-F23L3S025', 'F23L3S025', 'SSP23_3', '0', '6', '100'),
       ('PIT23_3-F23L3S101', 'F23L3S101', 'PIT23_3', '0', '8', '100'),
       ('SIIS23_3-F23L3S101', 'F23L3S101', 'SIIS23_3', '0', '8', '100'),
       ('KN23_3-F23L3S101', 'F23L3S101', 'KN23_3', '0', '8', '100'),
       ('KI23_3-F23L3S101', 'F23L3S101', 'KI23_3', '0', '8', '100'),
       ('IMB23_3-F23L3S101', 'F23L3S101', 'IMB23_3', '0', '8', '100'),
       ('SEIS23_3-F23L3S101', 'F23L3S101', 'SEIS23_3', '0', '8', '100'),
       ('SSP23_3-F23L3S101', 'F23L3S101', 'SSP23_3', '0', '8', '100'),
       ('PIT23_3-F23L3S102', 'F23L3S102', 'PIT23_3', '0', '8', '100'),
       ('SIIS23_3-F23L3S102', 'F23L3S102', 'SIIS23_3', '0', '8', '100'),
       ('KN23_3-F23L3S102', 'F23L3S102', 'KN23_3', '0', '8', '100'),
       ('KI23_3-F23L3S102', 'F23L3S102', 'KI23_3', '0', '8', '100'),
       ('IMB23_3-F23L3S102', 'F23L3S102', 'IMB23_3', '0', '8', '100'),
       ('SEIS23_3-F23L3S102', 'F23L3S102', 'SEIS23_3', '0', '8', '100'),
       ('SSP23_3-F23L3S102', 'F23L3S102', 'SSP23_3', '0', '8', '100'),
       ('PIT23_3-F23L2W104', 'F23L2W104', 'PIT23_3', '0', '3', '100'),
       ('SIIS23_3-F23L2W104', 'F23L2W104', 'SIIS23_3', '0', '3', '100'),
       ('KN23_3-F23L2W104', 'F23L2W104', 'KN23_3', '0', '3', '100'),
       ('KI23_3-F23L2W104', 'F23L2W104', 'KI23_3', '0', '3', '100'),
       ('IMB23_3-F23L2W104', 'F23L2W104', 'IMB23_3', '0', '3', '100'),
       ('SEIS23_3-F23L2W104', 'F23L2W104', 'SEIS23_3', '0', '3', '100'),
       ('SSP23_3-F23L2W104', 'F23L2W104', 'SSP23_3', '0', '3', '100'),
       ('PIT23_3-F23L3W105', 'F23L3W105', 'PIT23_3', '0', '7', '100'),
       ('SIIS23_3-F23L3W105', 'F23L3W105', 'SIIS23_3', '0', '7', '100'),
       ('KN23_3-F23L3W105', 'F23L3W105', 'KN23_3', '0', '7', '100'),
       ('KI23_3-F23L3W105', 'F23L3W105', 'KI23_3', '0', '7', '100'),
       ('IMB23_3-F23L3W105', 'F23L3W105', 'IMB23_3', '0', '7', '100'),
       ('SEIS23_3-F23L3W105', 'F23L3W105', 'SEIS23_3', '0', '7', '100'),
       ('SSP23_3-F23L3W105', 'F23L3W105', 'SSP23_3', '0', '7', '100'),
       ('PIT23_3-F23L3S012', 'F23L3S012', 'PIT23_3', '0', '6', '100'),
       ('SIIS23_3-F23L3S012', 'F23L3S012', 'SIIS23_3', '1', '6', '0'),
       ('KN23_3-F23L3S012', 'F23L3S012', 'KN23_3', '0', '6', '100'),
       ('KI23_3-F23L3S012', 'F23L3S012', 'KI23_3', '0', '6', '100'),
       ('IMB23_3-F23L3S012', 'F23L3S012', 'IMB23_3', '0', '6', '100'),
       ('SEIS23_3-F23L3S012', 'F23L3S012', 'SEIS23_3', '1', '6', '0'),
       ('SSP23_3-F23L3S012', 'F23L3S012', 'SSP23_3', '0', '6', '100'),
       ('PIT23_3-F23L3W108', 'F23L3W108', 'PIT23_3', '0', '7', '100'),
       ('SIIS23_3-F23L3W108', 'F23L3W108', 'SIIS23_3', '0', '7', '100'),
       ('KN23_3-F23L3W108', 'F23L3W108', 'KN23_3', '0', '7', '100'),
       ('KI23_3-F23L3W108', 'F23L3W108', 'KI23_3', '1', '7', '0'),
       ('IMB23_3-F23L3W108', 'F23L3W108', 'IMB23_3', '0', '7', '100'),
       ('SEIS23_3-F23L3W108', 'F23L3W108', 'SEIS23_3', '0', '7', '100'),
       ('SSP23_3-F23L3W108', 'F23L3W108', 'SSP23_3', '0', '7', '100'),
       ('PIT23_3-F23L2W109', 'F23L2W109', 'PIT23_3', '0', '3', '100'),
       ('SIIS23_3-F23L2W109', 'F23L2W109', 'SIIS23_3', '0', '3', '100'),
       ('KN23_3-F23L2W109', 'F23L2W109', 'KN23_3', '0', '3', '100'),
       ('KI23_3-F23L2W109', 'F23L2W109', 'KI23_3', '0', '3', '100'),
       ('IMB23_3-F23L2W109', 'F23L2W109', 'IMB23_3', '0', '3', '100'),
       ('SEIS23_3-F23L2W109', 'F23L2W109', 'SEIS23_3', '0', '3', '100'),
       ('SSP23_3-F23L2W109', 'F23L2W109', 'SSP23_3', '0', '3', '100'),
       ('PIT23_3-F23L2S110', 'F23L2S110', 'PIT23_3', '0', '4', '100'),
       ('SIIS23_3-F23L2S110', 'F23L2S110', 'SIIS23_3', '0', '4', '100'),
       ('KN23_3-F23L2S110', 'F23L2S110', 'KN23_3', '0', '4', '100'),
       ('KI23_3-F23L2S110', 'F23L2S110', 'KI23_3', '0', '4', '100'),
       ('IMB23_3-F23L2S110', 'F23L2S110', 'IMB23_3', '1', '4', '0'),
       ('SEIS23_3-F23L2S110', 'F23L2S110', 'SEIS23_3', '0', '4', '100'),
       ('SSP23_3-F23L2S110', 'F23L2S110', 'SSP23_3', '0', '4', '100'),
       ('PIT23_3-F23L3W043', 'F23L3W043', 'PIT23_3', '0', '5', '100'),
       ('SIIS23_3-F23L3W043', 'F23L3W043', 'SIIS23_3', '0', '5', '100'),
       ('KN23_3-F23L3W043', 'F23L3W043', 'KN23_3', '0', '5', '100'),
       ('KI23_3-F23L3W043', 'F23L3W043', 'KI23_3', '1', '5', '0'),
       ('SEIS23_3-F23L3W043', 'F23L3W043', 'SEIS23_3', '0', '5', '100'),
       ('SSP23_3-F23L3W043', 'F23L3W043', 'SSP23_3', '0', '5', '100'),
       ('PIT23_3-F23L3S111', 'F23L3S111', 'PIT23_3', '0', '8', '100'),
       ('SIIS23_3-F23L3S111', 'F23L3S111', 'SIIS23_3', '0', '8', '100'),
       ('KN23_3-F23L3S111', 'F23L3S111', 'KN23_3', '0', '8', '100'),
       ('KI23_3-F23L3S111', 'F23L3S111', 'KI23_3', '0', '8', '100'),
       ('IMB23_3-F23L3S111', 'F23L3S111', 'IMB23_3', '1', '8', '0'),
       ('SEIS23_3-F23L3S111', 'F23L3S111', 'SEIS23_3', '0', '8', '100'),
       ('SSP23_3-F23L3S111', 'F23L3S111', 'SSP23_3', '0', '8', '100'),
       ('PIT23_3-F23L2S114', 'F23L2S114', 'PIT23_3', '0', '4', '100'),
       ('SIIS23_3-F23L2S114', 'F23L2S114', 'SIIS23_3', '0', '4', '100'),
       ('KN23_3-F23L2S114', 'F23L2S114', 'KN23_3', '0', '4', '100'),
       ('KI23_3-F23L2S114', 'F23L2S114', 'KI23_3', '0', '4', '100'),
       ('IMB23_3-F23L2S114', 'F23L2S114', 'IMB23_3', '0', '4', '100'),
       ('SEIS23_3-F23L2S114', 'F23L2S114', 'SEIS23_3', '0', '4', '100'),
       ('SSP23_3-F23L2S114', 'F23L2S114', 'SSP23_3', '0', '4', '100'),
       ('PIT23_3-F23L3W044', 'F23L3W044', 'PIT23_3', '0', '5', '100'),
       ('SIIS23_3-F23L3W044', 'F23L3W044', 'SIIS23_3', '0', '5', '100'),
       ('KN23_3-F23L3W044', 'F23L3W044', 'KN23_3', '0', '5', '100'),
       ('KI23_3-F23L3W044', 'F23L3W044', 'KI23_3', '1', '5', '0'),
       ('IMB23_3-F23L3W044', 'F23L3W044', 'IMB23_3', '0', '5', '100'),
       ('SEIS23_3-F23L3W044', 'F23L3W044', 'SEIS23_3', '0', '5', '100'),
       ('SSP23_3-F23L3W044', 'F23L3W044', 'SSP23_3', '0', '5', '100'),
       ('PIT23_3-F23L3W053', 'F23L3W053', 'PIT23_3', '0', '5', '100'),
       ('SIIS23_3-F23L3W053', 'F23L3W053', 'SIIS23_3', '0', '5', '100'),
       ('KN23_3-F23L3W053', 'F23L3W053', 'KN23_3', '0', '5', '100'),
       ('KI23_3-F23L3W053', 'F23L3W053', 'KI23_3', '0', '5', '100'),
       ('IMB23_3-F23L3W053', 'F23L3W053', 'IMB23_3', '0', '5', '100'),
       ('SEIS23_3-F23L3W053', 'F23L3W053', 'SEIS23_3', '0', '5', '100'),
       ('SSP23_3-F23L3W053', 'F23L3W053', 'SSP23_3', '0', '5', '100'),
       ('KI23_3-F23L1S045', 'F23L1S045', 'KI23_3', '1', '2', '0'),
       ('IMB23_3-F23L1S045', 'F23L1S045', 'IMB23_3', '1', '2', '0'),
       ('PIT23_3-F23L3S115', 'F23L3S115', 'PIT23_3', '0', '6', '100'),
       ('SIIS23_3-F23L3S115', 'F23L3S115', 'SIIS23_3', '0', '6', '100'),
       ('KN23_3-F23L3S115', 'F23L3S115', 'KN23_3', '0', '6', '100'),
       ('KI23_3-F23L3S115', 'F23L3S115', 'KI23_3', '0', '6', '100'),
       ('IMB23_3-F23L3S115', 'F23L3S115', 'IMB23_3', '0', '6', '100'),
       ('SEIS23_3-F23L3S115', 'F23L3S115', 'SEIS23_3', '0', '6', '100'),
       ('SSP23_3-F23L3S115', 'F23L3S115', 'SSP23_3', '0', '6', '100'),
       ('KI23_3-F23L2W046', 'F23L2W046', 'KI23_3', '1', '3', '0'),
       ('IMB23_3-F23L2W046', 'F23L2W046', 'IMB23_3', '1', '3', '0'),
       ('SSP23_3-F23L2W046', 'F23L2W046', 'SSP23_3', '0', '3', '100'),
       ('PIT23_3-F23L3S118', 'F23L3S118', 'PIT23_3', '0', '6', '100'),
       ('SIIS23_3-F23L3S118', 'F23L3S118', 'SIIS23_3', '0', '6', '100'),
       ('KN23_3-F23L3S118', 'F23L3S118', 'KN23_3', '0', '6', '100'),
       ('KI23_3-F23L3S118', 'F23L3S118', 'KI23_3', '0', '6', '100'),
       ('IMB23_3-F23L3S118', 'F23L3S118', 'IMB23_3', '0', '6', '100'),
       ('SEIS23_3-F23L3S118', 'F23L3S118', 'SEIS23_3', '0', '6', '100'),
       ('SSP23_3-F23L3S118', 'F23L3S118', 'SSP23_3', '0', '6', '100'),
       ('PIT23_3-F23L2S119', 'F23L2S119', 'PIT23_3', '0', '4', '100'),
       ('SIIS23_3-F23L2S119', 'F23L2S119', 'SIIS23_3', '0', '4', '100'),
       ('KN23_3-F23L2S119', 'F23L2S119', 'KN23_3', '0', '4', '100'),
       ('KI23_3-F23L2S119', 'F23L2S119', 'KI23_3', '0', '4', '100'),
       ('IMB23_3-F23L2S119', 'F23L2S119', 'IMB23_3', '0', '4', '100'),
       ('SEIS23_3-F23L2S119', 'F23L2S119', 'SEIS23_3', '0', '4', '100'),
       ('SSP23_3-F23L2S119', 'F23L2S119', 'SSP23_3', '0', '4', '100'),
       ('PIT23_3-F23L1S120', 'F23L1S120', 'PIT23_3', '0', '2', '100'),
       ('SIIS23_3-F23L1S120', 'F23L1S120', 'SIIS23_3', '0', '2', '100'),
       ('KN23_3-F23L1S120', 'F23L1S120', 'KN23_3', '0', '2', '100'),
       ('KI23_3-F23L1S120', 'F23L1S120', 'KI23_3', '0', '2', '100'),
       ('IMB23_3-F23L1S120', 'F23L1S120', 'IMB23_3', '0', '2', '100'),
       ('SEIS23_3-F23L1S120', 'F23L1S120', 'SEIS23_3', '0', '2', '100'),
       ('SSP23_3-F23L1S120', 'F23L1S120', 'SSP23_3', '0', '2', '100'),
       ('PIT23_3-F23L3S122', 'F23L3S122', 'PIT23_3', '0', '6', '100'),
       ('SIIS23_3-F23L3S122', 'F23L3S122', 'SIIS23_3', '0', '6', '100'),
       ('KN23_3-F23L3S122', 'F23L3S122', 'KN23_3', '0', '6', '100'),
       ('KI23_3-F23L3S122', 'F23L3S122', 'KI23_3', '0', '6', '100'),
       ('IMB23_3-F23L3S122', 'F23L3S122', 'IMB23_3', '0', '6', '100'),
       ('SEIS23_3-F23L3S122', 'F23L3S122', 'SEIS23_3', '0', '6', '100'),
       ('SSP23_3-F23L3S122', 'F23L3S122', 'SSP23_3', '0', '6', '100'),
       ('PIT23_3-F23L3W035', 'F23L3W035', 'PIT23_3', '0', '5', '100'),
       ('SIIS23_3-F23L3W035', 'F23L3W035', 'SIIS23_3', '0', '5', '100'),
       ('KN23_3-F23L3W035', 'F23L3W035', 'KN23_3', '1', '5', '0'),
       ('KI23_3-F23L3W035', 'F23L3W035', 'KI23_3', '0', '5', '100'),
       ('IMB23_3-F23L3W035', 'F23L3W035', 'IMB23_3', '0', '5', '100'),
       ('SEIS23_3-F23L3W035', 'F23L3W035', 'SEIS23_3', '0', '5', '100'),
       ('SSP23_3-F23L3W035', 'F23L3W035', 'SSP23_3', '0', '5', '100'),
       ('PIT23_3-F23L3S070', 'F23L3S070', 'PIT23_3', '0', '8', '100'),
       ('SIIS23_3-F23L3S070', 'F23L3S070', 'SIIS23_3', '0', '8', '100'),
       ('KN23_3-F23L3S070', 'F23L3S070', 'KN23_3', '0', '8', '100'),
       ('KI23_3-F23L3S070', 'F23L3S070', 'KI23_3', '0', '8', '100'),
       ('IMB23_3-F23L3S070', 'F23L3S070', 'IMB23_3', '0', '8', '100'),
       ('SEIS23_3-F23L3S070', 'F23L3S070', 'SEIS23_3', '0', '8', '100'),
       ('SSP23_3-F23L3S070', 'F23L3S070', 'SSP23_3', '0', '8', '100'),
       ('PIT23_3-F23L1S026', 'F23L1S026', 'PIT23_3', '1', '4', '0'),
       ('SIIS23_3-F23L1S026', 'F23L1S026', 'SIIS23_3', '0', '4', '100'),
       ('KN23_3-F23L1S026', 'F23L1S026', 'KN23_3', '0', '4', '100'),
       ('KI23_3-F23L1S026', 'F23L1S026', 'KI23_3', '0', '4', '100'),
       ('IMB23_3-F23L1S026', 'F23L1S026', 'IMB23_3', '0', '4', '100'),
       ('SEIS23_3-F23L1S026', 'F23L1S026', 'SEIS23_3', '0', '4', '100'),
       ('SSP23_3-F23L1S026', 'F23L1S026', 'SSP23_3', '0', '4', '100'),
       ('PIT23_3-F23L3S036', 'F23L3S036', 'PIT23_3', '0', '6', '100'),
       ('SIIS23_3-F23L3S036', 'F23L3S036', 'SIIS23_3', '0', '6', '100'),
       ('KN23_3-F23L3S036', 'F23L3S036', 'KN23_3', '1', '6', '0'),
       ('KI23_3-F23L3S036', 'F23L3S036', 'KI23_3', '0', '6', '100'),
       ('IMB23_3-F23L3S036', 'F23L3S036', 'IMB23_3', '0', '6', '100'),
       ('SEIS23_3-F23L3S036', 'F23L3S036', 'SEIS23_3', '0', '6', '100'),
       ('SSP23_3-F23L3S036', 'F23L3S036', 'SSP23_3', '0', '6', '100'),
       ('PIT23_3-F23L2S124', 'F23L2S124', 'PIT23_3', '0', '4', '100'),
       ('SIIS23_3-F23L2S124', 'F23L2S124', 'SIIS23_3', '0', '4', '100'),
       ('KN23_3-F23L2S124', 'F23L2S124', 'KN23_3', '0', '4', '100'),
       ('KI23_3-F23L2S124', 'F23L2S124', 'KI23_3', '0', '4', '100'),
       ('IMB23_3-F23L2S124', 'F23L2S124', 'IMB23_3', '0', '4', '100'),
       ('SEIS23_3-F23L2S124', 'F23L2S124', 'SEIS23_3', '0', '4', '100'),
       ('SSP23_3-F23L2S124', 'F23L2S124', 'SSP23_3', '0', '4', '100'),
       ('PIT23_3-F23L3S125', 'F23L3S125', 'PIT23_3', '0', '6', '100'),
       ('SIIS23_3-F23L3S125', 'F23L3S125', 'SIIS23_3', '0', '6', '100'),
       ('KN23_3-F23L3S125', 'F23L3S125', 'KN23_3', '0', '6', '100'),
       ('KI23_3-F23L3S125', 'F23L3S125', 'KI23_3', '0', '6', '100'),
       ('IMB23_3-F23L3S125', 'F23L3S125', 'IMB23_3', '0', '6', '100'),
       ('SEIS23_3-F23L3S125', 'F23L3S125', 'SEIS23_3', '0', '6', '100'),
       ('SSP23_3-F23L3S125', 'F23L3S125', 'SSP23_3', '0', '6', '100'),
       ('PIT23_3-F23L3W126', 'F23L3W126', 'PIT23_3', '0', '7', '100'),
       ('SIIS23_3-F23L3W126', 'F23L3W126', 'SIIS23_3', '0', '7', '100'),
       ('KN23_3-F23L3W126', 'F23L3W126', 'KN23_3', '1', '7', '0'),
       ('KI23_3-F23L3W126', 'F23L3W126', 'KI23_3', '0', '7', '100'),
       ('IMB23_3-F23L3W126', 'F23L3W126', 'IMB23_3', '0', '7', '100'),
       ('SEIS23_3-F23L3W126', 'F23L3W126', 'SEIS23_3', '0', '7', '100'),
       ('SSP23_3-F23L3W126', 'F23L3W126', 'SSP23_3', '0', '7', '100'),
       ('PIT23_3-F23L3S127', 'F23L3S127', 'PIT23_3', '0', '8', '100'),
       ('SIIS23_3-F23L3S127', 'F23L3S127', 'SIIS23_3', '0', '8', '100'),
       ('KN23_3-F23L3S127', 'F23L3S127', 'KN23_3', '0', '8', '100'),
       ('KI23_3-F23L3S127', 'F23L3S127', 'KI23_3', '0', '8', '100'),
       ('IMB23_3-F23L3S127', 'F23L3S127', 'IMB23_3', '0', '8', '100'),
       ('SEIS23_3-F23L3S127', 'F23L3S127', 'SEIS23_3', '0', '8', '100'),
       ('SSP23_3-F23L3S127', 'F23L3S127', 'SSP23_3', '0', '8', '100'),
       ('PIT23_3-F23L3W128', 'F23L3W128', 'PIT23_3', '0', '7', '100'),
       ('SIIS23_3-F23L3W128', 'F23L3W128', 'SIIS23_3', '0', '7', '100'),
       ('KN23_3-F23L3W128', 'F23L3W128', 'KN23_3', '0', '7', '100'),
       ('KI23_3-F23L3W128', 'F23L3W128', 'KI23_3', '0', '7', '100'),
       ('IMB23_3-F23L3W128', 'F23L3W128', 'IMB23_3', '0', '7', '100'),
       ('SEIS23_3-F23L3W128', 'F23L3W128', 'SEIS23_3', '0', '7', '100'),
       ('SSP23_3-F23L3W128', 'F23L3W128', 'SSP23_3', '0', '7', '100'),
       ('PIT23_3-F23L3W129', 'F23L3W129', 'PIT23_3', '0', '7', '100'),
       ('SIIS23_3-F23L3W129', 'F23L3W129', 'SIIS23_3', '0', '7', '100'),
       ('KN23_3-F23L3W129', 'F23L3W129', 'KN23_3', '0', '7', '100'),
       ('KI23_3-F23L3W129', 'F23L3W129', 'KI23_3', '0', '7', '100'),
       ('IMB23_3-F23L3W129', 'F23L3W129', 'IMB23_3', '0', '7', '100'),
       ('SEIS23_3-F23L3W129', 'F23L3W129', 'SEIS23_3', '0', '7', '100'),
       ('SSP23_3-F23L3W129', 'F23L3W129', 'SSP23_3', '0', '7', '100'),
       ('PIT23_3-F23L3S131', 'F23L3S131', 'PIT23_3', '0', '8', '100'),
       ('SIIS23_3-F23L3S131', 'F23L3S131', 'SIIS23_3', '0', '8', '100'),
       ('KN23_3-F23L3S131', 'F23L3S131', 'KN23_3', '0', '8', '100'),
       ('KI23_3-F23L3S131', 'F23L3S131', 'KI23_3', '0', '8', '100'),
       ('IMB23_3-F23L3S131', 'F23L3S131', 'IMB23_3', '0', '8', '100'),
       ('SEIS23_3-F23L3S131', 'F23L3S131', 'SEIS23_3', '0', '8', '100'),
       ('SSP23_3-F23L3S131', 'F23L3S131', 'SSP23_3', '0', '8', '100'),
       ('PIT23_3-F23L2W055', 'F23L2W055', 'PIT23_3', '0', '3', '100'),
       ('SIIS23_3-F23L2W055', 'F23L2W055', 'SIIS23_3', '0', '3', '100'),
       ('KN23_3-F23L2W055', 'F23L2W055', 'KN23_3', '0', '3', '100'),
       ('KI23_3-F23L2W055', 'F23L2W055', 'KI23_3', '0', '3', '100'),
       ('IMB23_3-F23L2W055', 'F23L2W055', 'IMB23_3', '0', '3', '100'),
       ('SEIS23_3-F23L2W055', 'F23L2W055', 'SEIS23_3', '0', '3', '100'),
       ('SSP23_3-F23L2W055', 'F23L2W055', 'SSP23_3', '0', '3', '100'),
       ('PIT23_3-F23L3W133', 'F23L3W133', 'PIT23_3', '0', '7', '100'),
       ('SIIS23_3-F23L3W133', 'F23L3W133', 'SIIS23_3', '0', '7', '100'),
       ('KN23_3-F23L3W133', 'F23L3W133', 'KN23_3', '0', '7', '100'),
       ('KI23_3-F23L3W133', 'F23L3W133', 'KI23_3', '0', '7', '100'),
       ('IMB23_3-F23L3W133', 'F23L3W133', 'IMB23_3', '0', '7', '100'),
       ('SEIS23_3-F23L3W133', 'F23L3W133', 'SEIS23_3', '0', '7', '100'),
       ('SSP23_3-F23L3W133', 'F23L3W133', 'SSP23_3', '0', '7', '100'),
       ('PIT23_3-F23L3W134', 'F23L3W134', 'PIT23_3', '0', '5', '100'),
       ('SIIS23_3-F23L3W134', 'F23L3W134', 'SIIS23_3', '0', '5', '100'),
       ('KN23_3-F23L3W134', 'F23L3W134', 'KN23_3', '0', '5', '100'),
       ('KI23_3-F23L3W134', 'F23L3W134', 'KI23_3', '0', '5', '100'),
       ('IMB23_3-F23L3W134', 'F23L3W134', 'IMB23_3', '0', '5', '100'),
       ('SEIS23_3-F23L3W134', 'F23L3W134', 'SEIS23_3', '0', '5', '100'),
       ('SSP23_3-F23L3W134', 'F23L3W134', 'SSP23_3', '0', '5', '100'),
       ('PIT23_3-F23L3S135', 'F23L3S135', 'PIT23_3', '0', '6', '100'),
       ('SIIS23_3-F23L3S135', 'F23L3S135', 'SIIS23_3', '0', '6', '100'),
       ('KN23_3-F23L3S135', 'F23L3S135', 'KN23_3', '0', '6', '100'),
       ('KI23_3-F23L3S135', 'F23L3S135', 'KI23_3', '0', '6', '100'),
       ('IMB23_3-F23L3S135', 'F23L3S135', 'IMB23_3', '0', '6', '100'),
       ('SEIS23_3-F23L3S135', 'F23L3S135', 'SEIS23_3', '0', '6', '100'),
       ('SSP23_3-F23L3S135', 'F23L3S135', 'SSP23_3', '0', '6', '100'),
       ('PIT23_3-F23L3W137', 'F23L3W137', 'PIT23_3', '0', '7', '100'),
       ('SIIS23_3-F23L3W137', 'F23L3W137', 'SIIS23_3', '0', '7', '100'),
       ('KN23_3-F23L3W137', 'F23L3W137', 'KN23_3', '0', '7', '100'),
       ('KI23_3-F23L3W137', 'F23L3W137', 'KI23_3', '0', '7', '100'),
       ('IMB23_3-F23L3W137', 'F23L3W137', 'IMB23_3', '0', '7', '100'),
       ('SEIS23_3-F23L3W137', 'F23L3W137', 'SEIS23_3', '0', '7', '100'),
       ('SSP23_3-F23L3W137', 'F23L3W137', 'SSP23_3', '0', '7', '100'),
       ('PIT23_3-F23L3S138', 'F23L3S138', 'PIT23_3', '0', '6', '100'),
       ('SIIS23_3-F23L3S138', 'F23L3S138', 'SIIS23_3', '1', '6', '0'),
       ('KN23_3-F23L3S138', 'F23L3S138', 'KN23_3', '0', '6', '100'),
       ('KI23_3-F23L3S138', 'F23L3S138', 'KI23_3', '0', '6', '100'),
       ('IMB23_3-F23L3S138', 'F23L3S138', 'IMB23_3', '0', '6', '100'),
       ('SEIS23_3-F23L3S138', 'F23L3S138', 'SEIS23_3', '1', '6', '0'),
       ('SSP23_3-F23L3S138', 'F23L3S138', 'SSP23_3', '0', '6', '100'),
       ('PIT23_3-F23L3S141', 'F23L3S141', 'PIT23_3', '0', '8', '100'),
       ('SIIS23_3-F23L3S141', 'F23L3S141', 'SIIS23_3', '0', '8', '100'),
       ('KN23_3-F23L3S141', 'F23L3S141', 'KN23_3', '0', '8', '100'),
       ('KI23_3-F23L3S141', 'F23L3S141', 'KI23_3', '0', '8', '100'),
       ('IMB23_3-F23L3S141', 'F23L3S141', 'IMB23_3', '0', '8', '100'),
       ('SEIS23_3-F23L3S141', 'F23L3S141', 'SEIS23_3', '0', '8', '100'),
       ('SSP23_3-F23L3S141', 'F23L3S141', 'SSP23_3', '0', '8', '100'),
       ('PIT23_3-F23L2S015', 'F23L2S015', 'PIT23_3', '0', '2', '100'),
       ('SIIS23_3-F23L2S015', 'F23L2S015', 'SIIS23_3', '1', '2', '0'),
       ('KN23_3-F23L2S015', 'F23L2S015', 'KN23_3', '0', '2', '100'),
       ('KI23_3-F23L2S015', 'F23L2S015', 'KI23_3', '0', '2', '100'),
       ('IMB23_3-F23L2S015', 'F23L2S015', 'IMB23_3', '0', '2', '100'),
       ('SEIS23_3-F23L2S015', 'F23L2S015', 'SEIS23_3', '1', '2', '0'),
       ('SSP23_3-F23L2S015', 'F23L2S015', 'SSP23_3', '0', '2', '100'),
       ('PIT23_3-F23L1S016', 'F23L1S016', 'PIT23_3', '1', '2', '0'),
       ('SIIS23_3-F23L1S016', 'F23L1S016', 'SIIS23_3', '1', '2', '0'),
       ('KN23_3-F23L1S016', 'F23L1S016', 'KN23_3', '1', '2', '0'),
       ('KI23_3-F23L1S016', 'F23L1S016', 'KI23_3', '1', '2', '0'),
       ('IMB23_3-F23L1S016', 'F23L1S016', 'IMB23_3', '1', '2', '0'),
       ('SEIS23_3-F23L1S016', 'F23L1S016', 'SEIS23_3', '1', '2', '0'),
       ('SSP23_3-F23L1S016', 'F23L1S016', 'SSP23_3', '0', '2', '100'),
       ('PIT23_3-F23L3W142', 'F23L3W142', 'PIT23_3', '0', '5', '100'),
       ('SIIS23_3-F23L3W142', 'F23L3W142', 'SIIS23_3', '0', '5', '100'),
       ('KN23_3-F23L3W142', 'F23L3W142', 'KN23_3', '0', '5', '100'),
       ('KI23_3-F23L3W142', 'F23L3W142', 'KI23_3', '0', '5', '100'),
       ('IMB23_3-F23L3W142', 'F23L3W142', 'IMB23_3', '0', '5', '100'),
       ('SEIS23_3-F23L3W142', 'F23L3W142', 'SEIS23_3', '0', '5', '100'),
       ('SSP23_3-F23L3W142', 'F23L3W142', 'SSP23_3', '0', '5', '100'),
       ('PIT23_3-F23L2S017', 'F23L2S017', 'PIT23_3', '1', '4', '0'),
       ('SIIS23_3-F23L2S017', 'F23L2S017', 'SIIS23_3', '1', '4', '0'),
       ('KN23_3-F23L2S017', 'F23L2S017', 'KN23_3', '1', '4', '0'),
       ('KI23_3-F23L2S017', 'F23L2S017', 'KI23_3', '1', '4', '0'),
       ('IMB23_3-F23L2S017', 'F23L2S017', 'IMB23_3', '1', '4', '0'),
       ('SEIS23_3-F23L2S017', 'F23L2S017', 'SEIS23_3', '1', '4', '0'),
       ('SSP23_3-F23L2S017', 'F23L2S017', 'SSP23_3', '0', '4', '100'),
       ('PIT23_3-F23L3W145', 'F23L3W145', 'PIT23_3', '0', '7', '100'),
       ('SIIS23_3-F23L3W145', 'F23L3W145', 'SIIS23_3', '0', '7', '100'),
       ('KN23_3-F23L3W145', 'F23L3W145', 'KN23_3', '0', '7', '100'),
       ('KI23_3-F23L3W145', 'F23L3W145', 'KI23_3', '0', '7', '100'),
       ('IMB23_3-F23L3W145', 'F23L3W145', 'IMB23_3', '0', '7', '100'),
       ('SEIS23_3-F23L3W145', 'F23L3W145', 'SEIS23_3', '0', '7', '100'),
       ('SSP23_3-F23L3W145', 'F23L3W145', 'SSP23_3', '0', '7', '100'),
       ('PIT23_3-F23L1S146', 'F23L1S146', 'PIT23_3', '1', '2', '0'),
       ('SIIS23_3-F23L1S146', 'F23L1S146', 'SIIS23_3', '0', '2', '100'),
       ('KN23_3-F23L1S146', 'F23L1S146', 'KN23_3', '0', '2', '100'),
       ('KI23_3-F23L1S146', 'F23L1S146', 'KI23_3', '0', '2', '100'),
       ('IMB23_3-F23L1S146', 'F23L1S146', 'IMB23_3', '0', '2', '100'),
       ('SEIS23_3-F23L1S146', 'F23L1S146', 'SEIS23_3', '0', '2', '100'),
       ('SSP23_3-F23L1S146', 'F23L1S146', 'SSP23_3', '0', '2', '100'),
       ('PIT23_3-F23L2W147', 'F23L2W147', 'PIT23_3', '0', '3', '100'),
       ('SIIS23_3-F23L2W147', 'F23L2W147', 'SIIS23_3', '0', '3', '100'),
       ('KN23_3-F23L2W147', 'F23L2W147', 'KN23_3', '0', '3', '100'),
       ('KI23_3-F23L2W147', 'F23L2W147', 'KI23_3', '0', '3', '100'),
       ('IMB23_3-F23L2W147', 'F23L2W147', 'IMB23_3', '0', '3', '100'),
       ('SEIS23_3-F23L2W147', 'F23L2W147', 'SEIS23_3', '0', '3', '100'),
       ('SSP23_3-F23L2W147', 'F23L2W147', 'SSP23_3', '0', '3', '100'),
       ('PIT23_3-F23L3W148', 'F23L3W148', 'PIT23_3', '0', '5', '100'),
       ('SIIS23_3-F23L3W148', 'F23L3W148', 'SIIS23_3', '0', '5', '100'),
       ('KN23_3-F23L3W148', 'F23L3W148', 'KN23_3', '0', '5', '100'),
       ('KI23_3-F23L3W148', 'F23L3W148', 'KI23_3', '1', '5', '0'),
       ('IMB23_3-F23L3W148', 'F23L3W148', 'IMB23_3', '0', '5', '100'),
       ('SEIS23_3-F23L3W148', 'F23L3W148', 'SEIS23_3', '0', '5', '100'),
       ('SSP23_3-F23L3W148', 'F23L3W148', 'SSP23_3', '0', '5', '100'),
       ('PIT23_3-F23L2W067', 'F23L2W067', 'PIT23_3', '0', '3', '100'),
       ('SIIS23_3-F23L2W067', 'F23L2W067', 'SIIS23_3', '0', '3', '100'),
       ('KN23_3-F23L2W067', 'F23L2W067', 'KN23_3', '0', '3', '100'),
       ('KI23_3-F23L2W067', 'F23L2W067', 'KI23_3', '0', '3', '100'),
       ('IMB23_3-F23L2W067', 'F23L2W067', 'IMB23_3', '1', '3', '0'),
       ('SEIS23_3-F23L2W067', 'F23L2W067', 'SEIS23_3', '0', '3', '100'),
       ('SSP23_3-F23L2W067', 'F23L2W067', 'SSP23_3', '0', '3', '100'),
       ('PIT23_3-F23L3S039', 'F23L3S039', 'PIT23_3', '0', '6', '100'),
       ('SIIS23_3-F23L3S039', 'F23L3S039', 'SIIS23_3', '0', '6', '100'),
       ('KN23_3-F23L3S039', 'F23L3S039', 'KN23_3', '1', '6', '0'),
       ('KI23_3-F23L3S039', 'F23L3S039', 'KI23_3', '0', '6', '100'),
       ('IMB23_3-F23L3S039', 'F23L3S039', 'IMB23_3', '0', '6', '100'),
       ('SEIS23_3-F23L3S039', 'F23L3S039', 'SEIS23_3', '0', '6', '100'),
       ('SSP23_3-F23L3S039', 'F23L3S039', 'SSP23_3', '0', '6', '100'),
       ('PIT23_3-F23L2S066', 'F23L2S066', 'PIT23_3', '0', '2', '100'),
       ('SIIS23_3-F23L2S066', 'F23L2S066', 'SIIS23_3', '0', '2', '100'),
       ('KN23_3-F23L2S066', 'F23L2S066', 'KN23_3', '0', '2', '100'),
       ('KI23_3-F23L2S066', 'F23L2S066', 'KI23_3', '0', '2', '100'),
       ('IMB23_3-F23L2S066', 'F23L2S066', 'IMB23_3', '1', '2', '0'),
       ('SEIS23_3-F23L2S066', 'F23L2S066', 'SEIS23_3', '0', '2', '100'),
       ('SSP23_3-F23L2S066', 'F23L2S066', 'SSP23_3', '0', '2', '100'),
       ('PIT23_3-F23L3W048', 'F23L3W048', 'PIT23_3', '0', '7', '100'),
       ('SIIS23_3-F23L3W048', 'F23L3W048', 'SIIS23_3', '0', '7', '100'),
       ('KN23_3-F23L3W048', 'F23L3W048', 'KN23_3', '0', '7', '100'),
       ('KI23_3-F23L3W048', 'F23L3W048', 'KI23_3', '1', '7', '0'),
       ('IMB23_3-F23L3W048', 'F23L3W048', 'IMB23_3', '0', '7', '100'),
       ('SEIS23_3-F23L3W048', 'F23L3W048', 'SEIS23_3', '0', '7', '100'),
       ('SSP23_3-F23L3W048', 'F23L3W048', 'SSP23_3', '0', '7', '100'),
       ('PIT23_3-F23L3S157', 'F23L3S157', 'PIT23_3', '0', '6', '100'),
       ('SIIS23_3-F23L3S157', 'F23L3S157', 'SIIS23_3', '0', '6', '100'),
       ('KN23_3-F23L3S157', 'F23L3S157', 'KN23_3', '1', '6', '0'),
       ('KI23_3-F23L3S157', 'F23L3S157', 'KI23_3', '1', '6', '0'),
       ('IMB23_3-F23L3S157', 'F23L3S157', 'IMB23_3', '0', '6', '100'),
       ('SEIS23_3-F23L3S157', 'F23L3S157', 'SEIS23_3', '0', '6', '100'),
       ('SSP23_3-F23L3S157', 'F23L3S157', 'SSP23_3', '0', '6', '100'),
       ('PIT23_3-F23L3S155', 'F23L3S155', 'PIT23_3', '0', '6', '100'),
       ('SIIS23_3-F23L3S155', 'F23L3S155', 'SIIS23_3', '0', '6', '100'),
       ('KN23_3-F23L3S155', 'F23L3S155', 'KN23_3', '0', '6', '100'),
       ('KI23_3-F23L3S155', 'F23L3S155', 'KI23_3', '0', '6', '100'),
       ('IMB23_3-F23L3S155', 'F23L3S155', 'IMB23_3', '0', '6', '100'),
       ('SEIS23_3-F23L3S155', 'F23L3S155', 'SEIS23_3', '0', '6', '100'),
       ('SSP23_3-F23L3S155', 'F23L3S155', 'SSP23_3', '0', '6', '100'),
       ('PIT23_3-F23L3W200', 'F23L3W200', 'PIT23_3', '0', '7', '100'),
       ('SIIS23_3-F23L3W200', 'F23L3W200', 'SIIS23_3', '0', '7', '100'),
       ('KN23_3-F23L3W200', 'F23L3W200', 'KN23_3', '0', '7', '100'),
       ('KI23_3-F23L3W200', 'F23L3W200', 'KI23_3', '0', '7', '100'),
       ('IMB23_3-F23L3W200', 'F23L3W200', 'IMB23_3', '0', '7', '100'),
       ('SEIS23_3-F23L3W200', 'F23L3W200', 'SEIS23_3', '0', '7', '100'),
       ('SSP23_3-F23L3W200', 'F23L3W200', 'SSP23_3', '0', '7', '100'),
       ('PIT23_3-F23L3W065', 'F23L3W065', 'PIT23_3', '0', '5', '100'),
       ('SIIS23_3-F23L3W065', 'F23L3W065', 'SIIS23_3', '0', '5', '100'),
       ('KN23_3-F23L3W065', 'F23L3W065', 'KN23_3', '0', '5', '100'),
       ('KI23_3-F23L3W065', 'F23L3W065', 'KI23_3', '0', '5', '100'),
       ('IMB23_3-F23L3W065', 'F23L3W065', 'IMB23_3', '1', '5', '0'),
       ('SEIS23_3-F23L3W065', 'F23L3W065', 'SEIS23_3', '0', '5', '100'),
       ('SSP23_3-F23L3W065', 'F23L3W065', 'SSP23_3', '0', '5', '100'),
       ('PIT23_3-F23L3S057', 'F23L3S057', 'PIT23_3', '0', '6', '100'),
       ('SIIS23_3-F23L3S057', 'F23L3S057', 'SIIS23_3', '0', '6', '100'),
       ('KN23_3-F23L3S057', 'F23L3S057', 'KN23_3', '0', '6', '100'),
       ('KI23_3-F23L3S057', 'F23L3S057', 'KI23_3', '0', '6', '100'),
       ('IMB23_3-F23L3S057', 'F23L3S057', 'IMB23_3', '0', '6', '100'),
       ('SEIS23_3-F23L3S057', 'F23L3S057', 'SEIS23_3', '0', '6', '100'),
       ('SSP23_3-F23L3S057', 'F23L3S057', 'SSP23_3', '0', '6', '100'),
       ('PIT23_3-F23L3S071', 'F23L3S071', 'PIT23_3', '0', '6', '100'),
       ('SIIS23_3-F23L3S071', 'F23L3S071', 'SIIS23_3', '0', '6', '100'),
       ('KN23_3-F23L3S071', 'F23L3S071', 'KN23_3', '0', '6', '100'),
       ('KI23_3-F23L3S071', 'F23L3S071', 'KI23_3', '0', '6', '100'),
       ('IMB23_3-F23L3S071', 'F23L3S071', 'IMB23_3', '0', '6', '100'),
       ('SEIS23_3-F23L3S071', 'F23L3S071', 'SEIS23_3', '0', '6', '100'),
       ('SSP23_3-F23L3S071', 'F23L3S071', 'SSP23_3', '0', '6', '100'),
       ('PIT23_3-F23L3S047', 'F23L3S047', 'PIT23_3', '0', '6', '100'),
       ('SIIS23_3-F23L3S047', 'F23L3S047', 'SIIS23_3', '0', '6', '100'),
       ('KN23_3-F23L3S047', 'F23L3S047', 'KN23_3', '0', '6', '100'),
       ('KI23_3-F23L3S047', 'F23L3S047', 'KI23_3', '1', '6', '0'),
       ('IMB23_3-F23L3S047', 'F23L3S047', 'IMB23_3', '0', '6', '100'),
       ('SEIS23_3-F23L3S047', 'F23L3S047', 'SEIS23_3', '0', '6', '100'),
       ('SSP23_3-F23L3S047', 'F23L3S047', 'SSP23_3', '0', '6', '100'),
       ('PIT23_3-F23L3W038', 'F23L3W038', 'PIT23_3', '0', '7', '100'),
       ('SIIS23_3-F23L3W038', 'F23L3W038', 'SIIS23_3', '0', '7', '100'),
       ('KN23_3-F23L3W038', 'F23L3W038', 'KN23_3', '1', '7', '0'),
       ('KI23_3-F23L3W038', 'F23L3W038', 'KI23_3', '0', '7', '100'),
       ('IMB23_3-F23L3W038', 'F23L3W038', 'IMB23_3', '0', '7', '100'),
       ('SEIS23_3-F23L3W038', 'F23L3W038', 'SEIS23_3', '0', '7', '100'),
       ('SSP23_3-F23L3W038', 'F23L3W038', 'SSP23_3', '0', '7', '100'),
       ('PIT23_3-F23L3S028', 'F23L3S028', 'PIT23_3', '1', '8', '0'),
       ('SIIS23_3-F23L3S028', 'F23L3S028', 'SIIS23_3', '1', '8', '0'),
       ('KN23_3-F23L3S028', 'F23L3S028', 'KN23_3', '0', '8', '100'),
       ('KI23_3-F23L3S028', 'F23L3S028', 'KI23_3', '0', '8', '100'),
       ('IMB23_3-F23L3S028', 'F23L3S028', 'IMB23_3', '0', '8', '100'),
       ('SEIS23_3-F23L3S028', 'F23L3S028', 'SEIS23_3', '1', '8', '0'),
       ('SSP23_3-F23L3S028', 'F23L3S028', 'SSP23_3', '0', '8', '100'),
       ('PIT23_3-F23L3W068', 'F23L3W068', 'PIT23_3', '0', '7', '100'),
       ('SIIS23_3-F23L3W068', 'F23L3W068', 'SIIS23_3', '0', '7', '100'),
       ('KN23_3-F23L3W068', 'F23L3W068', 'KN23_3', '0', '7', '100'),
       ('KI23_3-F23L3W068', 'F23L3W068', 'KI23_3', '0', '7', '100'),
       ('IMB23_3-F23L3W068', 'F23L3W068', 'IMB23_3', '1', '7', '0'),
       ('SEIS23_3-F23L3W068', 'F23L3W068', 'SEIS23_3', '0', '7', '100'),
       ('SSP23_3-F23L3W068', 'F23L3W068', 'SSP23_3', '0', '7', '100'),
       ('PIT23_3-F23L3S150', 'F23L3S150', 'PIT23_3', '0', '6', '100'),
       ('SIIS23_3-F23L3S150', 'F23L3S150', 'SIIS23_3', '0', '6', '100'),
       ('KN23_3-F23L3S150', 'F23L3S150', 'KN23_3', '0', '6', '100'),
       ('KI23_3-F23L3S150', 'F23L3S150', 'KI23_3', '0', '6', '100'),
       ('IMB23_3-F23L3S150', 'F23L3S150', 'IMB23_3', '0', '6', '100'),
       ('SEIS23_3-F23L3S150', 'F23L3S150', 'SEIS23_3', '0', '6', '100'),
       ('SSP23_3-F23L3S150', 'F23L3S150', 'SSP23_3', '0', '6', '100'),
       ('PIT23_3-F23L3S149', 'F23L3S149', 'PIT23_3', '0', '6', '100'),
       ('SIIS23_3-F23L3S149', 'F23L3S149', 'SIIS23_3', '0', '6', '100'),
       ('KN23_3-F23L3S149', 'F23L3S149', 'KN23_3', '0', '6', '100'),
       ('KI23_3-F23L3S149', 'F23L3S149', 'KI23_3', '0', '6', '100'),
       ('IMB23_3-F23L3S149', 'F23L3S149', 'IMB23_3', '0', '6', '100'),
       ('SEIS23_3-F23L3S149', 'F23L3S149', 'SEIS23_3', '0', '6', '100'),
       ('SSP23_3-F23L3S149', 'F23L3S149', 'SSP23_3', '0', '6', '100'),
       ('PIT23_3-F23L3W037', 'F23L3W037', 'PIT23_3', '0', '5', '100'),
       ('SIIS23_3-F23L3W037', 'F23L3W037', 'SIIS23_3', '0', '5', '100'),
       ('KN23_3-F23L3W037', 'F23L3W037', 'KN23_3', '1', '5', '0'),
       ('KI23_3-F23L3W037', 'F23L3W037', 'KI23_3', '0', '5', '100'),
       ('IMB23_3-F23L3W037', 'F23L3W037', 'IMB23_3', '0', '5', '100'),
       ('SEIS23_3-F23L3W037', 'F23L3W037', 'SEIS23_3', '0', '5', '100'),
       ('SSP23_3-F23L3W037', 'F23L3W037', 'SSP23_3', '0', '5', '100'),
       ('PIT23_3-F23L3S106', 'F23L3S106', 'PIT23_3', '0', '8', '100'),
       ('SIIS23_3-F23L3S106', 'F23L3S106', 'SIIS23_3', '0', '8', '100'),
       ('KN23_3-F23L3S106', 'F23L3S106', 'KN23_3', '0', '8', '100'),
       ('KI23_3-F23L3S106', 'F23L3S106', 'KI23_3', '0', '8', '100'),
       ('IMB23_3-F23L3S106', 'F23L3S106', 'IMB23_3', '0', '8', '100'),
       ('SEIS23_3-F23L3S106', 'F23L3S106', 'SEIS23_3', '0', '8', '100'),
       ('SSP23_3-F23L3S106', 'F23L3S106', 'SSP23_3', '0', '8', '100'),
       ('SIIS23_3-F23L2W001', 'F23L2W001', 'SIIS23_3', '1', '3', '0'),
       ('KN23_3-F23L2W001', 'F23L2W001', 'KN23_3', '1', '3', '0'),
       ('KI23_3-F23L2W001', 'F23L2W001', 'KI23_3', '1', '3', '0'),
       ('SEIS23_3-F23L2W001', 'F23L2W001', 'SEIS23_3', '1', '3', '0'),
       ('PIT23_3-F23L2W201', 'F23L2W201', 'PIT23_3', '1', '3', '0'),
       ('IMB23_3-F23L2W201', 'F23L2W201', 'IMB23_3', '1', '3', '0'),
       ('SSP23_3-F23L2W201', 'F23L2W201', 'SSP23_3', '0', '3', '100'),
       ('PIT23_3-F23L3S159', 'F23L3S159', 'PIT23_3', '0', '6', '100'),
       ('SIIS23_3-F23L3S159', 'F23L3S159', 'SIIS23_3', '0', '6', '100'),
       ('KN23_3-F23L3S159', 'F23L3S159', 'KN23_3', '0', '6', '100'),
       ('KI23_3-F23L3S159', 'F23L3S159', 'KI23_3', '0', '6', '100'),
       ('IMB23_3-F23L3S159', 'F23L3S159', 'IMB23_3', '1', '6', '0'),
       ('SEIS23_3-F23L3S159', 'F23L3S159', 'SEIS23_3', '0', '6', '100'),
       ('SSP23_3-F23L3S159', 'F23L3S159', 'SSP23_3', '0', '6', '100'),
       ('PIT23_3-F23L3S160', 'F23L3S160', 'PIT23_3', '0', '8', '100'),
       ('SIIS23_3-F23L3S160', 'F23L3S160', 'SIIS23_3', '0', '8', '100'),
       ('KN23_3-F23L3S160', 'F23L3S160', 'KN23_3', '0', '8', '100'),
       ('KI23_3-F23L3S160', 'F23L3S160', 'KI23_3', '0', '8', '100'),
       ('IMB23_3-F23L3S160', 'F23L3S160', 'IMB23_3', '0', '8', '100'),
       ('SEIS23_3-F23L3S160', 'F23L3S160', 'SEIS23_3', '0', '8', '100'),
       ('SSP23_3-F23L3S160', 'F23L3S160', 'SSP23_3', '0', '8', '100'),
       ('SIIS23_3-F23L3S019', 'F23L3S019', 'SIIS23_3', '1', '6', '0'),
       ('KN23_3-F23L3S019', 'F23L3S019', 'KN23_3', '0', '6', '100'),
       ('KI23_3-F23L3S019', 'F23L3S019', 'KI23_3', '0', '6', '100'),
       ('IMB23_3-F23L3S019', 'F23L3S019', 'IMB23_3', '0', '6', '100'),
       ('SEIS23_3-F23L3S019', 'F23L3S019', 'SEIS23_3', '1', '6', '0'),
       ('SSP23_3-F23L3S019', 'F23L3S019', 'SSP23_3', '0', '6', '100'),
       ('PIT23_3-F23L2S029', 'F23L2S029', 'PIT23_3', '1', '4', '0'),
       ('KN23_3-F23L2S029', 'F23L2S029', 'KN23_3', '1', '4', '0'),
       ('KI23_3-F23L2S029', 'F23L2S029', 'KI23_3', '1', '4', '0'),
       ('IMB23_3-F23L2S029', 'F23L2S029', 'IMB23_3', '0', '4', '100'),
       ('SSP23_3-F23L2S029', 'F23L2S029', 'SSP23_3', '0', '4', '100'),
       ('PIT23_3-F23L3S162', 'F23L3S162', 'PIT23_3', '0', '8', '100'),
       ('SIIS23_3-F23L3S162', 'F23L3S162', 'SIIS23_3', '0', '8', '100'),
       ('KN23_3-F23L3S162', 'F23L3S162', 'KN23_3', '0', '8', '100'),
       ('KI23_3-F23L3S162', 'F23L3S162', 'KI23_3', '0', '8', '100'),
       ('IMB23_3-F23L3S162', 'F23L3S162', 'IMB23_3', '0', '8', '100'),
       ('SEIS23_3-F23L3S162', 'F23L3S162', 'SEIS23_3', '0', '8', '100'),
       ('SSP23_3-F23L3S162', 'F23L3S162', 'SSP23_3', '0', '8', '100'),
       ('PIT23_3-F23L2S164', 'F23L2S164', 'PIT23_3', '0', '4', '100'),
       ('SIIS23_3-F23L2S164', 'F23L2S164', 'SIIS23_3', '0', '4', '100'),
       ('KN23_3-F23L2S164', 'F23L2S164', 'KN23_3', '0', '4', '100'),
       ('KI23_3-F23L2S164', 'F23L2S164', 'KI23_3', '0', '4', '100'),
       ('IMB23_3-F23L2S164', 'F23L2S164', 'IMB23_3', '0', '4', '100'),
       ('SEIS23_3-F23L2S164', 'F23L2S164', 'SEIS23_3', '0', '4', '100'),
       ('SSP23_3-F23L2S164', 'F23L2S164', 'SSP23_3', '0', '4', '100'),
       ('PIT23_3-F23L3W033', 'F23L3W033', 'PIT23_3', '1', '7', '0'),
       ('KI23_3-F23L3W033', 'F23L3W033', 'KI23_3', '0', '7', '100'),
       ('IMB23_3-F23L3W033', 'F23L3W033', 'IMB23_3', '0', '7', '100'),
       ('SSP23_3-F23L3W033', 'F23L3W033', 'SSP23_3', '0', '7', '100'),
       ('PIT23_3-F23L3S166', 'F23L3S166', 'PIT23_3', '0', '6', '100'),
       ('SIIS23_3-F23L3S166', 'F23L3S166', 'SIIS23_3', '0', '6', '100'),
       ('KN23_3-F23L3S166', 'F23L3S166', 'KN23_3', '0', '6', '100'),
       ('KI23_3-F23L3S166', 'F23L3S166', 'KI23_3', '0', '6', '100'),
       ('IMB23_3-F23L3S166', 'F23L3S166', 'IMB23_3', '0', '6', '100'),
       ('SEIS23_3-F23L3S166', 'F23L3S166', 'SEIS23_3', '0', '6', '100'),
       ('SSP23_3-F23L3S166', 'F23L3S166', 'SSP23_3', '0', '6', '100'),
       ('PIT23_3-F23L2W165', 'F23L2W165', 'PIT23_3', '0', '3', '100'),
       ('SIIS23_3-F23L2W165', 'F23L2W165', 'SIIS23_3', '0', '3', '100'),
       ('KN23_3-F23L2W165', 'F23L2W165', 'KN23_3', '0', '3', '100'),
       ('KI23_3-F23L2W165', 'F23L2W165', 'KI23_3', '0', '3', '100'),
       ('IMB23_3-F23L2W165', 'F23L2W165', 'IMB23_3', '1', '3', '0'),
       ('SEIS23_3-F23L2W165', 'F23L2W165', 'SEIS23_3', '0', '3', '100'),
       ('SSP23_3-F23L2W165', 'F23L2W165', 'SSP23_3', '0', '3', '100'),
       ('PIT23_3-F23L3W098', 'F23L3W098', 'PIT23_3', '0', '7', '100'),
       ('SIIS23_3-F23L3W098', 'F23L3W098', 'SIIS23_3', '0', '7', '100'),
       ('KN23_3-F23L3W098', 'F23L3W098', 'KN23_3', '0', '7', '100'),
       ('KI23_3-F23L3W098', 'F23L3W098', 'KI23_3', '0', '7', '100'),
       ('IMB23_3-F23L3W098', 'F23L3W098', 'IMB23_3', '0', '7', '100'),
       ('SEIS23_3-F23L3W098', 'F23L3W098', 'SEIS23_3', '0', '7', '100'),
       ('SSP23_3-F23L3W098', 'F23L3W098', 'SSP23_3', '0', '7', '100'),
       ('PIT23_3-F23L3S054', 'F23L3S054', 'PIT23_3', '0', '8', '100'),
       ('SIIS23_3-F23L3S054', 'F23L3S054', 'SIIS23_3', '0', '8', '100'),
       ('KN23_3-F23L3S054', 'F23L3S054', 'KN23_3', '0', '8', '100'),
       ('KI23_3-F23L3S054', 'F23L3S054', 'KI23_3', '0', '8', '100'),
       ('IMB23_3-F23L3S054', 'F23L3S054', 'IMB23_3', '0', '8', '100'),
       ('SEIS23_3-F23L3S054', 'F23L3S054', 'SEIS23_3', '0', '8', '100'),
       ('SSP23_3-F23L3S054', 'F23L3S054', 'SSP23_3', '0', '8', '100'),
       ('PIT23_3-F23L2W014', 'F23L2W014', 'PIT23_3', '1', '3', '0'),
       ('SIIS23_3-F23L2W014', 'F23L2W014', 'SIIS23_3', '1', '3', '0'),
       ('KN23_3-F23L2W014', 'F23L2W014', 'KN23_3', '1', '3', '0'),
       ('SEIS23_3-F23L2W014', 'F23L2W014', 'SEIS23_3', '1', '3', '0'),
       ('SSP23_3-F23L2W014', 'F23L2W014', 'SSP23_3', '0', '3', '100'),
       ('PIT23_3-F23L2S030', 'F23L2S030', 'PIT23_3', '0', '4', '100'),
       ('SIIS23_3-F23L2S030', 'F23L2S030', 'SIIS23_3', '1', '4', '0'),
       ('KN23_3-F23L2S030', 'F23L2S030', 'KN23_3', '1', '4', '0'),
       ('KI23_3-F23L2S030', 'F23L2S030', 'KI23_3', '0', '4', '100'),
       ('IMB23_3-F23L2S030', 'F23L2S030', 'IMB23_3', '0', '4', '100'),
       ('SEIS23_3-F23L2S030', 'F23L2S030', 'SEIS23_3', '1', '4', '0'),
       ('SSP23_3-F23L2S030', 'F23L2S030', 'SSP23_3', '0', '4', '100'),
       ('PIT23_3-F23L3W021', 'F23L3W021', 'PIT23_3', '1', '7', '0'),
       ('SIIS23_3-F23L3W021', 'F23L3W021', 'SIIS23_3', '1', '7', '0'),
       ('KN23_3-F23L3W021', 'F23L3W021', 'KN23_3', '1', '7', '0'),
       ('KI23_3-F23L3W021', 'F23L3W021', 'KI23_3', '1', '7', '0'),
       ('IMB23_3-F23L3W021', 'F23L3W021', 'IMB23_3', '1', '7', '0'),
       ('SEIS23_3-F23L3W021', 'F23L3W021', 'SEIS23_3', '1', '7', '0'),
       ('SSP23_3-F23L3W021', 'F23L3W021', 'SSP23_3', '0', '7', '100'),
       ('PIT23_3-F23L3S100', 'F23L3S100', 'PIT23_3', '1', '4', '0'),
       ('SIIS23_3-F23L3S100', 'F23L3S100', 'SIIS23_3', '1', '4', '0'),
       ('KN23_3-F23L3S100', 'F23L3S100', 'KN23_3', '0', '4', '100'),
       ('KI23_3-F23L3S100', 'F23L3S100', 'KI23_3', '0', '4', '100'),
       ('IMB23_3-F23L3S100', 'F23L3S100', 'IMB23_3', '0', '4', '100'),
       ('SEIS23_3-F23L3S100', 'F23L3S100', 'SEIS23_3', '1', '4', '0'),
       ('SSP23_3-F23L3S100', 'F23L3S100', 'SSP23_3', '0', '4', '100'),
       ('PIT23_3-F23L3S063', 'F23L3S063', 'PIT23_3', '0', '8', '100'),
       ('SIIS23_3-F23L3S063', 'F23L3S063', 'SIIS23_3', '0', '8', '100'),
       ('KN23_3-F23L3S063', 'F23L3S063', 'KN23_3', '0', '8', '100'),
       ('KI23_3-F23L3S063', 'F23L3S063', 'KI23_3', '0', '8', '100'),
       ('IMB23_3-F23L3S063', 'F23L3S063', 'IMB23_3', '1', '8', '0'),
       ('SEIS23_3-F23L3S063', 'F23L3S063', 'SEIS23_3', '0', '8', '100'),
       ('SSP23_3-F23L3S063', 'F23L3S063', 'SSP23_3', '0', '8', '100'),
       ('PIT23_3-F23L3W004', 'F23L3W004', 'PIT23_3', '1', '5', '0'),
       ('SIIS23_3-F23L3W004', 'F23L3W004', 'SIIS23_3', '1', '5', '0'),
       ('KN23_3-F23L3W004', 'F23L3W004', 'KN23_3', '1', '5', '0'),
       ('KI23_3-F23L3W004', 'F23L3W004', 'KI23_3', '1', '5', '0'),
       ('IMB23_3-F23L3W004', 'F23L3W004', 'IMB23_3', '1', '5', '0'),
       ('SEIS23_3-F23L3W004', 'F23L3W004', 'SEIS23_3', '1', '5', '0'),
       ('SSP23_3-F23L3W004', 'F23L3W004', 'SSP23_3', '0', '5', '100'),
       ('PIT23_3-F23L3W027', 'F23L3W027', 'PIT23_3', '1', '7', '0'),
       ('SIIS23_3-F23L3W027', 'F23L3W027', 'SIIS23_3', '0', '7', '100'),
       ('KN23_3-F23L3W027', 'F23L3W027', 'KN23_3', '0', '7', '100'),
       ('KI23_3-F23L3W027', 'F23L3W027', 'KI23_3', '0', '7', '100'),
       ('IMB23_3-F23L3W027', 'F23L3W027', 'IMB23_3', '0', '7', '100'),
       ('SEIS23_3-F23L3W027', 'F23L3W027', 'SEIS23_3', '0', '7', '100'),
       ('SSP23_3-F23L3W027', 'F23L3W027', 'SSP23_3', '0', '7', '100'),
       ('PIT23_3-F23L3W140', 'F23L3W140', 'PIT23_3', '0', '5', '100'),
       ('SIIS23_3-F23L3W140', 'F23L3W140', 'SIIS23_3', '1', '5', '0'),
       ('KN23_3-F23L3W140', 'F23L3W140', 'KN23_3', '1', '5', '0'),
       ('KI23_3-F23L3W140', 'F23L3W140', 'KI23_3', '0', '5', '100'),
       ('IMB23_3-F23L3W140', 'F23L3W140', 'IMB23_3', '0', '5', '100'),
       ('SEIS23_3-F23L3W140', 'F23L3W140', 'SEIS23_3', '1', '5', '0'),
       ('SSP23_3-F23L3W140', 'F23L3W140', 'SSP23_3', '0', '5', '100'),
       ('PIT23_3-F23L3W161', 'F23L3W161', 'PIT23_3', '0', '5', '100'),
       ('SIIS23_3-F23L3W161', 'F23L3W161', 'SIIS23_3', '0', '5', '100'),
       ('KN23_3-F23L3W161', 'F23L3W161', 'KN23_3', '0', '5', '100'),
       ('KI23_3-F23L3W161', 'F23L3W161', 'KI23_3', '0', '5', '100'),
       ('IMB23_3-F23L3W161', 'F23L3W161', 'IMB23_3', '0', '5', '100'),
       ('SEIS23_3-F23L3W161', 'F23L3W161', 'SEIS23_3', '0', '5', '100'),
       ('SSP23_3-F23L3W161', 'F23L3W161', 'SSP23_3', '0', '5', '100'),
       ('PIT23_3-F23L3S059', 'F23L3S059', 'PIT23_3', '0', '6', '100'),
       ('SIIS23_3-F23L3S059', 'F23L3S059', 'SIIS23_3', '0', '6', '100'),
       ('KN23_3-F23L3S059', 'F23L3S059', 'KN23_3', '0', '6', '100'),
       ('KI23_3-F23L3S059', 'F23L3S059', 'KI23_3', '0', '6', '100'),
       ('IMB23_3-F23L3S059', 'F23L3S059', 'IMB23_3', '1', '6', '0'),
       ('SEIS23_3-F23L3S059', 'F23L3S059', 'SEIS23_3', '0', '6', '100'),
       ('SSP23_3-F23L3S059', 'F23L3S059', 'SSP23_3', '0', '6', '100'),
       ('PIT23_3-F23L3W050', 'F23L3W050', 'PIT23_3', '0', '5', '100'),
       ('SIIS23_3-F23L3W050', 'F23L3W050', 'SIIS23_3', '0', '5', '100'),
       ('KN23_3-F23L3W050', 'F23L3W050', 'KN23_3', '0', '5', '100'),
       ('KI23_3-F23L3W050', 'F23L3W050', 'KI23_3', '0', '5', '100'),
       ('IMB23_3-F23L3W050', 'F23L3W050', 'IMB23_3', '0', '5', '100'),
       ('SEIS23_3-F23L3W050', 'F23L3W050', 'SEIS23_3', '0', '5', '100'),
       ('SSP23_3-F23L3W050', 'F23L3W050', 'SSP23_3', '0', '5', '100'),
       ('PIT23_3-F23L3W089', 'F23L3W089', 'PIT23_3', '0', '7', '100'),
       ('SIIS23_3-F23L3W089', 'F23L3W089', 'SIIS23_3', '0', '7', '100'),
       ('KN23_3-F23L3W089', 'F23L3W089', 'KN23_3', '0', '7', '100'),
       ('KI23_3-F23L3W089', 'F23L3W089', 'KI23_3', '0', '7', '100'),
       ('IMB23_3-F23L3W089', 'F23L3W089', 'IMB23_3', '0', '7', '100'),
       ('SEIS23_3-F23L3W089', 'F23L3W089', 'SEIS23_3', '0', '7', '100'),
       ('SSP23_3-F23L3W089', 'F23L3W089', 'SSP23_3', '0', '7', '100'),
       ('PIT23_3-F23L3W123', 'F23L3W123', 'PIT23_3', '0', '7', '100'),
       ('SIIS23_3-F23L3W123', 'F23L3W123', 'SIIS23_3', '0', '7', '100'),
       ('KN23_3-F23L3W123', 'F23L3W123', 'KN23_3', '0', '7', '100'),
       ('KI23_3-F23L3W123', 'F23L3W123', 'KI23_3', '0', '7', '100'),
       ('IMB23_3-F23L3W123', 'F23L3W123', 'IMB23_3', '0', '7', '100'),
       ('SEIS23_3-F23L3W123', 'F23L3W123', 'SEIS23_3', '0', '7', '100'),
       ('SSP23_3-F23L3W123', 'F23L3W123', 'SSP23_3', '0', '7', '100'),
       ('PIT23_3-F23L3W154', 'F23L3W154', 'PIT23_3', '0', '7', '100'),
       ('SIIS23_3-F23L3W154', 'F23L3W154', 'SIIS23_3', '0', '7', '100'),
       ('KN23_3-F23L3W154', 'F23L3W154', 'KN23_3', '0', '7', '100'),
       ('KI23_3-F23L3W154', 'F23L3W154', 'KI23_3', '0', '7', '100'),
       ('IMB23_3-F23L3W154', 'F23L3W154', 'IMB23_3', '0', '7', '100'),
       ('SEIS23_3-F23L3W154', 'F23L3W154', 'SEIS23_3', '0', '7', '100'),
       ('SSP23_3-F23L3W154', 'F23L3W154', 'SSP23_3', '0', '7', '100'),
       ('SSP23_3-F23L1W003', 'F23L1W003', 'SSP23_3', '1', '1', '0'),
       ('KI23_3-F23L2W041', 'F23L2W041', 'KI23_3', '1', '1', '0'),
       ('KN23_3-F23L2W031', 'F23L2W031', 'KN23_3', '1', '1', '0'),
       ('PIT23_3-F23L2W003', 'F23L2W003', 'PIT23_3', '1', '1', '0'),
       ('SIIS23_3-F23L2W002', 'F23L2W002', 'SIIS23_3', '1', '1', '0'),
       ('IMB23_3-F23L2W002', 'F23L2W002', 'IMB23_3', '1', '1', '0'),
       ('SEIS23_3-F23L2W002', 'F23L2W002', 'SEIS23_3', '1', '1', '0'),
       ('SIIS23_3-F23L2S001', 'F23L2S001', 'SIIS23_3', '1', '2', '0'),
       ('IMB23_3-F23L2S001', 'F23L2S001', 'IMB23_3', '1', '2', '0'),
       ('SEIS23_3-F23L2S001', 'F23L2S001', 'SEIS23_3', '1', '2', '0'),
       ('KN23_3-F23L2S034', 'F23L2S034', 'KN23_3', '1', '2', '0'),
       ('KI23_3-F23L2S034', 'F23L2S034', 'KI23_3', '1', '2', '0'),
       ('KN23_3-F23L2S032', 'F23L2S032', 'KN23_3', '1', '2', '0'),
       ('KI23_3-F23L2S011', 'F23L2S011', 'KI23_3', '1', '2', '0'),
       ('PIT23_3-F23L1S023', 'F23L1S023', 'PIT23_3', '1', '2', '0'),
       ('PIT23_3-F23L1S003', 'F23L1S003', 'PIT23_3', '1', '2', '0'),
       ('SIIS23_3-F23L1S003', 'F23L1S003', 'SIIS23_3', '1', '2', '0'),
       ('KN23_3-F23L1S003', 'F23L1S003', 'KN23_3', '1', '2', '0'),
       ('SEIS23_3-F23L1S003', 'F23L1S003', 'SEIS23_3', '1', '2', '0'),
       ('PIT23_3-F23L1W005', 'F23L1W005', 'PIT23_3', '1', '1', '0'),
       ('SIIS23_3-F23L1W005', 'F23L1W005', 'SIIS23_3', '1', '1', '0'),
       ('IMB23_3-F23L1W005', 'F23L1W005', 'IMB23_3', '1', '1', '0'),
       ('SEIS23_3-F23L1W005', 'F23L1W005', 'SEIS23_3', '1', '1', '0'),
       ('KN23_3-F23L2W033', 'F23L2W033', 'KN23_3', '1', '1', '0'),
       ('KI23_3-F23L2W033', 'F23L2W033', 'KI23_3', '1', '1', '0'),
       ('PIT23_3-F23L1W018', 'F23L1W018', 'PIT23_3', '1', '1', '0'),
       ('SIIS23_3-F23L1W018', 'F23L1W018', 'SIIS23_3', '1', '1', '0'),
       ('KN23_3-F23L1W018', 'F23L1W018', 'KN23_3', '1', '1', '0'),
       ('KI23_3-F23L1W018', 'F23L1W018', 'KI23_3', '1', '1', '0'),
       ('IMB23_3-F23L1W018', 'F23L1W018', 'IMB23_3', '1', '1', '0'),
       ('SEIS23_3-F23L1W018', 'F23L1W018', 'SEIS23_3', '1', '1', '0'),
       ('PIT23_3-F23L1W004', 'F23L1W004', 'PIT23_3', '1', '1', '0'),
       ('SIIS23_3-F23L1W004', 'F23L1W004', 'SIIS23_3', '1', '1', '0'),
       ('KN23_3-F23L1W004', 'F23L1W004', 'KN23_3', '1', '1', '0'),
       ('KI23_3-F23L1W004', 'F23L1W004', 'KI23_3', '1', '1', '0'),
       ('IMB23_3-F23L1W004', 'F23L1W004', 'IMB23_3', '1', '1', '0'),
       ('SEIS23_3-F23L1W004', 'F23L1W004', 'SEIS23_3', '1', '1', '0'),
       ('KI23_3-F23L2W049', 'F23L2W049', 'KI23_3', '1', '1', '0'),
       ('PIT23_3-F23L1W007', 'F23L1W007', 'PIT23_3', '1', '1', '0'),
       ('SIIS23_3-F23L1W007', 'F23L1W007', 'SIIS23_3', '1', '1', '0'),
       ('KN23_3-F23L1W007', 'F23L1W007', 'KN23_3', '1', '1', '0'),
       ('IMB23_3-F23L1W007', 'F23L1W007', 'IMB23_3', '1', '1', '0'),
       ('SEIS23_3-F23L1W007', 'F23L1W007', 'SEIS23_3', '1', '1', '0'),
       ('SSP23_3-F23L1W007', 'F23L1W007', 'SSP23_3', '1', '1', '0');


insert into study_program_subject_professor (id, study_program_subject_id, professor_id, "order")
values ('SEIS23_3-F23L1S003-aleksandra.kanevche', 'SEIS23_3-F23L1S003', 'aleksandra.kanevche', '53'),
       ('SEIS23_3-F23L1S003-biljana.stojkoska', 'SEIS23_3-F23L1S003', 'biljana.stojkoska', '35'),
       ('SEIS23_3-F23L1S003-dejan.spasov', 'SEIS23_3-F23L1S003', 'dejan.spasov', '25'),
       ('SEIS23_3-F23L1S003-igor.mishkovski', 'SEIS23_3-F23L1S003', 'igor.mishkovski', '28'),
       ('SEIS23_3-F23L1S003-ljupcho.antovski', 'SEIS23_3-F23L1S003', 'ljupcho.antovski', '12'),
       ('SEIS23_3-F23L1S003-magdalena.kostoska', 'SEIS23_3-F23L1S003', 'magdalena.kostoska', '40'),
       ('SEIS23_3-F23L1S003-marjan.gushev', 'SEIS23_3-F23L1S003', 'marjan.gushev', '2'),
       ('SEIS23_3-F23L1S003-miroslav.mirchev', 'SEIS23_3-F23L1S003', 'miroslav.mirchev', '38'),
       ('SEIS23_3-F23L1S003-sasho.gramatikov', 'SEIS23_3-F23L1S003', 'sasho.gramatikov', '37'),
       ('SEIS23_3-F23L1S003-vladimir.zdraveski', 'SEIS23_3-F23L1S003', 'vladimir.zdraveski', '52'),
       ('SEIS23_3-F23L1S016-ana.madevska', 'SEIS23_3-F23L1S016', 'ana.madevska', '9'),
       ('SEIS23_3-F23L1S016-boban.joksimoski', 'SEIS23_3-F23L1S016', 'boban.joksimoski', '57'),
       ('SEIS23_3-F23L1S016-dejan.gjorgjevikj', 'SEIS23_3-F23L1S016', 'dejan.gjorgjevikj', '10'),
       ('SEIS23_3-F23L1S016-emil.stankov', 'SEIS23_3-F23L1S016', 'emil.stankov', '54'),
       ('SEIS23_3-F23L1S016-gjorgji.madjarov', 'SEIS23_3-F23L1S016', 'gjorgji.madjarov', '29'),
       ('SEIS23_3-F23L1S016-hristina.mihajloska', 'SEIS23_3-F23L1S016', 'hristina.mihajloska', '48'),
       ('SEIS23_3-F23L1S016-ivan.chorbev', 'SEIS23_3-F23L1S016', 'ivan.chorbev', '20'),
       ('SEIS23_3-F23L1S016-ivica.dimitrovski', 'SEIS23_3-F23L1S016', 'ivica.dimitrovski', '27'),
       ('SEIS23_3-F23L1S016-katarina.trojacanec', 'SEIS23_3-F23L1S016', 'katarina.trojacanec', '55'),
       ('SEIS23_3-F23L1S016-nevena.ackovska', 'SEIS23_3-F23L1S016', 'nevena.ackovska', '16'),
       ('SEIS23_3-F23L1S026-biljana.stojkoska', 'SEIS23_3-F23L1S026', 'biljana.stojkoska', '35'),
       ('SEIS23_3-F23L1S026-smilka.janeska', 'SEIS23_3-F23L1S026', 'smilka.janeska', '30'),
       ('SEIS23_3-F23L1S052-mile.jovanov', 'SEIS23_3-F23L1S052', 'mile.jovanov', '34'),
       ('SEIS23_3-F23L1S116-andreja.naumoski', 'SEIS23_3-F23L1S116', 'andreja.naumoski', '45'),
       ('SEIS23_3-F23L1S116-kosta.mitreski', 'SEIS23_3-F23L1S116', 'kosta.mitreski', '6'),
       ('SEIS23_3-F23L1S120-sonja.filiposka', 'SEIS23_3-F23L1S120', 'sonja.filiposka', '19'),
       ('SEIS23_3-F23L1S120-vladimir.trajkovik', 'SEIS23_3-F23L1S120', 'vladimir.trajkovik', '8'),
       ('SEIS23_3-F23L1S146-boban.joksimoski', 'SEIS23_3-F23L1S146', 'boban.joksimoski', '57'),
       ('SEIS23_3-F23L1S146-goce.armenski', 'SEIS23_3-F23L1S146', 'goce.armenski', '24'),
       ('SEIS23_3-F23L1S146-ivan.chorbev', 'SEIS23_3-F23L1S146', 'ivan.chorbev', '20'),
       ('SEIS23_3-F23L1S146-ivan.kitanovski', 'SEIS23_3-F23L1S146', 'ivan.kitanovski', '50'),
       ('SEIS23_3-F23L1S146-slobodan.kalajdziski', 'SEIS23_3-F23L1S146', 'slobodan.kalajdziski', '15'),
       ('SEIS23_3-F23L1W005-georgina.mirceva', 'SEIS23_3-F23L1W005', 'georgina.mirceva', '39'),
       ('SEIS23_3-F23L1W005-riste.stojanov', 'SEIS23_3-F23L1W005', 'riste.stojanov', '56'),
       ('SEIS23_3-F23L1W005-smilka.janeska', 'SEIS23_3-F23L1W005', 'smilka.janeska', '30'),
       ('SEIS23_3-F23L1W005-vladimir.zdraveski', 'SEIS23_3-F23L1W005', 'vladimir.zdraveski', '52'),
       ('SEIS23_3-F23L1W007-biljana.stojkoska', 'SEIS23_3-F23L1W007', 'biljana.stojkoska', '35'),
       ('SEIS23_3-F23L1W007-bojana.koteska', 'SEIS23_3-F23L1W007', 'bojana.koteska', '0'),
       ('SEIS23_3-F23L1W007-emil.stankov', 'SEIS23_3-F23L1W007', 'emil.stankov', '54'),
       ('SEIS23_3-F23L1W007-ivan.kitanovski', 'SEIS23_3-F23L1W007', 'ivan.kitanovski', '50'),
       ('SEIS23_3-F23L1W007-katerina.zdravkova', 'SEIS23_3-F23L1W007', 'katerina.zdravkova', '3'),
       ('SEIS23_3-F23L1W007-kosta.mitreski', 'SEIS23_3-F23L1W007', 'kosta.mitreski', '6'),
       ('SEIS23_3-F23L1W007-pance.ribarski', 'SEIS23_3-F23L1W007', 'pance.ribarski', '47'),
       ('SEIS23_3-F23L1W018-andreja.naumoski', 'SEIS23_3-F23L1W018', 'andreja.naumoski', '45'),
       ('SEIS23_3-F23L1W018-biljana.stojkoska', 'SEIS23_3-F23L1W018', 'biljana.stojkoska', '35'),
       ('SEIS23_3-F23L1W018-kire.trivodaliev', 'SEIS23_3-F23L1W018', 'kire.trivodaliev', '36'),
       ('SEIS23_3-F23L1W018-lasko.basnarkov', 'SEIS23_3-F23L1W018', 'lasko.basnarkov', '21'),
       ('SEIS23_3-F23L1W018-magdalena.kostoska', 'SEIS23_3-F23L1W018', 'magdalena.kostoska', '40'),
       ('SEIS23_3-F23L1W018-pance.ribarski', 'SEIS23_3-F23L1W018', 'pance.ribarski', '47'),
       ('SEIS23_3-F23L1W020-ana.madevska', 'SEIS23_3-F23L1W020', 'ana.madevska', '9'),
       ('SEIS23_3-F23L1W020-boban.joksimoski', 'SEIS23_3-F23L1W020', 'boban.joksimoski', '57'),
       ('SEIS23_3-F23L1W020-dejan.gjorgjevikj', 'SEIS23_3-F23L1W020', 'dejan.gjorgjevikj', '10'),
       ('SEIS23_3-F23L1W020-emil.stankov', 'SEIS23_3-F23L1W020', 'emil.stankov', '54'),
       ('SEIS23_3-F23L1W020-gjorgji.madjarov', 'SEIS23_3-F23L1W020', 'gjorgji.madjarov', '29'),
       ('SEIS23_3-F23L1W020-hristina.mihajloska', 'SEIS23_3-F23L1W020', 'hristina.mihajloska', '48'),
       ('SEIS23_3-F23L1W020-ivan.chorbev', 'SEIS23_3-F23L1W020', 'ivan.chorbev', '20'),
       ('SEIS23_3-F23L1W020-ivica.dimitrovski', 'SEIS23_3-F23L1W020', 'ivica.dimitrovski', '27'),
       ('SEIS23_3-F23L1W020-katarina.trojacanec', 'SEIS23_3-F23L1W020', 'katarina.trojacanec', '55'),
       ('SEIS23_3-F23L1W020-mile.jovanov', 'SEIS23_3-F23L1W020', 'mile.jovanov', '34'),
       ('SEIS23_3-F23L1W020-nevena.ackovska', 'SEIS23_3-F23L1W020', 'nevena.ackovska', '16'),
       ('SEIS23_3-F23L2S001-aleksandra.popovska', 'SEIS23_3-F23L2S001', 'aleksandra.popovska', '41'),
       ('SEIS23_3-F23L2S001-biljana.tojtovska', 'SEIS23_3-F23L2S001', 'biljana.tojtovska', '42'),
       ('SEIS23_3-F23L2S001-bojan.ilijoski', 'SEIS23_3-F23L2S001', 'bojan.ilijoski', '59'),
       ('SEIS23_3-F23L2S001-dejan.spasov', 'SEIS23_3-F23L2S001', 'dejan.spasov', '25'),
       ('SEIS23_3-F23L2S001-emil.stankov', 'SEIS23_3-F23L2S001', 'emil.stankov', '54'),
       ('SEIS23_3-F23L2S001-ilinka.ivanoska', 'SEIS23_3-F23L2S001', 'ilinka.ivanoska', '58'),
       ('SEIS23_3-F23L2S001-marija.mihova', 'SEIS23_3-F23L2S001', 'marija.mihova', '14'),
       ('SEIS23_3-F23L2S001-metodija.jancheski', 'SEIS23_3-F23L2S001', 'metodija.jancheski', '0'),
       ('SEIS23_3-F23L2S001-natasa.ilievska', 'SEIS23_3-F23L2S001', 'natasa.ilievska', '43'),
       ('SEIS23_3-F23L2S001-vesna.dimitrievska', 'SEIS23_3-F23L2S001', 'vesna.dimitrievska', '33'),
       ('SEIS23_3-F23L2S002-eftim.zdravevski', 'SEIS23_3-F23L2S002', 'eftim.zdravevski', '49'),
       ('SEIS23_3-F23L2S002-georgina.mirceva', 'SEIS23_3-F23L2S002', 'georgina.mirceva', '39'),
       ('SEIS23_3-F23L2S002-ljupcho.antovski', 'SEIS23_3-F23L2S002', 'ljupcho.antovski', '12'),
       ('SEIS23_3-F23L2S015-biljana.stojkoska', 'SEIS23_3-F23L2S015', 'biljana.stojkoska', '35'),
       ('SEIS23_3-F23L2S015-bojana.koteska', 'SEIS23_3-F23L2S015', 'bojana.koteska', '0'),
       ('SEIS23_3-F23L2S015-ilinka.ivanoska', 'SEIS23_3-F23L2S015', 'ilinka.ivanoska', '58'),
       ('SEIS23_3-F23L2S015-kire.trivodaliev', 'SEIS23_3-F23L2S015', 'kire.trivodaliev', '36'),
       ('SEIS23_3-F23L2S015-slobodan.kalajdziski', 'SEIS23_3-F23L2S015', 'slobodan.kalajdziski', '15'),
       ('SEIS23_3-F23L2S017-boro.jakimovski', 'SEIS23_3-F23L2S017', 'boro.jakimovski', '22'),
       ('SEIS23_3-F23L2S017-dimitar.trajanov', 'SEIS23_3-F23L2S017', 'dimitar.trajanov', '11'),
       ('SEIS23_3-F23L2S017-igor.mishkovski', 'SEIS23_3-F23L2S017', 'igor.mishkovski', '28'),
       ('SEIS23_3-F23L2S017-milos.jovanovik', 'SEIS23_3-F23L2S017', 'milos.jovanovik', '46'),
       ('SEIS23_3-F23L2S017-nevena.ackovska', 'SEIS23_3-F23L2S017', 'nevena.ackovska', '16'),
       ('SEIS23_3-F23L2S017-riste.stojanov', 'SEIS23_3-F23L2S017', 'riste.stojanov', '56'),
       ('SEIS23_3-F23L2S017-sasho.gramatikov', 'SEIS23_3-F23L2S017', 'sasho.gramatikov', '37'),
       ('SEIS23_3-F23L2S017-vesna.dimitrova', 'SEIS23_3-F23L2S017', 'vesna.dimitrova', '23'),
       ('SEIS23_3-F23L2S030-andrea.kulakov', 'SEIS23_3-F23L2S030', 'andrea.kulakov', '13'),
       ('SEIS23_3-F23L2S030-georgina.mirceva', 'SEIS23_3-F23L2S030', 'georgina.mirceva', '39'),
       ('SEIS23_3-F23L2S030-ilinka.ivanoska', 'SEIS23_3-F23L2S030', 'ilinka.ivanoska', '58'),
       ('SEIS23_3-F23L2S030-kire.trivodaliev', 'SEIS23_3-F23L2S030', 'kire.trivodaliev', '36'),
       ('SEIS23_3-F23L2S030-petre.lameski', 'SEIS23_3-F23L2S030', 'petre.lameski', '51'),
       ('SEIS23_3-F23L2S030-sonja.gievska', 'SEIS23_3-F23L2S030', 'sonja.gievska', '26'),
       ('SEIS23_3-F23L2S042-andreja.naumoski', 'SEIS23_3-F23L2S042', 'andreja.naumoski', '45'),
       ('SEIS23_3-F23L2S042-kosta.mitreski', 'SEIS23_3-F23L2S042', 'kosta.mitreski', '6'),
       ('SEIS23_3-F23L2S051-emil.stankov', 'SEIS23_3-F23L2S051', 'emil.stankov', '54'),
       ('SEIS23_3-F23L2S051-mile.jovanov', 'SEIS23_3-F23L2S051', 'mile.jovanov', '34'),
       ('SEIS23_3-F23L2S061-anastas.mishev', 'SEIS23_3-F23L2S061', 'anastas.mishev', '18'),
       ('SEIS23_3-F23L2S061-sonja.filiposka', 'SEIS23_3-F23L2S061', 'sonja.filiposka', '19'),
       ('SEIS23_3-F23L2S066-anastas.mishev', 'SEIS23_3-F23L2S066', 'anastas.mishev', '18'),
       ('SEIS23_3-F23L2S066-sonja.filiposka', 'SEIS23_3-F23L2S066', 'sonja.filiposka', '19'),
       ('SEIS23_3-F23L2S082-dejan.gjorgjevikj', 'SEIS23_3-F23L2S082', 'dejan.gjorgjevikj', '10'),
       ('SEIS23_3-F23L2S084-andreja.naumoski', 'SEIS23_3-F23L2S084', 'andreja.naumoski', '45'),
       ('SEIS23_3-F23L2S084-kosta.mitreski', 'SEIS23_3-F23L2S084', 'kosta.mitreski', '6'),
       ('SEIS23_3-F23L2S090-verica.bakeva', 'SEIS23_3-F23L2S090', 'verica.bakeva', '7'),
       ('SEIS23_3-F23L2S095-andrea.kulakov', 'SEIS23_3-F23L2S095', 'andrea.kulakov', '13'),
       ('SEIS23_3-F23L2S095-ivica.dimitrovski', 'SEIS23_3-F23L2S095', 'ivica.dimitrovski', '27'),
       ('SEIS23_3-F23L2S097-marija.mihova', 'SEIS23_3-F23L2S097', 'marija.mihova', '14'),
       ('SEIS23_3-F23L2S099-georgina.mirceva', 'SEIS23_3-F23L2S099', 'georgina.mirceva', '39'),
       ('SEIS23_3-F23L2S099-smilka.janeska', 'SEIS23_3-F23L2S099', 'smilka.janeska', '30'),
       ('SEIS23_3-F23L2S110-goce.armenski', 'SEIS23_3-F23L2S110', 'goce.armenski', '24'),
       ('SEIS23_3-F23L2S110-magdalena.kostoska', 'SEIS23_3-F23L2S110', 'magdalena.kostoska', '40'),
       ('SEIS23_3-F23L2S110-vangel.ajanovski', 'SEIS23_3-F23L2S110', 'vangel.ajanovski', '32'),
       ('SEIS23_3-F23L2S114-boban.joksimoski', 'SEIS23_3-F23L2S114', 'boban.joksimoski', '57'),
       ('SEIS23_3-F23L2S114-suzana.loshkovska', 'SEIS23_3-F23L2S114', 'suzana.loshkovska', '4'),
       ('SEIS23_3-F23L2S114-vangel.ajanovski', 'SEIS23_3-F23L2S114', 'vangel.ajanovski', '32'),
       ('SEIS23_3-F23L2S119-goran.velinov', 'SEIS23_3-F23L2S119', 'goran.velinov', '17'),
       ('SEIS23_3-F23L2S119-vladimir.zdraveski', 'SEIS23_3-F23L2S119', 'vladimir.zdraveski', '52'),
       ('SEIS23_3-F23L2S124-vladimir.trajkovik', 'SEIS23_3-F23L2S124', 'vladimir.trajkovik', '8'),
       ('SEIS23_3-F23L2S164-aleksandra.popovska', 'SEIS23_3-F23L2S164', 'aleksandra.popovska', '41'),
       ('SEIS23_3-F23L2S164-verica.bakeva', 'SEIS23_3-F23L2S164', 'verica.bakeva', '7'),
       ('SEIS23_3-F23L2W001-ana.madevska', 'SEIS23_3-F23L2W001', 'ana.madevska', '9'),
       ('SEIS23_3-F23L2W001-bojana.koteska', 'SEIS23_3-F23L2W001', 'bojana.koteska', '0'),
       ('SEIS23_3-F23L2W001-eftim.zdravevski', 'SEIS23_3-F23L2W001', 'eftim.zdravevski', '49'),
       ('SEIS23_3-F23L2W001-hristina.mihajloska', 'SEIS23_3-F23L2W001', 'hristina.mihajloska', '48'),
       ('SEIS23_3-F23L2W001-ilinka.ivanoska', 'SEIS23_3-F23L2W001', 'ilinka.ivanoska', '58'),
       ('SEIS23_3-F23L2W001-slobodan.kalajdziski', 'SEIS23_3-F23L2W001', 'slobodan.kalajdziski', '15'),
       ('SEIS23_3-F23L2W001-vladimir.trajkovik', 'SEIS23_3-F23L2W001', 'vladimir.trajkovik', '8'),
       ('SEIS23_3-F23L2W002-aleksandra.popovska', 'SEIS23_3-F23L2W002', 'aleksandra.popovska', '41'),
       ('SEIS23_3-F23L2W002-biljana.tojtovska', 'SEIS23_3-F23L2W002', 'biljana.tojtovska', '42'),
       ('SEIS23_3-F23L2W002-emil.stankov', 'SEIS23_3-F23L2W002', 'emil.stankov', '54'),
       ('SEIS23_3-F23L2W002-metodija.jancheski', 'SEIS23_3-F23L2W002', 'metodija.jancheski', '0'),
       ('SEIS23_3-F23L2W002-verica.bakeva', 'SEIS23_3-F23L2W002', 'verica.bakeva', '7'),
       ('SEIS23_3-F23L2W002-vesna.dimitrievska', 'SEIS23_3-F23L2W002', 'vesna.dimitrievska', '33'),
       ('SEIS23_3-F23L2W002-vesna.dimitrova', 'SEIS23_3-F23L2W002', 'vesna.dimitrova', '23'),
       ('SEIS23_3-F23L2W006-aleksandra.popovska', 'SEIS23_3-F23L2W006', 'aleksandra.popovska', '41'),
       ('SEIS23_3-F23L2W006-biljana.tojtovska', 'SEIS23_3-F23L2W006', 'biljana.tojtovska', '42'),
       ('SEIS23_3-F23L2W006-natasa.ilievska', 'SEIS23_3-F23L2W006', 'natasa.ilievska', '43'),
       ('SEIS23_3-F23L2W006-verica.bakeva', 'SEIS23_3-F23L2W006', 'verica.bakeva', '7'),
       ('SEIS23_3-F23L2W014-aleksandra.kanevche', 'SEIS23_3-F23L2W014', 'aleksandra.kanevche', '53'),
       ('SEIS23_3-F23L2W014-anastas.mishev', 'SEIS23_3-F23L2W014', 'anastas.mishev', '18'),
       ('SEIS23_3-F23L2W014-dejan.spasov', 'SEIS23_3-F23L2W014', 'dejan.spasov', '25'),
       ('SEIS23_3-F23L2W014-igor.mishkovski', 'SEIS23_3-F23L2W014', 'igor.mishkovski', '28'),
       ('SEIS23_3-F23L2W014-miroslav.mirchev', 'SEIS23_3-F23L2W014', 'miroslav.mirchev', '38'),
       ('SEIS23_3-F23L2W014-sasho.gramatikov', 'SEIS23_3-F23L2W014', 'sasho.gramatikov', '37'),
       ('SEIS23_3-F23L2W014-sonja.filiposka', 'SEIS23_3-F23L2W014', 'sonja.filiposka', '19'),
       ('SEIS23_3-F23L2W055-mile.jovanov', 'SEIS23_3-F23L2W055', 'mile.jovanov', '34'),
       ('SEIS23_3-F23L2W067-aleksandra.popovska', 'SEIS23_3-F23L2W067', 'aleksandra.popovska', '41'),
       ('SEIS23_3-F23L2W067-verica.bakeva', 'SEIS23_3-F23L2W067', 'verica.bakeva', '7'),
       ('SEIS23_3-F23L2W096-boban.joksimoski', 'SEIS23_3-F23L2W096', 'boban.joksimoski', '57'),
       ('SEIS23_3-F23L2W100-smilka.janeska', 'SEIS23_3-F23L2W100', 'smilka.janeska', '30'),
       ('SEIS23_3-F23L2W104-vesna.dimitrova', 'SEIS23_3-F23L2W104', 'vesna.dimitrova', '23'),
       ('SEIS23_3-F23L2W109-bojan.ilijoski', 'SEIS23_3-F23L2W109', 'bojan.ilijoski', '59'),
       ('SEIS23_3-F23L2W109-ivan.kitanovski', 'SEIS23_3-F23L2W109', 'ivan.kitanovski', '50'),
       ('SEIS23_3-F23L2W109-suzana.loshkovska', 'SEIS23_3-F23L2W109', 'suzana.loshkovska', '4'),
       ('SEIS23_3-F23L2W147-miroslav.mirchev', 'SEIS23_3-F23L2W147', 'miroslav.mirchev', '38'),
       ('SEIS23_3-F23L2W165-anastas.mishev', 'SEIS23_3-F23L2W165', 'anastas.mishev', '18'),
       ('SEIS23_3-F23L2W165-sonja.filiposka', 'SEIS23_3-F23L2W165', 'sonja.filiposka', '19'),
       ('SEIS23_3-F23L2W165-vladimir.zdraveski', 'SEIS23_3-F23L2W165', 'vladimir.zdraveski', '52'),
       ('SEIS23_3-F23L2W167-ivica.dimitrovski', 'SEIS23_3-F23L2W167', 'ivica.dimitrovski', '27'),
       ('SEIS23_3-F23L2W167-katarina.trojacanec', 'SEIS23_3-F23L2W167', 'katarina.trojacanec', '55'),
       ('SEIS23_3-F23L2W167-suzana.loshkovska', 'SEIS23_3-F23L2W167', 'suzana.loshkovska', '4'),
       ('SEIS23_3-F23L3S010-bojan.ilijoski', 'SEIS23_3-F23L3S010', 'bojan.ilijoski', '59'),
       ('SEIS23_3-F23L3S010-ivan.kitanovski', 'SEIS23_3-F23L3S010', 'ivan.kitanovski', '50'),
       ('SEIS23_3-F23L3S010-sonja.gievska', 'SEIS23_3-F23L3S010', 'sonja.gievska', '26'),
       ('SEIS23_3-F23L3S010-suzana.loshkovska', 'SEIS23_3-F23L3S010', 'suzana.loshkovska', '4'),
       ('SEIS23_3-F23L3S012-ivan.chorbev', 'SEIS23_3-F23L3S012', 'ivan.chorbev', '20'),
       ('SEIS23_3-F23L3S019-bojana.koteska', 'SEIS23_3-F23L3S019', 'bojana.koteska', '0'),
       ('SEIS23_3-F23L3S019-gjorgji.madjarov', 'SEIS23_3-F23L3S019', 'gjorgji.madjarov', '29'),
       ('SEIS23_3-F23L3S019-hristina.mihajloska', 'SEIS23_3-F23L3S019', 'hristina.mihajloska', '48'),
       ('SEIS23_3-F23L3S022-dimitar.trajanov', 'SEIS23_3-F23L3S022', 'dimitar.trajanov', '11'),
       ('SEIS23_3-F23L3S022-ljupcho.antovski', 'SEIS23_3-F23L3S022', 'ljupcho.antovski', '12'),
       ('SEIS23_3-F23L3S022-milos.jovanovik', 'SEIS23_3-F23L3S022', 'milos.jovanovik', '46'),
       ('SEIS23_3-F23L3S022-vladimir.zdraveski', 'SEIS23_3-F23L3S022', 'vladimir.zdraveski', '52'),
       ('SEIS23_3-F23L3S025-dimitar.trajanov', 'SEIS23_3-F23L3S025', 'dimitar.trajanov', '11'),
       ('SEIS23_3-F23L3S025-goce.armenski', 'SEIS23_3-F23L3S025', 'goce.armenski', '24'),
       ('SEIS23_3-F23L3S025-milos.jovanovik', 'SEIS23_3-F23L3S025', 'milos.jovanovik', '46'),
       ('SEIS23_3-F23L3S025-riste.stojanov', 'SEIS23_3-F23L3S025', 'riste.stojanov', '56'),
       ('SEIS23_3-F23L3S025-sasho.gramatikov', 'SEIS23_3-F23L3S025', 'sasho.gramatikov', '37'),
       ('SEIS23_3-F23L3S028-eftim.zdravevski', 'SEIS23_3-F23L3S028', 'eftim.zdravevski', '49'),
       ('SEIS23_3-F23L3S028-vladimir.trajkovik', 'SEIS23_3-F23L3S028', 'vladimir.trajkovik', '8'),
       ('SEIS23_3-F23L3S036-aleksandra.kanevche', 'SEIS23_3-F23L3S036', 'aleksandra.kanevche', '53'),
       ('SEIS23_3-F23L3S036-miroslav.mirchev', 'SEIS23_3-F23L3S036', 'miroslav.mirchev', '38'),
       ('SEIS23_3-F23L3S039-marija.mihova', 'SEIS23_3-F23L3S039', 'marija.mihova', '14'),
       ('SEIS23_3-F23L3S039-mile.jovanov', 'SEIS23_3-F23L3S039', 'mile.jovanov', '34'),
       ('SEIS23_3-F23L3S047-lasko.basnarkov', 'SEIS23_3-F23L3S047', 'lasko.basnarkov', '21'),
       ('SEIS23_3-F23L3S054-ana.madevska', 'SEIS23_3-F23L3S054', 'ana.madevska', '9'),
       ('SEIS23_3-F23L3S057-ana.madevska', 'SEIS23_3-F23L3S057', 'ana.madevska', '9'),
       ('SEIS23_3-F23L3S059-aleksandra.kanevche', 'SEIS23_3-F23L3S059', 'aleksandra.kanevche', '53'),
       ('SEIS23_3-F23L3S062-boro.jakimovski', 'SEIS23_3-F23L3S062', 'boro.jakimovski', '22'),
       ('SEIS23_3-F23L3S063-aleksandra.kanevche', 'SEIS23_3-F23L3S063', 'aleksandra.kanevche', '53'),
       ('SEIS23_3-F23L3S063-igor.mishkovski', 'SEIS23_3-F23L3S063', 'igor.mishkovski', '28'),
       ('SEIS23_3-F23L3S069-vangel.ajanovski', 'SEIS23_3-F23L3S069', 'vangel.ajanovski', '32'),
       ('SEIS23_3-F23L3S073-kire.trivodaliev', 'SEIS23_3-F23L3S073', 'kire.trivodaliev', '36'),
       ('SEIS23_3-F23L3S073-sonja.gievska', 'SEIS23_3-F23L3S073', 'sonja.gievska', '26'),
       ('SEIS23_3-F23L3S078-ilinka.ivanoska', 'SEIS23_3-F23L3S078', 'ilinka.ivanoska', '58'),
       ('SEIS23_3-F23L3S080-ivan.kitanovski', 'SEIS23_3-F23L3S080', 'ivan.kitanovski', '50'),
       ('SEIS23_3-F23L3S080-ivica.dimitrovski', 'SEIS23_3-F23L3S080', 'ivica.dimitrovski', '27'),
       ('SEIS23_3-F23L3S083-katarina.trojacanec', 'SEIS23_3-F23L3S083', 'katarina.trojacanec', '55'),
       ('SEIS23_3-F23L3S083-suzana.loshkovska', 'SEIS23_3-F23L3S083', 'suzana.loshkovska', '4'),
       ('SEIS23_3-F23L3W085-monika.simjanoska', 'SEIS23_3-F23L3W085', 'monika.simjanoska', '100'),
       ('SEIS23_3-F23L3W085-nevena.ackovska', 'SEIS23_3-F23L3W085', 'nevena.ackovska', '16'),
       ('SEIS23_3-F23L3S086-andrea.kulakov', 'SEIS23_3-F23L3S086', 'andrea.kulakov', '13'),
       ('SEIS23_3-F23L3S087-igor.mishkovski', 'SEIS23_3-F23L3S087', 'igor.mishkovski', '28'),
       ('SEIS23_3-F23L3S087-miroslav.mirchev', 'SEIS23_3-F23L3S087', 'miroslav.mirchev', '38'),
       ('SEIS23_3-F23L3S091-andreja.naumoski', 'SEIS23_3-F23L3S091', 'andreja.naumoski', '45'),
       ('SEIS23_3-F23L3S091-kosta.mitreski', 'SEIS23_3-F23L3S091', 'kosta.mitreski', '6'),
       ('SEIS23_3-F23L3S093-vesna.dimitrova', 'SEIS23_3-F23L3S093', 'vesna.dimitrova', '23'),
       ('SEIS23_3-F23L3S094-magdalena.kostoska', 'SEIS23_3-F23L3S094', 'magdalena.kostoska', '40'),
       ('SEIS23_3-F23L3S101-anastas.mishev', 'SEIS23_3-F23L3S101', 'anastas.mishev', '18'),
       ('SEIS23_3-F23L3S101-hristina.mihajloska', 'SEIS23_3-F23L3S101', 'hristina.mihajloska', '48'),
       ('SEIS23_3-F23L3S102-dimitar.trajanov', 'SEIS23_3-F23L3S102', 'dimitar.trajanov', '11'),
       ('SEIS23_3-F23L3S106-kire.trivodaliev', 'SEIS23_3-F23L3S106', 'kire.trivodaliev', '36'),
       ('SEIS23_3-F23L3S106-slobodan.kalajdziski', 'SEIS23_3-F23L3S106', 'slobodan.kalajdziski', '15'),
       ('SEIS23_3-F23L3S106-sonja.gievska', 'SEIS23_3-F23L3S106', 'sonja.gievska', '26'),
       ('SEIS23_3-F23L3S107-ana.madevska', 'SEIS23_3-F23L3S107', 'ana.madevska', '9'),
       ('SEIS23_3-F23L3S111-boro.jakimovski', 'SEIS23_3-F23L3S111', 'boro.jakimovski', '22'),
       ('SEIS23_3-F23L3S112-mile.jovanov', 'SEIS23_3-F23L3S112', 'mile.jovanov', '34'),
       ('SEIS23_3-F23L3S113-boban.joksimoski', 'SEIS23_3-F23L3S113', 'boban.joksimoski', '57'),
       ('SEIS23_3-F23L3S113-ivan.chorbev', 'SEIS23_3-F23L3S113', 'ivan.chorbev', '20'),
       ('SEIS23_3-F23L3S115-vangel.ajanovski', 'SEIS23_3-F23L3S115', 'vangel.ajanovski', '32'),
       ('SEIS23_3-F23L3S118-milos.jovanovik', 'SEIS23_3-F23L3S118', 'milos.jovanovik', '46'),
       ('SEIS23_3-F23L3S118-pance.ribarski', 'SEIS23_3-F23L3S118', 'pance.ribarski', '47'),
       ('SEIS23_3-F23L3S122-hristina.mihajloska', 'SEIS23_3-F23L3S122', 'hristina.mihajloska', '48'),
       ('SEIS23_3-F23L3S122-vesna.dimitrova', 'SEIS23_3-F23L3S122', 'vesna.dimitrova', '23'),
       ('SEIS23_3-F23L3S125-miroslav.mirchev', 'SEIS23_3-F23L3S125', 'miroslav.mirchev', '38'),
       ('SEIS23_3-F23L3S127-ljupcho.antovski', 'SEIS23_3-F23L3S127', 'ljupcho.antovski', '12'),
       ('SEIS23_3-F23L3S127-petre.lameski', 'SEIS23_3-F23L3S127', 'petre.lameski', '51'),
       ('SEIS23_3-F23L3S127-vladimir.trajkovik', 'SEIS23_3-F23L3S127', 'vladimir.trajkovik', '8'),
       ('SEIS23_3-F23L3S130-georgina.mirceva', 'SEIS23_3-F23L3S130', 'georgina.mirceva', '39'),
       ('SEIS23_3-F23L3S131-lasko.basnarkov', 'SEIS23_3-F23L3S131', 'lasko.basnarkov', '21'),
       ('SEIS23_3-F23L3S132-nevena.ackovska', 'SEIS23_3-F23L3S132', 'nevena.ackovska', '16'),
       ('SEIS23_3-F23L3S135-biljana.stojkoska', 'SEIS23_3-F23L3S135', 'biljana.stojkoska', '35'),
       ('SEIS23_3-F23L3S138-eftim.zdravevski', 'SEIS23_3-F23L3S138', 'eftim.zdravevski', '49'),
       ('SEIS23_3-F23L3S138-goran.velinov', 'SEIS23_3-F23L3S138', 'goran.velinov', '17'),
       ('SEIS23_3-F23L3S139-magdalena.kostoska', 'SEIS23_3-F23L3S139', 'magdalena.kostoska', '40'),
       ('SEIS23_3-F23L3S139-pance.ribarski', 'SEIS23_3-F23L3S139', 'pance.ribarski', '47'),
       ('SEIS23_3-F23L3S141-goran.velinov', 'SEIS23_3-F23L3S141', 'goran.velinov', '17'),
       ('SEIS23_3-F23L3S141-slobodan.kalajdziski', 'SEIS23_3-F23L3S141', 'slobodan.kalajdziski', '15'),
       ('SEIS23_3-F23L3S144-lasko.basnarkov', 'SEIS23_3-F23L3S144', 'lasko.basnarkov', '21'),
       ('SEIS23_3-F23L3S149-marjan.gushev', 'SEIS23_3-F23L3S149', 'marjan.gushev', '2'),
       ('SEIS23_3-F23L3S149-vladimir.zdraveski', 'SEIS23_3-F23L3S149', 'vladimir.zdraveski', '52'),
       ('SEIS23_3-F23L3S150-biljana.tojtovska', 'SEIS23_3-F23L3S150', 'biljana.tojtovska', '42'),
       ('SEIS23_3-F23L3S150-bojan.ilijoski', 'SEIS23_3-F23L3S150', 'bojan.ilijoski', '59'),
       ('SEIS23_3-F23L3S153-andrea.kulakov', 'SEIS23_3-F23L3S153', 'andrea.kulakov', '13'),
       ('SEIS23_3-F23L3S153-petre.lameski', 'SEIS23_3-F23L3S153', 'petre.lameski', '51'),
       ('SEIS23_3-F23L3S155-boro.jakimovski', 'SEIS23_3-F23L3S155', 'boro.jakimovski', '22'),
       ('SEIS23_3-F23L3S155-pance.ribarski', 'SEIS23_3-F23L3S155', 'pance.ribarski', '47'),
       ('SEIS23_3-F23L3S157-eftim.zdravevski', 'SEIS23_3-F23L3S157', 'eftim.zdravevski', '49'),
       ('SEIS23_3-F23L3S157-goran.velinov', 'SEIS23_3-F23L3S157', 'goran.velinov', '17'),
       ('SEIS23_3-F23L3W158-dejan.spasov', 'SEIS23_3-F23L3W158', 'dejan.spasov', '25'),
       ('SEIS23_3-F23L3S159-anastas.mishev', 'SEIS23_3-F23L3S159', 'anastas.mishev', '18'),
       ('SEIS23_3-F23L3S159-riste.stojanov', 'SEIS23_3-F23L3S159', 'riste.stojanov', '56'),
       ('SEIS23_3-F23L3S160-sonja.filiposka', 'SEIS23_3-F23L3S160', 'sonja.filiposka', '19'),
       ('SEIS23_3-F23L3S162-sasho.gramatikov', 'SEIS23_3-F23L3S162', 'sasho.gramatikov', '37'),
       ('SEIS23_3-F23L3S163-biljana.tojtovska', 'SEIS23_3-F23L3S163', 'biljana.tojtovska', '42'),
       ('SEIS23_3-F23L3S163-bojan.ilijoski', 'SEIS23_3-F23L3S163', 'bojan.ilijoski', '59'),
       ('SEIS23_3-F23L3S163-pance.ribarski', 'SEIS23_3-F23L3S163', 'pance.ribarski', '47'),
       ('SEIS23_3-F23L3S166-goce.armenski', 'SEIS23_3-F23L3S166', 'goce.armenski', '24'),
       ('SEIS23_3-F23L3W001-aleksandra.popovska', 'SEIS23_3-F23L3W001', 'aleksandra.popovska', '41'),
       ('SEIS23_3-F23L3W001-biljana.tojtovska', 'SEIS23_3-F23L3W001', 'biljana.tojtovska', '42'),
       ('SEIS23_3-F23L3W001-ilinka.ivanoska', 'SEIS23_3-F23L3W001', 'ilinka.ivanoska', '58'),
       ('SEIS23_3-F23L3W001-marija.mihova', 'SEIS23_3-F23L3W001', 'marija.mihova', '14'),
       ('SEIS23_3-F23L3W001-metodija.jancheski', 'SEIS23_3-F23L3W001', 'metodija.jancheski', '0'),
       ('SEIS23_3-F23L3W001-natasa.ilievska', 'SEIS23_3-F23L3W001', 'natasa.ilievska', '43'),
       ('SEIS23_3-F23L3W001-verica.bakeva', 'SEIS23_3-F23L3W001', 'verica.bakeva', '7'),
       ('SEIS23_3-F23L3W004-eftim.zdravevski', 'SEIS23_3-F23L3W004', 'eftim.zdravevski', '49'),
       ('SEIS23_3-F23L3W004-georgina.mirceva', 'SEIS23_3-F23L3W004', 'georgina.mirceva', '39'),
       ('SEIS23_3-F23L3W004-goran.velinov', 'SEIS23_3-F23L3W004', 'goran.velinov', '17'),
       ('SEIS23_3-F23L3W004-kire.trivodaliev', 'SEIS23_3-F23L3W004', 'kire.trivodaliev', '36'),
       ('SEIS23_3-F23L3W004-slobodan.kalajdziski', 'SEIS23_3-F23L3W004', 'slobodan.kalajdziski', '15'),
       ('SEIS23_3-F23L3W004-sonja.gievska', 'SEIS23_3-F23L3W004', 'sonja.gievska', '26'),
       ('SEIS23_3-F23L3W004-vangel.ajanovski', 'SEIS23_3-F23L3W004', 'vangel.ajanovski', '32'),
       ('SEIS23_3-F23L3W008-dimitar.trajanov', 'SEIS23_3-F23L3W008', 'dimitar.trajanov', '11'),
       ('SEIS23_3-F23L3W008-georgina.mirceva', 'SEIS23_3-F23L3W008', 'georgina.mirceva', '39'),
       ('SEIS23_3-F23L3W008-igor.mishkovski', 'SEIS23_3-F23L3W008', 'igor.mishkovski', '28'),
       ('SEIS23_3-F23L3W008-milos.jovanovik', 'SEIS23_3-F23L3W008', 'milos.jovanovik', '46'),
       ('SEIS23_3-F23L3W008-miroslav.mirchev', 'SEIS23_3-F23L3W008', 'miroslav.mirchev', '38'),
       ('SEIS23_3-F23L3W008-slobodan.kalajdziski', 'SEIS23_3-F23L3W008', 'slobodan.kalajdziski', '15'),
       ('SEIS23_3-F23L3W008-vesna.dimitrova', 'SEIS23_3-F23L3W008', 'vesna.dimitrova', '23'),
       ('SEIS23_3-F23L3W009-dejan.gjorgjevikj', 'SEIS23_3-F23L3W009', 'dejan.gjorgjevikj', '10'),
       ('SEIS23_3-F23L3W009-gjorgji.madjarov', 'SEIS23_3-F23L3W009', 'gjorgji.madjarov', '29'),
       ('SEIS23_3-F23L3W009-ljupcho.antovski', 'SEIS23_3-F23L3W009', 'ljupcho.antovski', '12'),
       ('SEIS23_3-F23L3W009-petre.lameski', 'SEIS23_3-F23L3W009', 'petre.lameski', '51'),
       ('SEIS23_3-F23L3W024-dimitar.trajanov', 'SEIS23_3-F23L3W024', 'dimitar.trajanov', '11'),
       ('SEIS23_3-F23L3W024-milos.jovanovik', 'SEIS23_3-F23L3W024', 'milos.jovanovik', '46'),
       ('SEIS23_3-F23L3W024-riste.stojanov', 'SEIS23_3-F23L3W024', 'riste.stojanov', '56'),
       ('SEIS23_3-F23L3W024-sasho.gramatikov', 'SEIS23_3-F23L3W024', 'sasho.gramatikov', '37'),
       ('SEIS23_3-F23L3W024-vangel.ajanovski', 'SEIS23_3-F23L3W024', 'vangel.ajanovski', '32'),
       ('SEIS23_3-F23L3W027-goran.velinov', 'SEIS23_3-F23L3W027', 'goran.velinov', '17'),
       ('SEIS23_3-F23L3W027-kosta.mitreski', 'SEIS23_3-F23L3W027', 'kosta.mitreski', '6'),
       ('SEIS23_3-F23L3W027-ljupcho.antovski', 'SEIS23_3-F23L3W027', 'ljupcho.antovski', '12'),
       ('SEIS23_3-F23L3W027-milos.jovanovik', 'SEIS23_3-F23L3W027', 'milos.jovanovik', '46'),
       ('SEIS23_3-F23L3W027-smilka.janeska', 'SEIS23_3-F23L3W027', 'smilka.janeska', '30'),
       ('SEIS23_3-F23L3W035-marija.mihova', 'SEIS23_3-F23L3W035', 'marija.mihova', '14'),
       ('SEIS23_3-F23L3W035-vesna.dimitrievska', 'SEIS23_3-F23L3W035', 'vesna.dimitrievska', '33'),
       ('SEIS23_3-F23L3W037-magdalena.kostoska', 'SEIS23_3-F23L3W037', 'magdalena.kostoska', '40'),
       ('SEIS23_3-F23L3W037-marjan.gushev', 'SEIS23_3-F23L3W037', 'marjan.gushev', '2'),
       ('SEIS23_3-F23L3W037-vladimir.zdraveski', 'SEIS23_3-F23L3W037', 'vladimir.zdraveski', '52'),
       ('SEIS23_3-F23L3W038-emil.stankov', 'SEIS23_3-F23L3W038', 'emil.stankov', '54'),
       ('SEIS23_3-F23L3W038-kire.trivodaliev', 'SEIS23_3-F23L3W038', 'kire.trivodaliev', '36'),
       ('SEIS23_3-F23L3W038-mile.jovanov', 'SEIS23_3-F23L3W038', 'mile.jovanov', '34'),
       ('SEIS23_3-F23L3S040-monika.simjanoska', 'SEIS23_3-F23L3S040', 'monika.simjanoska', '100'),
       ('SEIS23_3-F23L3S040-nevena.ackovska', 'SEIS23_3-F23L3S040', 'nevena.ackovska', '16'),
       ('SEIS23_3-F23L3W043-hristina.mihajloska', 'SEIS23_3-F23L3W043', 'hristina.mihajloska', '48'),
       ('SEIS23_3-F23L3W043-vesna.dimitrova', 'SEIS23_3-F23L3W043', 'vesna.dimitrova', '23'),
       ('SEIS23_3-F23L3W044-lasko.basnarkov', 'SEIS23_3-F23L3W044', 'lasko.basnarkov', '21'),
       ('SEIS23_3-F23L3W048-monika.simjanoska', 'SEIS23_3-F23L3W048', 'monika.simjanoska', '100'),
       ('SEIS23_3-F23L3W050-goce.armenski', 'SEIS23_3-F23L3W050', 'goce.armenski', '24'),
       ('SEIS23_3-F23L3W053-bojan.ilijoski', 'SEIS23_3-F23L3W053', 'bojan.ilijoski', '59'),
       ('SEIS23_3-F23L3W053-katerina.zdravkova', 'SEIS23_3-F23L3W053', 'katerina.zdravkova', '3'),
       ('SEIS23_3-F23L3W056-ana.madevska', 'SEIS23_3-F23L3W056', 'ana.madevska', '9'),
       ('SEIS23_3-F23L3W060-boro.jakimovski', 'SEIS23_3-F23L3W060', 'boro.jakimovski', '22'),
       ('SEIS23_3-F23L3W064-boro.jakimovski', 'SEIS23_3-F23L3W064', 'boro.jakimovski', '22'),
       ('SEIS23_3-F23L3W064-vladimir.trajkovik', 'SEIS23_3-F23L3W064', 'vladimir.trajkovik', '8'),
       ('SEIS23_3-F23L3W065-anastas.mishev', 'SEIS23_3-F23L3W065', 'anastas.mishev', '18'),
       ('SEIS23_3-F23L3W065-sonja.filiposka', 'SEIS23_3-F23L3W065', 'sonja.filiposka', '19'),
       ('SEIS23_3-F23L3W068-marjan.gushev', 'SEIS23_3-F23L3W068', 'marjan.gushev', '2'),
       ('SEIS23_3-F23L3W072-andrea.kulakov', 'SEIS23_3-F23L3W072', 'andrea.kulakov', '13'),
       ('SEIS23_3-F23L3W072-nevena.ackovska', 'SEIS23_3-F23L3W072', 'nevena.ackovska', '16'),
       ('SEIS23_3-F23L3W074-boro.jakimovski', 'SEIS23_3-F23L3W074', 'boro.jakimovski', '22'),
       ('SEIS23_3-F23L3W074-goran.velinov', 'SEIS23_3-F23L3W074', 'goran.velinov', '17'),
       ('SEIS23_3-F23L3W074-vangel.ajanovski', 'SEIS23_3-F23L3W074', 'vangel.ajanovski', '32'),
       ('SEIS23_3-F23L3W075-vladimir.trajkovik', 'SEIS23_3-F23L3W075', 'vladimir.trajkovik', '8'),
       ('SEIS23_3-F23L3W076-eftim.zdravevski', 'SEIS23_3-F23L3W076', 'eftim.zdravevski', '49'),
       ('SEIS23_3-F23L3W079-dimitar.trajanov', 'SEIS23_3-F23L3W079', 'dimitar.trajanov', '11'),
       ('SEIS23_3-F23L3W079-milos.jovanovik', 'SEIS23_3-F23L3W079', 'milos.jovanovik', '46'),
       ('SEIS23_3-F23L3W081-katarina.trojacanec', 'SEIS23_3-F23L3W081', 'katarina.trojacanec', '55'),
       ('SEIS23_3-F23L3W081-suzana.loshkovska', 'SEIS23_3-F23L3W081', 'suzana.loshkovska', '4'),
       ('SEIS23_3-F23L3W088-aleksandra.kanevche', 'SEIS23_3-F23L3W088', 'aleksandra.kanevche', '53'),
       ('SEIS23_3-F23L3W089-dejan.gjorgjevikj', 'SEIS23_3-F23L3W089', 'dejan.gjorgjevikj', '10'),
       ('SEIS23_3-F23L3W092-boban.joksimoski', 'SEIS23_3-F23L3W092', 'boban.joksimoski', '57'),
       ('SEIS23_3-F23L3W092-ivan.chorbev', 'SEIS23_3-F23L3W092', 'ivan.chorbev', '20'),
       ('SEIS23_3-F23L3W098-boro.jakimovski', 'SEIS23_3-F23L3W098', 'boro.jakimovski', '22'),
       ('SEIS23_3-F23L3W103-ivan.chorbev', 'SEIS23_3-F23L3W103', 'ivan.chorbev', '20'),
       ('SEIS23_3-F23L3W103-vangel.ajanovski', 'SEIS23_3-F23L3W103', 'vangel.ajanovski', '32'),
       ('SEIS23_3-F23L3W105-magdalena.kostoska', 'SEIS23_3-F23L3W105', 'magdalena.kostoska', '40'),
       ('SEIS23_3-F23L3W105-marjan.gushev', 'SEIS23_3-F23L3W105', 'marjan.gushev', '2'),
       ('SEIS23_3-F23L3W108-biljana.stojkoska', 'SEIS23_3-F23L3W108', 'biljana.stojkoska', '35'),
       ('SEIS23_3-F23L3W108-igor.mishkovski', 'SEIS23_3-F23L3W108', 'igor.mishkovski', '28'),
       ('SEIS23_3-F23L3W117-andreja.naumoski', 'SEIS23_3-F23L3W117', 'andreja.naumoski', '45'),
       ('SEIS23_3-F23L3W121-ivan.kitanovski', 'SEIS23_3-F23L3W121', 'ivan.kitanovski', '50'),
       ('SEIS23_3-F23L3W121-pance.ribarski', 'SEIS23_3-F23L3W121', 'pance.ribarski', '47'),
       ('SEIS23_3-F23L3W123-andrea.kulakov', 'SEIS23_3-F23L3W123', 'andrea.kulakov', '13'),
       ('SEIS23_3-F23L3W123-ivica.dimitrovski', 'SEIS23_3-F23L3W123', 'ivica.dimitrovski', '27'),
       ('SEIS23_3-F23L3W126-andreja.naumoski', 'SEIS23_3-F23L3W126', 'andreja.naumoski', '45'),
       ('SEIS23_3-F23L3W128-petre.lameski', 'SEIS23_3-F23L3W128', 'petre.lameski', '51'),
       ('SEIS23_3-F23L3W128-vladimir.trajkovik', 'SEIS23_3-F23L3W128', 'vladimir.trajkovik', '8'),
       ('SEIS23_3-F23L3W129-igor.mishkovski', 'SEIS23_3-F23L3W129', 'igor.mishkovski', '28'),
       ('SEIS23_3-F23L3W129-ljupcho.antovski', 'SEIS23_3-F23L3W129', 'ljupcho.antovski', '12'),
       ('SEIS23_3-F23L3W133-sonja.filiposka', 'SEIS23_3-F23L3W133', 'sonja.filiposka', '19'),
       ('SEIS23_3-F23L3W134-sasho.gramatikov', 'SEIS23_3-F23L3W134', 'sasho.gramatikov', '37'),
       ('SEIS23_3-F23L3W136-boban.joksimoski', 'SEIS23_3-F23L3W136', 'boban.joksimoski', '57'),
       ('SEIS23_3-F23L3W136-goce.armenski', 'SEIS23_3-F23L3W136', 'goce.armenski', '24'),
       ('SEIS23_3-F23L3W136-ivan.chorbev', 'SEIS23_3-F23L3W136', 'ivan.chorbev', '20'),
       ('SEIS23_3-F23L3W137-bojan.ilijoski', 'SEIS23_3-F23L3W137', 'bojan.ilijoski', '59'),
       ('SEIS23_3-F23L3W137-nevena.ackovska', 'SEIS23_3-F23L3W137', 'nevena.ackovska', '16'),
       ('SEIS23_3-F23L3W137-sonja.gievska', 'SEIS23_3-F23L3W137', 'sonja.gievska', '26'),
       ('SEIS23_3-F23L3W140-dejan.gjorgjevikj', 'SEIS23_3-F23L3W140', 'dejan.gjorgjevikj', '10'),
       ('SEIS23_3-F23L3W140-gjorgji.madjarov', 'SEIS23_3-F23L3W140', 'gjorgji.madjarov', '29'),
       ('SEIS23_3-F23L3W140-ivan.kitanovski', 'SEIS23_3-F23L3W140', 'ivan.kitanovski', '50'),
       ('SEIS23_3-F23L3W142-ivica.dimitrovski', 'SEIS23_3-F23L3W142', 'ivica.dimitrovski', '27'),
       ('SEIS23_3-F23L3W142-sonja.gievska', 'SEIS23_3-F23L3W142', 'sonja.gievska', '26'),
       ('SEIS23_3-F23L3W145-miroslav.mirchev', 'SEIS23_3-F23L3W145', 'miroslav.mirchev', '38'),
       ('SEIS23_3-F23L3W148-andrea.kulakov', 'SEIS23_3-F23L3W148', 'andrea.kulakov', '13'),
       ('SEIS23_3-F23L3W152-katarina.trojacanec', 'SEIS23_3-F23L3W152', 'katarina.trojacanec', '55'),
       ('SEIS23_3-F23L3W152-suzana.loshkovska', 'SEIS23_3-F23L3W152', 'suzana.loshkovska', '4'),
       ('SEIS23_3-F23L3W154-eftim.zdravevski', 'SEIS23_3-F23L3W154', 'eftim.zdravevski', '49'),
       ('SEIS23_3-F23L3W154-gjorgji.madjarov', 'SEIS23_3-F23L3W154', 'gjorgji.madjarov', '29'),
       ('SEIS23_3-F23L3W156-georgina.mirceva', 'SEIS23_3-F23L3W156', 'georgina.mirceva', '39'),
       ('SEIS23_3-F23L3W161-marija.mihova', 'SEIS23_3-F23L3W161', 'marija.mihova', '14'),
       ('SEIS23_3-F23L3W161-sonja.gievska', 'SEIS23_3-F23L3W161', 'sonja.gievska', '26'),
       ('SEIS23_3-F23L3W162-andreja.naumoski', 'SEIS23_3-F23L3W162', 'andreja.naumoski', '45'),
       ('SEIS23_3-F23L3W162-lasko.basnarkov', 'SEIS23_3-F23L3W162', 'lasko.basnarkov', '21'),
       ('SEIS23_3-F23L3W200-biljana.stojkoska', 'SEIS23_3-F23L3W200', 'biljana.stojkoska', '35'),
       ('IMB23_3-F23L1S016-ana.madevska', 'IMB23_3-F23L1S016', 'ana.madevska', '9'),
       ('IMB23_3-F23L1S016-boban.joksimoski', 'IMB23_3-F23L1S016', 'boban.joksimoski', '57'),
       ('IMB23_3-F23L1S016-dejan.gjorgjevikj', 'IMB23_3-F23L1S016', 'dejan.gjorgjevikj', '10'),
       ('IMB23_3-F23L1S016-emil.stankov', 'IMB23_3-F23L1S016', 'emil.stankov', '54'),
       ('IMB23_3-F23L1S016-gjorgji.madjarov', 'IMB23_3-F23L1S016', 'gjorgji.madjarov', '29'),
       ('IMB23_3-F23L1S016-hristina.mihajloska', 'IMB23_3-F23L1S016', 'hristina.mihajloska', '48'),
       ('IMB23_3-F23L1S016-ivan.chorbev', 'IMB23_3-F23L1S016', 'ivan.chorbev', '20'),
       ('IMB23_3-F23L1S016-ivica.dimitrovski', 'IMB23_3-F23L1S016', 'ivica.dimitrovski', '27'),
       ('IMB23_3-F23L1S016-katarina.trojacanec', 'IMB23_3-F23L1S016', 'katarina.trojacanec', '55'),
       ('IMB23_3-F23L1S016-nevena.ackovska', 'IMB23_3-F23L1S016', 'nevena.ackovska', '16'),
       ('IMB23_3-F23L1S026-biljana.stojkoska', 'IMB23_3-F23L1S026', 'biljana.stojkoska', '35'),
       ('IMB23_3-F23L1S026-smilka.janeska', 'IMB23_3-F23L1S026', 'smilka.janeska', '30'),
       ('IMB23_3-F23L1S045-riste.stojanov', 'IMB23_3-F23L1S045', 'riste.stojanov', '56'),
       ('IMB23_3-F23L1S052-mile.jovanov', 'IMB23_3-F23L1S052', 'mile.jovanov', '34'),
       ('IMB23_3-F23L1S116-andreja.naumoski', 'IMB23_3-F23L1S116', 'andreja.naumoski', '45'),
       ('IMB23_3-F23L1S116-kosta.mitreski', 'IMB23_3-F23L1S116', 'kosta.mitreski', '6'),
       ('IMB23_3-F23L1S120-sonja.filiposka', 'IMB23_3-F23L1S120', 'sonja.filiposka', '19'),
       ('IMB23_3-F23L1S120-vladimir.trajkovik', 'IMB23_3-F23L1S120', 'vladimir.trajkovik', '8'),
       ('IMB23_3-F23L1S146-boban.joksimoski', 'IMB23_3-F23L1S146', 'boban.joksimoski', '57'),
       ('IMB23_3-F23L1S146-goce.armenski', 'IMB23_3-F23L1S146', 'goce.armenski', '24'),
       ('IMB23_3-F23L1S146-ivan.chorbev', 'IMB23_3-F23L1S146', 'ivan.chorbev', '20'),
       ('IMB23_3-F23L1S146-ivan.kitanovski', 'IMB23_3-F23L1S146', 'ivan.kitanovski', '50'),
       ('IMB23_3-F23L1S146-slobodan.kalajdziski', 'IMB23_3-F23L1S146', 'slobodan.kalajdziski', '15'),
       ('IMB23_3-F23L1W005-georgina.mirceva', 'IMB23_3-F23L1W005', 'georgina.mirceva', '39'),
       ('IMB23_3-F23L1W005-riste.stojanov', 'IMB23_3-F23L1W005', 'riste.stojanov', '56'),
       ('IMB23_3-F23L1W005-smilka.janeska', 'IMB23_3-F23L1W005', 'smilka.janeska', '30'),
       ('IMB23_3-F23L1W005-vladimir.zdraveski', 'IMB23_3-F23L1W005', 'vladimir.zdraveski', '52'),
       ('IMB23_3-F23L1W007-biljana.stojkoska', 'IMB23_3-F23L1W007', 'biljana.stojkoska', '35'),
       ('IMB23_3-F23L1W007-bojana.koteska', 'IMB23_3-F23L1W007', 'bojana.koteska', '0'),
       ('IMB23_3-F23L1W007-emil.stankov', 'IMB23_3-F23L1W007', 'emil.stankov', '54'),
       ('IMB23_3-F23L1W007-ivan.kitanovski', 'IMB23_3-F23L1W007', 'ivan.kitanovski', '50'),
       ('IMB23_3-F23L1W007-katerina.zdravkova', 'IMB23_3-F23L1W007', 'katerina.zdravkova', '3'),
       ('IMB23_3-F23L1W007-kosta.mitreski', 'IMB23_3-F23L1W007', 'kosta.mitreski', '6'),
       ('IMB23_3-F23L1W007-pance.ribarski', 'IMB23_3-F23L1W007', 'pance.ribarski', '47'),
       ('IMB23_3-F23L1W018-andreja.naumoski', 'IMB23_3-F23L1W018', 'andreja.naumoski', '45'),
       ('IMB23_3-F23L1W018-biljana.stojkoska', 'IMB23_3-F23L1W018', 'biljana.stojkoska', '35'),
       ('IMB23_3-F23L1W018-kire.trivodaliev', 'IMB23_3-F23L1W018', 'kire.trivodaliev', '36'),
       ('IMB23_3-F23L1W018-lasko.basnarkov', 'IMB23_3-F23L1W018', 'lasko.basnarkov', '21'),
       ('IMB23_3-F23L1W018-magdalena.kostoska', 'IMB23_3-F23L1W018', 'magdalena.kostoska', '40'),
       ('IMB23_3-F23L1W018-pance.ribarski', 'IMB23_3-F23L1W018', 'pance.ribarski', '47'),
       ('IMB23_3-F23L1W020-ana.madevska', 'IMB23_3-F23L1W020', 'ana.madevska', '9'),
       ('IMB23_3-F23L1W020-boban.joksimoski', 'IMB23_3-F23L1W020', 'boban.joksimoski', '57'),
       ('IMB23_3-F23L1W020-dejan.gjorgjevikj', 'IMB23_3-F23L1W020', 'dejan.gjorgjevikj', '10'),
       ('IMB23_3-F23L1W020-emil.stankov', 'IMB23_3-F23L1W020', 'emil.stankov', '54'),
       ('IMB23_3-F23L1W020-gjorgji.madjarov', 'IMB23_3-F23L1W020', 'gjorgji.madjarov', '29'),
       ('IMB23_3-F23L1W020-hristina.mihajloska', 'IMB23_3-F23L1W020', 'hristina.mihajloska', '48'),
       ('IMB23_3-F23L1W020-ivan.chorbev', 'IMB23_3-F23L1W020', 'ivan.chorbev', '20'),
       ('IMB23_3-F23L1W020-ivica.dimitrovski', 'IMB23_3-F23L1W020', 'ivica.dimitrovski', '27'),
       ('IMB23_3-F23L1W020-katarina.trojacanec', 'IMB23_3-F23L1W020', 'katarina.trojacanec', '55'),
       ('IMB23_3-F23L1W020-mile.jovanov', 'IMB23_3-F23L1W020', 'mile.jovanov', '34'),
       ('IMB23_3-F23L1W020-nevena.ackovska', 'IMB23_3-F23L1W020', 'nevena.ackovska', '16'),
       ('IMB23_3-F23L2S001-aleksandra.popovska', 'IMB23_3-F23L2S001', 'aleksandra.popovska', '41'),
       ('IMB23_3-F23L2S001-biljana.tojtovska', 'IMB23_3-F23L2S001', 'biljana.tojtovska', '42'),
       ('IMB23_3-F23L2S001-bojan.ilijoski', 'IMB23_3-F23L2S001', 'bojan.ilijoski', '59'),
       ('IMB23_3-F23L2S001-dejan.spasov', 'IMB23_3-F23L2S001', 'dejan.spasov', '25'),
       ('IMB23_3-F23L2S001-emil.stankov', 'IMB23_3-F23L2S001', 'emil.stankov', '54'),
       ('IMB23_3-F23L2S001-marija.mihova', 'IMB23_3-F23L2S001', 'marija.mihova', '14'),
       ('IMB23_3-F23L2S001-metodija.jancheski', 'IMB23_3-F23L2S001', 'metodija.jancheski', '0'),
       ('IMB23_3-F23L2S001-natasa.ilievska', 'IMB23_3-F23L2S001', 'natasa.ilievska', '43'),
       ('IMB23_3-F23L2S001-vesna.dimitrievska', 'IMB23_3-F23L2S001', 'vesna.dimitrievska', '33'),
       ('IMB23_3-F23L2S002-eftim.zdravevski', 'IMB23_3-F23L2S002', 'eftim.zdravevski', '49'),
       ('IMB23_3-F23L2S002-georgina.mirceva', 'IMB23_3-F23L2S002', 'georgina.mirceva', '39'),
       ('IMB23_3-F23L2S002-ljupcho.antovski', 'IMB23_3-F23L2S002', 'ljupcho.antovski', '12'),
       ('IMB23_3-F23L2S015-biljana.stojkoska', 'IMB23_3-F23L2S015', 'biljana.stojkoska', '35'),
       ('IMB23_3-F23L2S015-bojana.koteska', 'IMB23_3-F23L2S015', 'bojana.koteska', '0'),
       ('IMB23_3-F23L2S015-ilinka.ivanoska', 'IMB23_3-F23L2S015', 'ilinka.ivanoska', '58'),
       ('IMB23_3-F23L2S015-kire.trivodaliev', 'IMB23_3-F23L2S015', 'kire.trivodaliev', '36'),
       ('IMB23_3-F23L2S015-slobodan.kalajdziski', 'IMB23_3-F23L2S015', 'slobodan.kalajdziski', '15'),
       ('IMB23_3-F23L2S017-boro.jakimovski', 'IMB23_3-F23L2S017', 'boro.jakimovski', '22'),
       ('IMB23_3-F23L2S017-dimitar.trajanov', 'IMB23_3-F23L2S017', 'dimitar.trajanov', '11'),
       ('IMB23_3-F23L2S017-igor.mishkovski', 'IMB23_3-F23L2S017', 'igor.mishkovski', '28'),
       ('IMB23_3-F23L2S017-milos.jovanovik', 'IMB23_3-F23L2S017', 'milos.jovanovik', '46'),
       ('IMB23_3-F23L2S017-nevena.ackovska', 'IMB23_3-F23L2S017', 'nevena.ackovska', '16'),
       ('IMB23_3-F23L2S017-riste.stojanov', 'IMB23_3-F23L2S017', 'riste.stojanov', '56'),
       ('IMB23_3-F23L2S017-sasho.gramatikov', 'IMB23_3-F23L2S017', 'sasho.gramatikov', '37'),
       ('IMB23_3-F23L2S017-vesna.dimitrova', 'IMB23_3-F23L2S017', 'vesna.dimitrova', '23'),
       ('IMB23_3-F23L2S029-dejan.gjorgjevikj', 'IMB23_3-F23L2S029', 'dejan.gjorgjevikj', '10'),
       ('IMB23_3-F23L2S029-gjorgji.madjarov', 'IMB23_3-F23L2S029', 'gjorgji.madjarov', '29'),
       ('IMB23_3-F23L2S029-ivica.dimitrovski', 'IMB23_3-F23L2S029', 'ivica.dimitrovski', '27'),
       ('IMB23_3-F23L2S029-katarina.trojacanec', 'IMB23_3-F23L2S029', 'katarina.trojacanec', '55'),
       ('IMB23_3-F23L2S029-katerina.zdravkova', 'IMB23_3-F23L2S029', 'katerina.zdravkova', '3'),
       ('IMB23_3-F23L2S030-andrea.kulakov', 'IMB23_3-F23L2S030', 'andrea.kulakov', '13'),
       ('IMB23_3-F23L2S030-georgina.mirceva', 'IMB23_3-F23L2S030', 'georgina.mirceva', '39'),
       ('IMB23_3-F23L2S030-ilinka.ivanoska', 'IMB23_3-F23L2S030', 'ilinka.ivanoska', '58'),
       ('IMB23_3-F23L2S030-kire.trivodaliev', 'IMB23_3-F23L2S030', 'kire.trivodaliev', '36'),
       ('IMB23_3-F23L2S030-petre.lameski', 'IMB23_3-F23L2S030', 'petre.lameski', '51'),
       ('IMB23_3-F23L2S030-sonja.gievska', 'IMB23_3-F23L2S030', 'sonja.gievska', '26'),
       ('IMB23_3-F23L2S042-andreja.naumoski', 'IMB23_3-F23L2S042', 'andreja.naumoski', '45'),
       ('IMB23_3-F23L2S042-kosta.mitreski', 'IMB23_3-F23L2S042', 'kosta.mitreski', '6'),
       ('IMB23_3-F23L2S051-emil.stankov', 'IMB23_3-F23L2S051', 'emil.stankov', '54'),
       ('IMB23_3-F23L2S051-mile.jovanov', 'IMB23_3-F23L2S051', 'mile.jovanov', '34'),
       ('IMB23_3-F23L2S061-anastas.mishev', 'IMB23_3-F23L2S061', 'anastas.mishev', '18'),
       ('IMB23_3-F23L2S061-sonja.filiposka', 'IMB23_3-F23L2S061', 'sonja.filiposka', '19'),
       ('IMB23_3-F23L2S066-anastas.mishev', 'IMB23_3-F23L2S066', 'anastas.mishev', '18'),
       ('IMB23_3-F23L2S066-sonja.filiposka', 'IMB23_3-F23L2S066', 'sonja.filiposka', '19'),
       ('IMB23_3-F23L2S082-dejan.gjorgjevikj', 'IMB23_3-F23L2S082', 'dejan.gjorgjevikj', '10'),
       ('IMB23_3-F23L2S084-andreja.naumoski', 'IMB23_3-F23L2S084', 'andreja.naumoski', '45'),
       ('IMB23_3-F23L2S084-kosta.mitreski', 'IMB23_3-F23L2S084', 'kosta.mitreski', '6'),
       ('IMB23_3-F23L2S090-verica.bakeva', 'IMB23_3-F23L2S090', 'verica.bakeva', '7'),
       ('IMB23_3-F23L2S095-andrea.kulakov', 'IMB23_3-F23L2S095', 'andrea.kulakov', '13'),
       ('IMB23_3-F23L2S095-ivica.dimitrovski', 'IMB23_3-F23L2S095', 'ivica.dimitrovski', '27'),
       ('IMB23_3-F23L2S097-marija.mihova', 'IMB23_3-F23L2S097', 'marija.mihova', '14'),
       ('IMB23_3-F23L2S099-georgina.mirceva', 'IMB23_3-F23L2S099', 'georgina.mirceva', '39'),
       ('IMB23_3-F23L2S099-smilka.janeska', 'IMB23_3-F23L2S099', 'smilka.janeska', '30'),
       ('IMB23_3-F23L2S110-goce.armenski', 'IMB23_3-F23L2S110', 'goce.armenski', '24'),
       ('IMB23_3-F23L2S110-magdalena.kostoska', 'IMB23_3-F23L2S110', 'magdalena.kostoska', '40'),
       ('IMB23_3-F23L2S110-vangel.ajanovski', 'IMB23_3-F23L2S110', 'vangel.ajanovski', '32'),
       ('IMB23_3-F23L2S114-boban.joksimoski', 'IMB23_3-F23L2S114', 'boban.joksimoski', '57'),
       ('IMB23_3-F23L2S114-suzana.loshkovska', 'IMB23_3-F23L2S114', 'suzana.loshkovska', '4'),
       ('IMB23_3-F23L2S114-vangel.ajanovski', 'IMB23_3-F23L2S114', 'vangel.ajanovski', '32'),
       ('IMB23_3-F23L2S119-goran.velinov', 'IMB23_3-F23L2S119', 'goran.velinov', '17'),
       ('IMB23_3-F23L2S119-vladimir.zdraveski', 'IMB23_3-F23L2S119', 'vladimir.zdraveski', '52'),
       ('IMB23_3-F23L2S124-vladimir.trajkovik', 'IMB23_3-F23L2S124', 'vladimir.trajkovik', '8'),
       ('IMB23_3-F23L2S164-aleksandra.popovska', 'IMB23_3-F23L2S164', 'aleksandra.popovska', '41'),
       ('IMB23_3-F23L2S164-verica.bakeva', 'IMB23_3-F23L2S164', 'verica.bakeva', '7'),
       ('IMB23_3-F23L2W002-aleksandra.popovska', 'IMB23_3-F23L2W002', 'aleksandra.popovska', '41'),
       ('IMB23_3-F23L2W002-biljana.tojtovska', 'IMB23_3-F23L2W002', 'biljana.tojtovska', '42'),
       ('IMB23_3-F23L2W002-emil.stankov', 'IMB23_3-F23L2W002', 'emil.stankov', '54'),
       ('IMB23_3-F23L2W002-metodija.jancheski', 'IMB23_3-F23L2W002', 'metodija.jancheski', '0'),
       ('IMB23_3-F23L2W002-verica.bakeva', 'IMB23_3-F23L2W002', 'verica.bakeva', '7'),
       ('IMB23_3-F23L2W002-vesna.dimitrievska', 'IMB23_3-F23L2W002', 'vesna.dimitrievska', '33'),
       ('IMB23_3-F23L2W002-vesna.dimitrova', 'IMB23_3-F23L2W002', 'vesna.dimitrova', '23'),
       ('IMB23_3-F23L2W006-aleksandra.popovska', 'IMB23_3-F23L2W006', 'aleksandra.popovska', '41'),
       ('IMB23_3-F23L2W006-biljana.tojtovska', 'IMB23_3-F23L2W006', 'biljana.tojtovska', '42'),
       ('IMB23_3-F23L2W006-natasa.ilievska', 'IMB23_3-F23L2W006', 'natasa.ilievska', '43'),
       ('IMB23_3-F23L2W006-verica.bakeva', 'IMB23_3-F23L2W006', 'verica.bakeva', '7'),
       ('IMB23_3-F23L2W046-dejan.spasov', 'IMB23_3-F23L2W046', 'dejan.spasov', '25'),
       ('IMB23_3-F23L2W046-marjan.gushev', 'IMB23_3-F23L2W046', 'marjan.gushev', '2'),
       ('IMB23_3-F23L2W055-mile.jovanov', 'IMB23_3-F23L2W055', 'mile.jovanov', '34'),
       ('IMB23_3-F23L2W067-aleksandra.popovska', 'IMB23_3-F23L2W067', 'aleksandra.popovska', '41'),
       ('IMB23_3-F23L2W067-verica.bakeva', 'IMB23_3-F23L2W067', 'verica.bakeva', '7'),
       ('IMB23_3-F23L2W096-boban.joksimoski', 'IMB23_3-F23L2W096', 'boban.joksimoski', '57'),
       ('IMB23_3-F23L2W100-smilka.janeska', 'IMB23_3-F23L2W100', 'smilka.janeska', '30'),
       ('IMB23_3-F23L2W104-vesna.dimitrova', 'IMB23_3-F23L2W104', 'vesna.dimitrova', '23'),
       ('IMB23_3-F23L2W109-bojan.ilijoski', 'IMB23_3-F23L2W109', 'bojan.ilijoski', '59'),
       ('IMB23_3-F23L2W109-ivan.kitanovski', 'IMB23_3-F23L2W109', 'ivan.kitanovski', '50'),
       ('IMB23_3-F23L2W109-suzana.loshkovska', 'IMB23_3-F23L2W109', 'suzana.loshkovska', '4'),
       ('IMB23_3-F23L2W147-miroslav.mirchev', 'IMB23_3-F23L2W147', 'miroslav.mirchev', '38'),
       ('IMB23_3-F23L2W165-anastas.mishev', 'IMB23_3-F23L2W165', 'anastas.mishev', '18'),
       ('IMB23_3-F23L2W165-sonja.filiposka', 'IMB23_3-F23L2W165', 'sonja.filiposka', '19'),
       ('IMB23_3-F23L2W165-vladimir.zdraveski', 'IMB23_3-F23L2W165', 'vladimir.zdraveski', '52'),
       ('IMB23_3-F23L2W167-ivica.dimitrovski', 'IMB23_3-F23L2W167', 'ivica.dimitrovski', '27'),
       ('IMB23_3-F23L2W167-katarina.trojacanec', 'IMB23_3-F23L2W167', 'katarina.trojacanec', '55'),
       ('IMB23_3-F23L2W167-suzana.loshkovska', 'IMB23_3-F23L2W167', 'suzana.loshkovska', '4'),
       ('IMB23_3-F23L2W201-magdalena.kostoska', 'IMB23_3-F23L2W201', 'magdalena.kostoska', '40'),
       ('IMB23_3-F23L2W201-petre.lameski', 'IMB23_3-F23L2W201', 'petre.lameski', '51'),
       ('IMB23_3-F23L3S010-bojan.ilijoski', 'IMB23_3-F23L3S010', 'bojan.ilijoski', '59'),
       ('IMB23_3-F23L3S010-ivan.kitanovski', 'IMB23_3-F23L3S010', 'ivan.kitanovski', '50'),
       ('IMB23_3-F23L3S010-sonja.gievska', 'IMB23_3-F23L3S010', 'sonja.gievska', '26'),
       ('IMB23_3-F23L3S010-suzana.loshkovska', 'IMB23_3-F23L3S010', 'suzana.loshkovska', '4'),
       ('IMB23_3-F23L3S012-ivan.chorbev', 'IMB23_3-F23L3S012', 'ivan.chorbev', '20'),
       ('IMB23_3-F23L3S019-bojana.koteska', 'IMB23_3-F23L3S019', 'bojana.koteska', '0'),
       ('IMB23_3-F23L3S019-gjorgji.madjarov', 'IMB23_3-F23L3S019', 'gjorgji.madjarov', '29'),
       ('IMB23_3-F23L3S019-hristina.mihajloska', 'IMB23_3-F23L3S019', 'hristina.mihajloska', '48'),
       ('IMB23_3-F23L3S022-dimitar.trajanov', 'IMB23_3-F23L3S022', 'dimitar.trajanov', '11'),
       ('IMB23_3-F23L3S022-ljupcho.antovski', 'IMB23_3-F23L3S022', 'ljupcho.antovski', '12'),
       ('IMB23_3-F23L3S022-milos.jovanovik', 'IMB23_3-F23L3S022', 'milos.jovanovik', '46'),
       ('IMB23_3-F23L3S022-vladimir.zdraveski', 'IMB23_3-F23L3S022', 'vladimir.zdraveski', '52'),
       ('IMB23_3-F23L3S025-dimitar.trajanov', 'IMB23_3-F23L3S025', 'dimitar.trajanov', '11'),
       ('IMB23_3-F23L3S025-goce.armenski', 'IMB23_3-F23L3S025', 'goce.armenski', '24'),
       ('IMB23_3-F23L3S025-milos.jovanovik', 'IMB23_3-F23L3S025', 'milos.jovanovik', '46'),
       ('IMB23_3-F23L3S025-riste.stojanov', 'IMB23_3-F23L3S025', 'riste.stojanov', '56'),
       ('IMB23_3-F23L3S025-sasho.gramatikov', 'IMB23_3-F23L3S025', 'sasho.gramatikov', '37'),
       ('IMB23_3-F23L3S028-eftim.zdravevski', 'IMB23_3-F23L3S028', 'eftim.zdravevski', '49'),
       ('IMB23_3-F23L3S028-vladimir.trajkovik', 'IMB23_3-F23L3S028', 'vladimir.trajkovik', '8'),
       ('IMB23_3-F23L3S036-aleksandra.kanevche', 'IMB23_3-F23L3S036', 'aleksandra.kanevche', '53'),
       ('IMB23_3-F23L3S036-miroslav.mirchev', 'IMB23_3-F23L3S036', 'miroslav.mirchev', '38'),
       ('IMB23_3-F23L3S039-marija.mihova', 'IMB23_3-F23L3S039', 'marija.mihova', '14'),
       ('IMB23_3-F23L3S039-mile.jovanov', 'IMB23_3-F23L3S039', 'mile.jovanov', '34'),
       ('IMB23_3-F23L3S047-lasko.basnarkov', 'IMB23_3-F23L3S047', 'lasko.basnarkov', '21'),
       ('IMB23_3-F23L3S054-ana.madevska', 'IMB23_3-F23L3S054', 'ana.madevska', '9'),
       ('IMB23_3-F23L3S057-ana.madevska', 'IMB23_3-F23L3S057', 'ana.madevska', '9'),
       ('IMB23_3-F23L3S059-aleksandra.kanevche', 'IMB23_3-F23L3S059', 'aleksandra.kanevche', '53'),
       ('IMB23_3-F23L3S062-boro.jakimovski', 'IMB23_3-F23L3S062', 'boro.jakimovski', '22'),
       ('IMB23_3-F23L3S063-aleksandra.kanevche', 'IMB23_3-F23L3S063', 'aleksandra.kanevche', '53'),
       ('IMB23_3-F23L3S063-igor.mishkovski', 'IMB23_3-F23L3S063', 'igor.mishkovski', '28'),
       ('IMB23_3-F23L3S069-vangel.ajanovski', 'IMB23_3-F23L3S069', 'vangel.ajanovski', '32'),
       ('IMB23_3-F23L3S073-kire.trivodaliev', 'IMB23_3-F23L3S073', 'kire.trivodaliev', '36'),
       ('IMB23_3-F23L3S073-sonja.gievska', 'IMB23_3-F23L3S073', 'sonja.gievska', '26'),
       ('IMB23_3-F23L3S078-ilinka.ivanoska', 'IMB23_3-F23L3S078', 'ilinka.ivanoska', '58'),
       ('IMB23_3-F23L3S080-ivan.kitanovski', 'IMB23_3-F23L3S080', 'ivan.kitanovski', '50'),
       ('IMB23_3-F23L3S080-ivica.dimitrovski', 'IMB23_3-F23L3S080', 'ivica.dimitrovski', '27'),
       ('IMB23_3-F23L3S083-katarina.trojacanec', 'IMB23_3-F23L3S083', 'katarina.trojacanec', '55'),
       ('IMB23_3-F23L3S083-suzana.loshkovska', 'IMB23_3-F23L3S083', 'suzana.loshkovska', '4'),
       ('IMB23_3-F23L3W085-monika.simjanoska', 'IMB23_3-F23L3W085', 'monika.simjanoska', '100'),
       ('IMB23_3-F23L3W085-nevena.ackovska', 'IMB23_3-F23L3W085', 'nevena.ackovska', '16'),
       ('IMB23_3-F23L3S086-andrea.kulakov', 'IMB23_3-F23L3S086', 'andrea.kulakov', '13'),
       ('IMB23_3-F23L3S087-igor.mishkovski', 'IMB23_3-F23L3S087', 'igor.mishkovski', '28'),
       ('IMB23_3-F23L3S087-miroslav.mirchev', 'IMB23_3-F23L3S087', 'miroslav.mirchev', '38'),
       ('IMB23_3-F23L3S091-andreja.naumoski', 'IMB23_3-F23L3S091', 'andreja.naumoski', '45'),
       ('IMB23_3-F23L3S091-kosta.mitreski', 'IMB23_3-F23L3S091', 'kosta.mitreski', '6'),
       ('IMB23_3-F23L3S093-vesna.dimitrova', 'IMB23_3-F23L3S093', 'vesna.dimitrova', '23'),
       ('IMB23_3-F23L3S094-magdalena.kostoska', 'IMB23_3-F23L3S094', 'magdalena.kostoska', '40'),
       ('IMB23_3-F23L3S101-anastas.mishev', 'IMB23_3-F23L3S101', 'anastas.mishev', '18'),
       ('IMB23_3-F23L3S101-hristina.mihajloska', 'IMB23_3-F23L3S101', 'hristina.mihajloska', '48'),
       ('IMB23_3-F23L3S102-dimitar.trajanov', 'IMB23_3-F23L3S102', 'dimitar.trajanov', '11'),
       ('IMB23_3-F23L3S106-kire.trivodaliev', 'IMB23_3-F23L3S106', 'kire.trivodaliev', '36'),
       ('IMB23_3-F23L3S106-slobodan.kalajdziski', 'IMB23_3-F23L3S106', 'slobodan.kalajdziski', '15'),
       ('IMB23_3-F23L3S106-sonja.gievska', 'IMB23_3-F23L3S106', 'sonja.gievska', '26'),
       ('IMB23_3-F23L3S107-ana.madevska', 'IMB23_3-F23L3S107', 'ana.madevska', '9'),
       ('IMB23_3-F23L3S111-boro.jakimovski', 'IMB23_3-F23L3S111', 'boro.jakimovski', '22'),
       ('IMB23_3-F23L3S112-mile.jovanov', 'IMB23_3-F23L3S112', 'mile.jovanov', '34'),
       ('IMB23_3-F23L3S113-boban.joksimoski', 'IMB23_3-F23L3S113', 'boban.joksimoski', '57'),
       ('IMB23_3-F23L3S113-ivan.chorbev', 'IMB23_3-F23L3S113', 'ivan.chorbev', '20'),
       ('IMB23_3-F23L3S115-vangel.ajanovski', 'IMB23_3-F23L3S115', 'vangel.ajanovski', '32'),
       ('IMB23_3-F23L3S118-milos.jovanovik', 'IMB23_3-F23L3S118', 'milos.jovanovik', '46'),
       ('IMB23_3-F23L3S118-pance.ribarski', 'IMB23_3-F23L3S118', 'pance.ribarski', '47'),
       ('IMB23_3-F23L3S122-hristina.mihajloska', 'IMB23_3-F23L3S122', 'hristina.mihajloska', '48'),
       ('IMB23_3-F23L3S122-vesna.dimitrova', 'IMB23_3-F23L3S122', 'vesna.dimitrova', '23'),
       ('IMB23_3-F23L3S125-miroslav.mirchev', 'IMB23_3-F23L3S125', 'miroslav.mirchev', '38'),
       ('IMB23_3-F23L3S127-ljupcho.antovski', 'IMB23_3-F23L3S127', 'ljupcho.antovski', '12'),
       ('IMB23_3-F23L3S127-petre.lameski', 'IMB23_3-F23L3S127', 'petre.lameski', '51'),
       ('IMB23_3-F23L3S127-vladimir.trajkovik', 'IMB23_3-F23L3S127', 'vladimir.trajkovik', '8'),
       ('IMB23_3-F23L3S130-georgina.mirceva', 'IMB23_3-F23L3S130', 'georgina.mirceva', '39'),
       ('IMB23_3-F23L3S131-lasko.basnarkov', 'IMB23_3-F23L3S131', 'lasko.basnarkov', '21'),
       ('IMB23_3-F23L3S132-nevena.ackovska', 'IMB23_3-F23L3S132', 'nevena.ackovska', '16'),
       ('IMB23_3-F23L3S135-biljana.stojkoska', 'IMB23_3-F23L3S135', 'biljana.stojkoska', '35'),
       ('IMB23_3-F23L3S138-eftim.zdravevski', 'IMB23_3-F23L3S138', 'eftim.zdravevski', '49'),
       ('IMB23_3-F23L3S138-goran.velinov', 'IMB23_3-F23L3S138', 'goran.velinov', '17'),
       ('IMB23_3-F23L3S139-magdalena.kostoska', 'IMB23_3-F23L3S139', 'magdalena.kostoska', '40'),
       ('IMB23_3-F23L3S139-pance.ribarski', 'IMB23_3-F23L3S139', 'pance.ribarski', '47'),
       ('IMB23_3-F23L3S141-goran.velinov', 'IMB23_3-F23L3S141', 'goran.velinov', '17'),
       ('IMB23_3-F23L3S141-slobodan.kalajdziski', 'IMB23_3-F23L3S141', 'slobodan.kalajdziski', '15'),
       ('IMB23_3-F23L3S144-lasko.basnarkov', 'IMB23_3-F23L3S144', 'lasko.basnarkov', '21'),
       ('IMB23_3-F23L3S149-marjan.gushev', 'IMB23_3-F23L3S149', 'marjan.gushev', '2'),
       ('IMB23_3-F23L3S149-vladimir.zdraveski', 'IMB23_3-F23L3S149', 'vladimir.zdraveski', '52'),
       ('IMB23_3-F23L3S150-biljana.tojtovska', 'IMB23_3-F23L3S150', 'biljana.tojtovska', '42'),
       ('IMB23_3-F23L3S150-bojan.ilijoski', 'IMB23_3-F23L3S150', 'bojan.ilijoski', '59'),
       ('IMB23_3-F23L3S153-andrea.kulakov', 'IMB23_3-F23L3S153', 'andrea.kulakov', '13'),
       ('IMB23_3-F23L3S153-petre.lameski', 'IMB23_3-F23L3S153', 'petre.lameski', '51'),
       ('IMB23_3-F23L3S155-boro.jakimovski', 'IMB23_3-F23L3S155', 'boro.jakimovski', '22'),
       ('IMB23_3-F23L3S155-pance.ribarski', 'IMB23_3-F23L3S155', 'pance.ribarski', '47'),
       ('IMB23_3-F23L3S157-eftim.zdravevski', 'IMB23_3-F23L3S157', 'eftim.zdravevski', '49'),
       ('IMB23_3-F23L3S157-goran.velinov', 'IMB23_3-F23L3S157', 'goran.velinov', '17'),
       ('IMB23_3-F23L3W158-dejan.spasov', 'IMB23_3-F23L3W158', 'dejan.spasov', '25'),
       ('IMB23_3-F23L3S159-anastas.mishev', 'IMB23_3-F23L3S159', 'anastas.mishev', '18'),
       ('IMB23_3-F23L3S159-riste.stojanov', 'IMB23_3-F23L3S159', 'riste.stojanov', '56'),
       ('IMB23_3-F23L3S160-sonja.filiposka', 'IMB23_3-F23L3S160', 'sonja.filiposka', '19'),
       ('IMB23_3-F23L3S162-sasho.gramatikov', 'IMB23_3-F23L3S162', 'sasho.gramatikov', '37'),
       ('IMB23_3-F23L3S163-biljana.tojtovska', 'IMB23_3-F23L3S163', 'biljana.tojtovska', '42'),
       ('IMB23_3-F23L3S163-bojan.ilijoski', 'IMB23_3-F23L3S163', 'bojan.ilijoski', '59'),
       ('IMB23_3-F23L3S163-pance.ribarski', 'IMB23_3-F23L3S163', 'pance.ribarski', '47'),
       ('IMB23_3-F23L3S166-goce.armenski', 'IMB23_3-F23L3S166', 'goce.armenski', '24'),
       ('IMB23_3-F23L3W001-aleksandra.popovska', 'IMB23_3-F23L3W001', 'aleksandra.popovska', '41'),
       ('IMB23_3-F23L3W001-biljana.tojtovska', 'IMB23_3-F23L3W001', 'biljana.tojtovska', '42'),
       ('IMB23_3-F23L3W001-marija.mihova', 'IMB23_3-F23L3W001', 'marija.mihova', '14'),
       ('IMB23_3-F23L3W001-metodija.jancheski', 'IMB23_3-F23L3W001', 'metodija.jancheski', '0'),
       ('IMB23_3-F23L3W001-natasa.ilievska', 'IMB23_3-F23L3W001', 'natasa.ilievska', '43'),
       ('IMB23_3-F23L3W001-verica.bakeva', 'IMB23_3-F23L3W001', 'verica.bakeva', '7'),
       ('IMB23_3-F23L3W004-eftim.zdravevski', 'IMB23_3-F23L3W004', 'eftim.zdravevski', '49'),
       ('IMB23_3-F23L3W004-georgina.mirceva', 'IMB23_3-F23L3W004', 'georgina.mirceva', '39'),
       ('IMB23_3-F23L3W004-goran.velinov', 'IMB23_3-F23L3W004', 'goran.velinov', '17'),
       ('IMB23_3-F23L3W004-kire.trivodaliev', 'IMB23_3-F23L3W004', 'kire.trivodaliev', '36'),
       ('IMB23_3-F23L3W004-slobodan.kalajdziski', 'IMB23_3-F23L3W004', 'slobodan.kalajdziski', '15'),
       ('IMB23_3-F23L3W004-sonja.gievska', 'IMB23_3-F23L3W004', 'sonja.gievska', '26'),
       ('IMB23_3-F23L3W004-vangel.ajanovski', 'IMB23_3-F23L3W004', 'vangel.ajanovski', '32'),
       ('IMB23_3-F23L3W008-dimitar.trajanov', 'IMB23_3-F23L3W008', 'dimitar.trajanov', '11'),
       ('IMB23_3-F23L3W008-georgina.mirceva', 'IMB23_3-F23L3W008', 'georgina.mirceva', '39'),
       ('IMB23_3-F23L3W008-igor.mishkovski', 'IMB23_3-F23L3W008', 'igor.mishkovski', '28'),
       ('IMB23_3-F23L3W008-milos.jovanovik', 'IMB23_3-F23L3W008', 'milos.jovanovik', '46'),
       ('IMB23_3-F23L3W008-miroslav.mirchev', 'IMB23_3-F23L3W008', 'miroslav.mirchev', '38'),
       ('IMB23_3-F23L3W008-slobodan.kalajdziski', 'IMB23_3-F23L3W008', 'slobodan.kalajdziski', '15'),
       ('IMB23_3-F23L3W008-vesna.dimitrova', 'IMB23_3-F23L3W008', 'vesna.dimitrova', '23'),
       ('IMB23_3-F23L3W009-dejan.gjorgjevikj', 'IMB23_3-F23L3W009', 'dejan.gjorgjevikj', '10'),
       ('IMB23_3-F23L3W009-gjorgji.madjarov', 'IMB23_3-F23L3W009', 'gjorgji.madjarov', '29'),
       ('IMB23_3-F23L3W009-ljupcho.antovski', 'IMB23_3-F23L3W009', 'ljupcho.antovski', '12'),
       ('IMB23_3-F23L3W009-petre.lameski', 'IMB23_3-F23L3W009', 'petre.lameski', '51'),
       ('IMB23_3-F23L3W024-dimitar.trajanov', 'IMB23_3-F23L3W024', 'dimitar.trajanov', '11'),
       ('IMB23_3-F23L3W024-milos.jovanovik', 'IMB23_3-F23L3W024', 'milos.jovanovik', '46'),
       ('IMB23_3-F23L3W024-riste.stojanov', 'IMB23_3-F23L3W024', 'riste.stojanov', '56'),
       ('IMB23_3-F23L3W024-sasho.gramatikov', 'IMB23_3-F23L3W024', 'sasho.gramatikov', '37'),
       ('IMB23_3-F23L3W024-vangel.ajanovski', 'IMB23_3-F23L3W024', 'vangel.ajanovski', '32'),
       ('IMB23_3-F23L3W027-goran.velinov', 'IMB23_3-F23L3W027', 'goran.velinov', '17'),
       ('IMB23_3-F23L3W027-kosta.mitreski', 'IMB23_3-F23L3W027', 'kosta.mitreski', '6'),
       ('IMB23_3-F23L3W027-ljupcho.antovski', 'IMB23_3-F23L3W027', 'ljupcho.antovski', '12'),
       ('IMB23_3-F23L3W027-milos.jovanovik', 'IMB23_3-F23L3W027', 'milos.jovanovik', '46'),
       ('IMB23_3-F23L3W027-smilka.janeska', 'IMB23_3-F23L3W027', 'smilka.janeska', '30'),
       ('IMB23_3-F23L3W033-anastas.mishev', 'IMB23_3-F23L3W033', 'anastas.mishev', '18'),
       ('IMB23_3-F23L3W033-bojana.koteska', 'IMB23_3-F23L3W033', 'bojana.koteska', '0'),
       ('IMB23_3-F23L3W033-hristina.mihajloska', 'IMB23_3-F23L3W033', 'hristina.mihajloska', '48'),
       ('IMB23_3-F23L3W035-marija.mihova', 'IMB23_3-F23L3W035', 'marija.mihova', '14'),
       ('IMB23_3-F23L3W035-vesna.dimitrievska', 'IMB23_3-F23L3W035', 'vesna.dimitrievska', '33'),
       ('IMB23_3-F23L3W037-magdalena.kostoska', 'IMB23_3-F23L3W037', 'magdalena.kostoska', '40'),
       ('IMB23_3-F23L3W037-marjan.gushev', 'IMB23_3-F23L3W037', 'marjan.gushev', '2'),
       ('IMB23_3-F23L3W037-vladimir.zdraveski', 'IMB23_3-F23L3W037', 'vladimir.zdraveski', '52'),
       ('IMB23_3-F23L3W038-emil.stankov', 'IMB23_3-F23L3W038', 'emil.stankov', '54'),
       ('IMB23_3-F23L3W038-kire.trivodaliev', 'IMB23_3-F23L3W038', 'kire.trivodaliev', '36'),
       ('IMB23_3-F23L3W038-mile.jovanov', 'IMB23_3-F23L3W038', 'mile.jovanov', '34'),
       ('IMB23_3-F23L3S040-monika.simjanoska', 'IMB23_3-F23L3S040', 'monika.simjanoska', '100'),
       ('IMB23_3-F23L3S040-nevena.ackovska', 'IMB23_3-F23L3S040', 'nevena.ackovska', '16'),
       ('IMB23_3-F23L3W044-lasko.basnarkov', 'IMB23_3-F23L3W044', 'lasko.basnarkov', '21'),
       ('IMB23_3-F23L3W048-monika.simjanoska', 'IMB23_3-F23L3W048', 'monika.simjanoska', '100'),
       ('IMB23_3-F23L3W050-goce.armenski', 'IMB23_3-F23L3W050', 'goce.armenski', '24'),
       ('IMB23_3-F23L3W053-bojan.ilijoski', 'IMB23_3-F23L3W053', 'bojan.ilijoski', '59'),
       ('IMB23_3-F23L3W053-katerina.zdravkova', 'IMB23_3-F23L3W053', 'katerina.zdravkova', '3'),
       ('IMB23_3-F23L3W056-ana.madevska', 'IMB23_3-F23L3W056', 'ana.madevska', '9'),
       ('IMB23_3-F23L3W060-boro.jakimovski', 'IMB23_3-F23L3W060', 'boro.jakimovski', '22'),
       ('IMB23_3-F23L3W064-boro.jakimovski', 'IMB23_3-F23L3W064', 'boro.jakimovski', '22'),
       ('IMB23_3-F23L3W064-vladimir.trajkovik', 'IMB23_3-F23L3W064', 'vladimir.trajkovik', '8'),
       ('IMB23_3-F23L3W065-anastas.mishev', 'IMB23_3-F23L3W065', 'anastas.mishev', '18'),
       ('IMB23_3-F23L3W065-sonja.filiposka', 'IMB23_3-F23L3W065', 'sonja.filiposka', '19'),
       ('IMB23_3-F23L3W068-marjan.gushev', 'IMB23_3-F23L3W068', 'marjan.gushev', '2'),
       ('IMB23_3-F23L3W072-andrea.kulakov', 'IMB23_3-F23L3W072', 'andrea.kulakov', '13'),
       ('IMB23_3-F23L3W072-nevena.ackovska', 'IMB23_3-F23L3W072', 'nevena.ackovska', '16'),
       ('IMB23_3-F23L3W074-boro.jakimovski', 'IMB23_3-F23L3W074', 'boro.jakimovski', '22'),
       ('IMB23_3-F23L3W074-goran.velinov', 'IMB23_3-F23L3W074', 'goran.velinov', '17'),
       ('IMB23_3-F23L3W074-vangel.ajanovski', 'IMB23_3-F23L3W074', 'vangel.ajanovski', '32'),
       ('IMB23_3-F23L3W075-vladimir.trajkovik', 'IMB23_3-F23L3W075', 'vladimir.trajkovik', '8'),
       ('IMB23_3-F23L3W076-eftim.zdravevski', 'IMB23_3-F23L3W076', 'eftim.zdravevski', '49'),
       ('IMB23_3-F23L3W079-dimitar.trajanov', 'IMB23_3-F23L3W079', 'dimitar.trajanov', '11'),
       ('IMB23_3-F23L3W079-milos.jovanovik', 'IMB23_3-F23L3W079', 'milos.jovanovik', '46'),
       ('IMB23_3-F23L3W081-katarina.trojacanec', 'IMB23_3-F23L3W081', 'katarina.trojacanec', '55'),
       ('IMB23_3-F23L3W081-suzana.loshkovska', 'IMB23_3-F23L3W081', 'suzana.loshkovska', '4'),
       ('IMB23_3-F23L3W088-aleksandra.kanevche', 'IMB23_3-F23L3W088', 'aleksandra.kanevche', '53'),
       ('IMB23_3-F23L3W089-dejan.gjorgjevikj', 'IMB23_3-F23L3W089', 'dejan.gjorgjevikj', '10'),
       ('IMB23_3-F23L3W092-boban.joksimoski', 'IMB23_3-F23L3W092', 'boban.joksimoski', '57'),
       ('IMB23_3-F23L3W092-ivan.chorbev', 'IMB23_3-F23L3W092', 'ivan.chorbev', '20'),
       ('IMB23_3-F23L3W098-boro.jakimovski', 'IMB23_3-F23L3W098', 'boro.jakimovski', '22'),
       ('IMB23_3-F23L3W103-ivan.chorbev', 'IMB23_3-F23L3W103', 'ivan.chorbev', '20'),
       ('IMB23_3-F23L3W103-vangel.ajanovski', 'IMB23_3-F23L3W103', 'vangel.ajanovski', '32'),
       ('IMB23_3-F23L3W105-magdalena.kostoska', 'IMB23_3-F23L3W105', 'magdalena.kostoska', '40'),
       ('IMB23_3-F23L3W105-marjan.gushev', 'IMB23_3-F23L3W105', 'marjan.gushev', '2'),
       ('IMB23_3-F23L3W108-biljana.stojkoska', 'IMB23_3-F23L3W108', 'biljana.stojkoska', '35'),
       ('IMB23_3-F23L3W108-igor.mishkovski', 'IMB23_3-F23L3W108', 'igor.mishkovski', '28'),
       ('IMB23_3-F23L3W117-andreja.naumoski', 'IMB23_3-F23L3W117', 'andreja.naumoski', '45'),
       ('IMB23_3-F23L3W121-ivan.kitanovski', 'IMB23_3-F23L3W121', 'ivan.kitanovski', '50'),
       ('IMB23_3-F23L3W121-pance.ribarski', 'IMB23_3-F23L3W121', 'pance.ribarski', '47'),
       ('IMB23_3-F23L3W123-andrea.kulakov', 'IMB23_3-F23L3W123', 'andrea.kulakov', '13'),
       ('IMB23_3-F23L3W123-ivica.dimitrovski', 'IMB23_3-F23L3W123', 'ivica.dimitrovski', '27'),
       ('IMB23_3-F23L3W126-andreja.naumoski', 'IMB23_3-F23L3W126', 'andreja.naumoski', '45'),
       ('IMB23_3-F23L3W128-petre.lameski', 'IMB23_3-F23L3W128', 'petre.lameski', '51'),
       ('IMB23_3-F23L3W128-vladimir.trajkovik', 'IMB23_3-F23L3W128', 'vladimir.trajkovik', '8'),
       ('IMB23_3-F23L3W129-igor.mishkovski', 'IMB23_3-F23L3W129', 'igor.mishkovski', '28'),
       ('IMB23_3-F23L3W129-ljupcho.antovski', 'IMB23_3-F23L3W129', 'ljupcho.antovski', '12'),
       ('IMB23_3-F23L3W133-sonja.filiposka', 'IMB23_3-F23L3W133', 'sonja.filiposka', '19'),
       ('IMB23_3-F23L3W134-sasho.gramatikov', 'IMB23_3-F23L3W134', 'sasho.gramatikov', '37'),
       ('IMB23_3-F23L3W136-boban.joksimoski', 'IMB23_3-F23L3W136', 'boban.joksimoski', '57'),
       ('IMB23_3-F23L3W136-goce.armenski', 'IMB23_3-F23L3W136', 'goce.armenski', '24'),
       ('IMB23_3-F23L3W136-ivan.chorbev', 'IMB23_3-F23L3W136', 'ivan.chorbev', '20'),
       ('IMB23_3-F23L3W137-bojan.ilijoski', 'IMB23_3-F23L3W137', 'bojan.ilijoski', '59'),
       ('IMB23_3-F23L3W137-nevena.ackovska', 'IMB23_3-F23L3W137', 'nevena.ackovska', '16'),
       ('IMB23_3-F23L3W137-sonja.gievska', 'IMB23_3-F23L3W137', 'sonja.gievska', '26'),
       ('IMB23_3-F23L3W140-dejan.gjorgjevikj', 'IMB23_3-F23L3W140', 'dejan.gjorgjevikj', '10'),
       ('IMB23_3-F23L3W140-gjorgji.madjarov', 'IMB23_3-F23L3W140', 'gjorgji.madjarov', '29'),
       ('IMB23_3-F23L3W140-ivan.kitanovski', 'IMB23_3-F23L3W140', 'ivan.kitanovski', '50'),
       ('IMB23_3-F23L3W142-ivica.dimitrovski', 'IMB23_3-F23L3W142', 'ivica.dimitrovski', '27'),
       ('IMB23_3-F23L3W142-sonja.gievska', 'IMB23_3-F23L3W142', 'sonja.gievska', '26'),
       ('IMB23_3-F23L3W145-miroslav.mirchev', 'IMB23_3-F23L3W145', 'miroslav.mirchev', '38'),
       ('IMB23_3-F23L3W148-andrea.kulakov', 'IMB23_3-F23L3W148', 'andrea.kulakov', '13'),
       ('IMB23_3-F23L3W152-katarina.trojacanec', 'IMB23_3-F23L3W152', 'katarina.trojacanec', '55'),
       ('IMB23_3-F23L3W152-suzana.loshkovska', 'IMB23_3-F23L3W152', 'suzana.loshkovska', '4'),
       ('IMB23_3-F23L3W154-eftim.zdravevski', 'IMB23_3-F23L3W154', 'eftim.zdravevski', '49'),
       ('IMB23_3-F23L3W154-gjorgji.madjarov', 'IMB23_3-F23L3W154', 'gjorgji.madjarov', '29'),
       ('IMB23_3-F23L3W156-georgina.mirceva', 'IMB23_3-F23L3W156', 'georgina.mirceva', '39'),
       ('IMB23_3-F23L3W161-marija.mihova', 'IMB23_3-F23L3W161', 'marija.mihova', '14'),
       ('IMB23_3-F23L3W161-sonja.gievska', 'IMB23_3-F23L3W161', 'sonja.gievska', '26'),
       ('IMB23_3-F23L3W162-andreja.naumoski', 'IMB23_3-F23L3W162', 'andreja.naumoski', '45'),
       ('IMB23_3-F23L3W162-lasko.basnarkov', 'IMB23_3-F23L3W162', 'lasko.basnarkov', '21'),
       ('IMB23_3-F23L3W200-biljana.stojkoska', 'IMB23_3-F23L3W200', 'biljana.stojkoska', '35'),
       ('KI23_3-F23L1S016-ana.madevska', 'KI23_3-F23L1S016', 'ana.madevska', '9'),
       ('KI23_3-F23L1S016-boban.joksimoski', 'KI23_3-F23L1S016', 'boban.joksimoski', '57'),
       ('KI23_3-F23L1S016-dejan.gjorgjevikj', 'KI23_3-F23L1S016', 'dejan.gjorgjevikj', '10'),
       ('KI23_3-F23L1S016-emil.stankov', 'KI23_3-F23L1S016', 'emil.stankov', '54'),
       ('KI23_3-F23L1S016-gjorgji.madjarov', 'KI23_3-F23L1S016', 'gjorgji.madjarov', '29'),
       ('KI23_3-F23L1S016-hristina.mihajloska', 'KI23_3-F23L1S016', 'hristina.mihajloska', '48'),
       ('KI23_3-F23L1S016-ivan.chorbev', 'KI23_3-F23L1S016', 'ivan.chorbev', '20'),
       ('KI23_3-F23L1S016-ivica.dimitrovski', 'KI23_3-F23L1S016', 'ivica.dimitrovski', '27'),
       ('KI23_3-F23L1S016-katarina.trojacanec', 'KI23_3-F23L1S016', 'katarina.trojacanec', '55'),
       ('KI23_3-F23L1S016-nevena.ackovska', 'KI23_3-F23L1S016', 'nevena.ackovska', '16'),
       ('KI23_3-F23L1S026-biljana.stojkoska', 'KI23_3-F23L1S026', 'biljana.stojkoska', '35'),
       ('KI23_3-F23L1S026-smilka.janeska', 'KI23_3-F23L1S026', 'smilka.janeska', '30'),
       ('KI23_3-F23L1S045-riste.stojanov', 'KI23_3-F23L1S045', 'riste.stojanov', '56'),
       ('KI23_3-F23L1S052-mile.jovanov', 'KI23_3-F23L1S052', 'mile.jovanov', '34'),
       ('KI23_3-F23L1S116-andreja.naumoski', 'KI23_3-F23L1S116', 'andreja.naumoski', '45'),
       ('KI23_3-F23L1S116-kosta.mitreski', 'KI23_3-F23L1S116', 'kosta.mitreski', '6'),
       ('KI23_3-F23L1S120-sonja.filiposka', 'KI23_3-F23L1S120', 'sonja.filiposka', '19'),
       ('KI23_3-F23L1S120-vladimir.trajkovik', 'KI23_3-F23L1S120', 'vladimir.trajkovik', '8'),
       ('KI23_3-F23L1S146-boban.joksimoski', 'KI23_3-F23L1S146', 'boban.joksimoski', '57'),
       ('KI23_3-F23L1S146-goce.armenski', 'KI23_3-F23L1S146', 'goce.armenski', '24'),
       ('KI23_3-F23L1S146-ivan.chorbev', 'KI23_3-F23L1S146', 'ivan.chorbev', '20'),
       ('KI23_3-F23L1S146-ivan.kitanovski', 'KI23_3-F23L1S146', 'ivan.kitanovski', '50'),
       ('KI23_3-F23L1S146-slobodan.kalajdziski', 'KI23_3-F23L1S146', 'slobodan.kalajdziski', '15'),
       ('KI23_3-F23L1W018-andreja.naumoski', 'KI23_3-F23L1W018', 'andreja.naumoski', '45'),
       ('KI23_3-F23L1W018-biljana.stojkoska', 'KI23_3-F23L1W018', 'biljana.stojkoska', '35'),
       ('KI23_3-F23L1W018-kire.trivodaliev', 'KI23_3-F23L1W018', 'kire.trivodaliev', '36'),
       ('KI23_3-F23L1W018-lasko.basnarkov', 'KI23_3-F23L1W018', 'lasko.basnarkov', '21'),
       ('KI23_3-F23L1W018-magdalena.kostoska', 'KI23_3-F23L1W018', 'magdalena.kostoska', '40'),
       ('KI23_3-F23L1W018-pance.ribarski', 'KI23_3-F23L1W018', 'pance.ribarski', '47'),
       ('KI23_3-F23L1W020-ana.madevska', 'KI23_3-F23L1W020', 'ana.madevska', '9'),
       ('KI23_3-F23L1W020-boban.joksimoski', 'KI23_3-F23L1W020', 'boban.joksimoski', '57'),
       ('KI23_3-F23L1W020-dejan.gjorgjevikj', 'KI23_3-F23L1W020', 'dejan.gjorgjevikj', '10'),
       ('KI23_3-F23L1W020-emil.stankov', 'KI23_3-F23L1W020', 'emil.stankov', '54'),
       ('KI23_3-F23L1W020-gjorgji.madjarov', 'KI23_3-F23L1W020', 'gjorgji.madjarov', '29'),
       ('KI23_3-F23L1W020-hristina.mihajloska', 'KI23_3-F23L1W020', 'hristina.mihajloska', '48'),
       ('KI23_3-F23L1W020-ivan.chorbev', 'KI23_3-F23L1W020', 'ivan.chorbev', '20'),
       ('KI23_3-F23L1W020-ivica.dimitrovski', 'KI23_3-F23L1W020', 'ivica.dimitrovski', '27'),
       ('KI23_3-F23L1W020-katarina.trojacanec', 'KI23_3-F23L1W020', 'katarina.trojacanec', '55'),
       ('KI23_3-F23L1W020-mile.jovanov', 'KI23_3-F23L1W020', 'mile.jovanov', '34'),
       ('KI23_3-F23L1W020-nevena.ackovska', 'KI23_3-F23L1W020', 'nevena.ackovska', '16'),
       ('KI23_3-F23L2S002-eftim.zdravevski', 'KI23_3-F23L2S002', 'eftim.zdravevski', '49'),
       ('KI23_3-F23L2S002-georgina.mirceva', 'KI23_3-F23L2S002', 'georgina.mirceva', '39'),
       ('KI23_3-F23L2S002-ljupcho.antovski', 'KI23_3-F23L2S002', 'ljupcho.antovski', '12'),
       ('KI23_3-F23L2S011-dejan.spasov', 'KI23_3-F23L2S011', 'dejan.spasov', '25'),
       ('KI23_3-F23L2S011-emil.stankov', 'KI23_3-F23L2S011', 'emil.stankov', '54'),
       ('KI23_3-F23L2S011-metodija.jancheski', 'KI23_3-F23L2S011', 'metodija.jancheski', '0'),
       ('KI23_3-F23L2S011-natasa.ilievska', 'KI23_3-F23L2S011', 'natasa.ilievska', '43'),
       ('KI23_3-F23L2S011-vesna.dimitrievska', 'KI23_3-F23L2S011', 'vesna.dimitrievska', '33'),
       ('KI23_3-F23L2S015-biljana.stojkoska', 'KI23_3-F23L2S015', 'biljana.stojkoska', '35'),
       ('KI23_3-F23L2S015-bojana.koteska', 'KI23_3-F23L2S015', 'bojana.koteska', '0'),
       ('KI23_3-F23L2S015-ilinka.ivanoska', 'KI23_3-F23L2S015', 'ilinka.ivanoska', '58'),
       ('KI23_3-F23L2S015-kire.trivodaliev', 'KI23_3-F23L2S015', 'kire.trivodaliev', '36'),
       ('KI23_3-F23L2S015-slobodan.kalajdziski', 'KI23_3-F23L2S015', 'slobodan.kalajdziski', '15'),
       ('KI23_3-F23L2S017-boro.jakimovski', 'KI23_3-F23L2S017', 'boro.jakimovski', '22'),
       ('KI23_3-F23L2S017-dimitar.trajanov', 'KI23_3-F23L2S017', 'dimitar.trajanov', '11'),
       ('KI23_3-F23L2S017-igor.mishkovski', 'KI23_3-F23L2S017', 'igor.mishkovski', '28'),
       ('KI23_3-F23L2S017-milos.jovanovik', 'KI23_3-F23L2S017', 'milos.jovanovik', '46'),
       ('KI23_3-F23L2S017-nevena.ackovska', 'KI23_3-F23L2S017', 'nevena.ackovska', '16'),
       ('KI23_3-F23L2S017-riste.stojanov', 'KI23_3-F23L2S017', 'riste.stojanov', '56'),
       ('KI23_3-F23L2S017-sasho.gramatikov', 'KI23_3-F23L2S017', 'sasho.gramatikov', '37'),
       ('KI23_3-F23L2S017-vesna.dimitrova', 'KI23_3-F23L2S017', 'vesna.dimitrova', '23'),
       ('KI23_3-F23L2S029-dejan.gjorgjevikj', 'KI23_3-F23L2S029', 'dejan.gjorgjevikj', '10'),
       ('KI23_3-F23L2S029-gjorgji.madjarov', 'KI23_3-F23L2S029', 'gjorgji.madjarov', '29'),
       ('KI23_3-F23L2S029-ivica.dimitrovski', 'KI23_3-F23L2S029', 'ivica.dimitrovski', '27'),
       ('KI23_3-F23L2S029-katarina.trojacanec', 'KI23_3-F23L2S029', 'katarina.trojacanec', '55'),
       ('KI23_3-F23L2S029-katerina.zdravkova', 'KI23_3-F23L2S029', 'katerina.zdravkova', '3'),
       ('KI23_3-F23L2S030-andrea.kulakov', 'KI23_3-F23L2S030', 'andrea.kulakov', '13'),
       ('KI23_3-F23L2S030-georgina.mirceva', 'KI23_3-F23L2S030', 'georgina.mirceva', '39'),
       ('KI23_3-F23L2S030-ilinka.ivanoska', 'KI23_3-F23L2S030', 'ilinka.ivanoska', '58'),
       ('KI23_3-F23L2S030-kire.trivodaliev', 'KI23_3-F23L2S030', 'kire.trivodaliev', '36'),
       ('KI23_3-F23L2S030-petre.lameski', 'KI23_3-F23L2S030', 'petre.lameski', '51'),
       ('KI23_3-F23L2S030-sonja.gievska', 'KI23_3-F23L2S030', 'sonja.gievska', '26'),
       ('KI23_3-F23L2S034-aleksandra.popovska', 'KI23_3-F23L2S034', 'aleksandra.popovska', '41'),
       ('KI23_3-F23L2S034-metodija.jancheski', 'KI23_3-F23L2S034', 'metodija.jancheski', '0'),
       ('KI23_3-F23L2S034-verica.bakeva', 'KI23_3-F23L2S034', 'verica.bakeva', '7'),
       ('KI23_3-F23L2S034-vesna.dimitrievska', 'KI23_3-F23L2S034', 'vesna.dimitrievska', '33'),
       ('KI23_3-F23L2S034-vesna.dimitrova', 'KI23_3-F23L2S034', 'vesna.dimitrova', '23'),
       ('KI23_3-F23L2S042-andreja.naumoski', 'KI23_3-F23L2S042', 'andreja.naumoski', '45'),
       ('KI23_3-F23L2S042-kosta.mitreski', 'KI23_3-F23L2S042', 'kosta.mitreski', '6'),
       ('KI23_3-F23L2S051-emil.stankov', 'KI23_3-F23L2S051', 'emil.stankov', '54'),
       ('KI23_3-F23L2S051-mile.jovanov', 'KI23_3-F23L2S051', 'mile.jovanov', '34'),
       ('KI23_3-F23L2S061-anastas.mishev', 'KI23_3-F23L2S061', 'anastas.mishev', '18'),
       ('KI23_3-F23L2S061-sonja.filiposka', 'KI23_3-F23L2S061', 'sonja.filiposka', '19'),
       ('KI23_3-F23L2S066-anastas.mishev', 'KI23_3-F23L2S066', 'anastas.mishev', '18'),
       ('KI23_3-F23L2S066-sonja.filiposka', 'KI23_3-F23L2S066', 'sonja.filiposka', '19'),
       ('KI23_3-F23L2S082-dejan.gjorgjevikj', 'KI23_3-F23L2S082', 'dejan.gjorgjevikj', '10'),
       ('KI23_3-F23L2S084-andreja.naumoski', 'KI23_3-F23L2S084', 'andreja.naumoski', '45'),
       ('KI23_3-F23L2S084-kosta.mitreski', 'KI23_3-F23L2S084', 'kosta.mitreski', '6'),
       ('KI23_3-F23L2S090-verica.bakeva', 'KI23_3-F23L2S090', 'verica.bakeva', '7'),
       ('KI23_3-F23L2S095-andrea.kulakov', 'KI23_3-F23L2S095', 'andrea.kulakov', '13'),
       ('KI23_3-F23L2S095-ivica.dimitrovski', 'KI23_3-F23L2S095', 'ivica.dimitrovski', '27'),
       ('KI23_3-F23L2S097-marija.mihova', 'KI23_3-F23L2S097', 'marija.mihova', '14'),
       ('KI23_3-F23L2S099-georgina.mirceva', 'KI23_3-F23L2S099', 'georgina.mirceva', '39'),
       ('KI23_3-F23L2S099-smilka.janeska', 'KI23_3-F23L2S099', 'smilka.janeska', '30'),
       ('KI23_3-F23L2S110-goce.armenski', 'KI23_3-F23L2S110', 'goce.armenski', '24'),
       ('KI23_3-F23L2S110-magdalena.kostoska', 'KI23_3-F23L2S110', 'magdalena.kostoska', '40'),
       ('KI23_3-F23L2S110-vangel.ajanovski', 'KI23_3-F23L2S110', 'vangel.ajanovski', '32'),
       ('KI23_3-F23L2S114-boban.joksimoski', 'KI23_3-F23L2S114', 'boban.joksimoski', '57'),
       ('KI23_3-F23L2S114-suzana.loshkovska', 'KI23_3-F23L2S114', 'suzana.loshkovska', '4'),
       ('KI23_3-F23L2S114-vangel.ajanovski', 'KI23_3-F23L2S114', 'vangel.ajanovski', '32'),
       ('KI23_3-F23L2S119-goran.velinov', 'KI23_3-F23L2S119', 'goran.velinov', '17'),
       ('KI23_3-F23L2S119-vladimir.zdraveski', 'KI23_3-F23L2S119', 'vladimir.zdraveski', '52'),
       ('KI23_3-F23L2S124-vladimir.trajkovik', 'KI23_3-F23L2S124', 'vladimir.trajkovik', '8'),
       ('KI23_3-F23L2S164-aleksandra.popovska', 'KI23_3-F23L2S164', 'aleksandra.popovska', '41'),
       ('KI23_3-F23L2S164-verica.bakeva', 'KI23_3-F23L2S164', 'verica.bakeva', '7'),
       ('KI23_3-F23L2W001-ana.madevska', 'KI23_3-F23L2W001', 'ana.madevska', '9'),
       ('KI23_3-F23L2W001-bojana.koteska', 'KI23_3-F23L2W001', 'bojana.koteska', '0'),
       ('KI23_3-F23L2W001-eftim.zdravevski', 'KI23_3-F23L2W001', 'eftim.zdravevski', '49'),
       ('KI23_3-F23L2W001-hristina.mihajloska', 'KI23_3-F23L2W001', 'hristina.mihajloska', '48'),
       ('KI23_3-F23L2W001-ilinka.ivanoska', 'KI23_3-F23L2W001', 'ilinka.ivanoska', '58'),
       ('KI23_3-F23L2W001-slobodan.kalajdziski', 'KI23_3-F23L2W001', 'slobodan.kalajdziski', '15'),
       ('KI23_3-F23L2W001-vladimir.trajkovik', 'KI23_3-F23L2W001', 'vladimir.trajkovik', '8'),
       ('KI23_3-F23L2W006-aleksandra.popovska', 'KI23_3-F23L2W006', 'aleksandra.popovska', '41'),
       ('KI23_3-F23L2W006-biljana.tojtovska', 'KI23_3-F23L2W006', 'biljana.tojtovska', '42'),
       ('KI23_3-F23L2W006-natasa.ilievska', 'KI23_3-F23L2W006', 'natasa.ilievska', '43'),
       ('KI23_3-F23L2W006-verica.bakeva', 'KI23_3-F23L2W006', 'verica.bakeva', '7'),
       ('KI23_3-F23L2W033-metodija.jancheski', 'KI23_3-F23L2W033', 'metodija.jancheski', '0'),
       ('KI23_3-F23L2W033-vesna.dimitrievska', 'KI23_3-F23L2W033', 'vesna.dimitrievska', '33'),
       ('KI23_3-F23L2W041-sasho.gramatikov', 'KI23_3-F23L2W041', 'sasho.gramatikov', '37'),
       ('KI23_3-F23L2W046-dejan.spasov', 'KI23_3-F23L2W046', 'dejan.spasov', '25'),
       ('KI23_3-F23L2W046-marjan.gushev', 'KI23_3-F23L2W046', 'marjan.gushev', '2'),
       ('KI23_3-F23L2W049-lasko.basnarkov', 'KI23_3-F23L2W049', 'lasko.basnarkov', '21'),
       ('KI23_3-F23L2W055-mile.jovanov', 'KI23_3-F23L2W055', 'mile.jovanov', '34'),
       ('KI23_3-F23L2W067-aleksandra.popovska', 'KI23_3-F23L2W067', 'aleksandra.popovska', '41'),
       ('KI23_3-F23L2W067-verica.bakeva', 'KI23_3-F23L2W067', 'verica.bakeva', '7'),
       ('KI23_3-F23L2W096-boban.joksimoski', 'KI23_3-F23L2W096', 'boban.joksimoski', '57'),
       ('KI23_3-F23L2W100-smilka.janeska', 'KI23_3-F23L2W100', 'smilka.janeska', '30'),
       ('KI23_3-F23L2W104-vesna.dimitrova', 'KI23_3-F23L2W104', 'vesna.dimitrova', '23'),
       ('KI23_3-F23L2W109-bojan.ilijoski', 'KI23_3-F23L2W109', 'bojan.ilijoski', '59'),
       ('KI23_3-F23L2W109-ivan.kitanovski', 'KI23_3-F23L2W109', 'ivan.kitanovski', '50'),
       ('KI23_3-F23L2W109-suzana.loshkovska', 'KI23_3-F23L2W109', 'suzana.loshkovska', '4'),
       ('KI23_3-F23L2W147-miroslav.mirchev', 'KI23_3-F23L2W147', 'miroslav.mirchev', '38'),
       ('KI23_3-F23L2W165-anastas.mishev', 'KI23_3-F23L2W165', 'anastas.mishev', '18'),
       ('KI23_3-F23L2W165-sonja.filiposka', 'KI23_3-F23L2W165', 'sonja.filiposka', '19'),
       ('KI23_3-F23L2W165-vladimir.zdraveski', 'KI23_3-F23L2W165', 'vladimir.zdraveski', '52'),
       ('KI23_3-F23L2W167-ivica.dimitrovski', 'KI23_3-F23L2W167', 'ivica.dimitrovski', '27'),
       ('KI23_3-F23L2W167-katarina.trojacanec', 'KI23_3-F23L2W167', 'katarina.trojacanec', '55'),
       ('KI23_3-F23L2W167-suzana.loshkovska', 'KI23_3-F23L2W167', 'suzana.loshkovska', '4'),
       ('KI23_3-F23L3S010-bojan.ilijoski', 'KI23_3-F23L3S010', 'bojan.ilijoski', '59'),
       ('KI23_3-F23L3S010-ivan.kitanovski', 'KI23_3-F23L3S010', 'ivan.kitanovski', '50'),
       ('KI23_3-F23L3S010-sonja.gievska', 'KI23_3-F23L3S010', 'sonja.gievska', '26'),
       ('KI23_3-F23L3S010-suzana.loshkovska', 'KI23_3-F23L3S010', 'suzana.loshkovska', '4'),
       ('KI23_3-F23L3S012-ivan.chorbev', 'KI23_3-F23L3S012', 'ivan.chorbev', '20'),
       ('KI23_3-F23L3S019-bojana.koteska', 'KI23_3-F23L3S019', 'bojana.koteska', '0'),
       ('KI23_3-F23L3S019-gjorgji.madjarov', 'KI23_3-F23L3S019', 'gjorgji.madjarov', '29'),
       ('KI23_3-F23L3S019-hristina.mihajloska', 'KI23_3-F23L3S019', 'hristina.mihajloska', '48'),
       ('KI23_3-F23L3S022-dimitar.trajanov', 'KI23_3-F23L3S022', 'dimitar.trajanov', '11'),
       ('KI23_3-F23L3S022-ljupcho.antovski', 'KI23_3-F23L3S022', 'ljupcho.antovski', '12'),
       ('KI23_3-F23L3S022-milos.jovanovik', 'KI23_3-F23L3S022', 'milos.jovanovik', '46'),
       ('KI23_3-F23L3S022-vladimir.zdraveski', 'KI23_3-F23L3S022', 'vladimir.zdraveski', '52'),
       ('KI23_3-F23L3S025-dimitar.trajanov', 'KI23_3-F23L3S025', 'dimitar.trajanov', '11'),
       ('KI23_3-F23L3S025-goce.armenski', 'KI23_3-F23L3S025', 'goce.armenski', '24'),
       ('KI23_3-F23L3S025-milos.jovanovik', 'KI23_3-F23L3S025', 'milos.jovanovik', '46'),
       ('KI23_3-F23L3S025-riste.stojanov', 'KI23_3-F23L3S025', 'riste.stojanov', '56'),
       ('KI23_3-F23L3S025-sasho.gramatikov', 'KI23_3-F23L3S025', 'sasho.gramatikov', '37'),
       ('KI23_3-F23L3S028-eftim.zdravevski', 'KI23_3-F23L3S028', 'eftim.zdravevski', '49'),
       ('KI23_3-F23L3S028-vladimir.trajkovik', 'KI23_3-F23L3S028', 'vladimir.trajkovik', '8'),
       ('KI23_3-F23L3S036-aleksandra.kanevche', 'KI23_3-F23L3S036', 'aleksandra.kanevche', '53'),
       ('KI23_3-F23L3S036-miroslav.mirchev', 'KI23_3-F23L3S036', 'miroslav.mirchev', '38'),
       ('KI23_3-F23L3S039-marija.mihova', 'KI23_3-F23L3S039', 'marija.mihova', '14'),
       ('KI23_3-F23L3S039-mile.jovanov', 'KI23_3-F23L3S039', 'mile.jovanov', '34'),
       ('KI23_3-F23L3S047-lasko.basnarkov', 'KI23_3-F23L3S047', 'lasko.basnarkov', '21'),
       ('KI23_3-F23L3S054-ana.madevska', 'KI23_3-F23L3S054', 'ana.madevska', '9'),
       ('KI23_3-F23L3S057-ana.madevska', 'KI23_3-F23L3S057', 'ana.madevska', '9'),
       ('KI23_3-F23L3S059-aleksandra.kanevche', 'KI23_3-F23L3S059', 'aleksandra.kanevche', '53'),
       ('KI23_3-F23L3S062-boro.jakimovski', 'KI23_3-F23L3S062', 'boro.jakimovski', '22'),
       ('KI23_3-F23L3S063-aleksandra.kanevche', 'KI23_3-F23L3S063', 'aleksandra.kanevche', '53'),
       ('KI23_3-F23L3S063-igor.mishkovski', 'KI23_3-F23L3S063', 'igor.mishkovski', '28'),
       ('KI23_3-F23L3S069-vangel.ajanovski', 'KI23_3-F23L3S069', 'vangel.ajanovski', '32'),
       ('KI23_3-F23L3S073-kire.trivodaliev', 'KI23_3-F23L3S073', 'kire.trivodaliev', '36'),
       ('KI23_3-F23L3S073-sonja.gievska', 'KI23_3-F23L3S073', 'sonja.gievska', '26'),
       ('KI23_3-F23L3S078-ilinka.ivanoska', 'KI23_3-F23L3S078', 'ilinka.ivanoska', '58'),
       ('KI23_3-F23L3S080-ivan.kitanovski', 'KI23_3-F23L3S080', 'ivan.kitanovski', '50'),
       ('KI23_3-F23L3S080-ivica.dimitrovski', 'KI23_3-F23L3S080', 'ivica.dimitrovski', '27'),
       ('KI23_3-F23L3S083-katarina.trojacanec', 'KI23_3-F23L3S083', 'katarina.trojacanec', '55'),
       ('KI23_3-F23L3S083-suzana.loshkovska', 'KI23_3-F23L3S083', 'suzana.loshkovska', '4'),
       ('KI23_3-F23L3W085-monika.simjanoska', 'KI23_3-F23L3W085', 'monika.simjanoska', '100'),
       ('KI23_3-F23L3W085-nevena.ackovska', 'KI23_3-F23L3W085', 'nevena.ackovska', '16'),
       ('KI23_3-F23L3S086-andrea.kulakov', 'KI23_3-F23L3S086', 'andrea.kulakov', '13'),
       ('KI23_3-F23L3S087-igor.mishkovski', 'KI23_3-F23L3S087', 'igor.mishkovski', '28'),
       ('KI23_3-F23L3S087-miroslav.mirchev', 'KI23_3-F23L3S087', 'miroslav.mirchev', '38'),
       ('KI23_3-F23L3S091-andreja.naumoski', 'KI23_3-F23L3S091', 'andreja.naumoski', '45'),
       ('KI23_3-F23L3S091-kosta.mitreski', 'KI23_3-F23L3S091', 'kosta.mitreski', '6'),
       ('KI23_3-F23L3S093-vesna.dimitrova', 'KI23_3-F23L3S093', 'vesna.dimitrova', '23'),
       ('KI23_3-F23L3S094-magdalena.kostoska', 'KI23_3-F23L3S094', 'magdalena.kostoska', '40'),
       ('KI23_3-F23L3S101-anastas.mishev', 'KI23_3-F23L3S101', 'anastas.mishev', '18'),
       ('KI23_3-F23L3S101-hristina.mihajloska', 'KI23_3-F23L3S101', 'hristina.mihajloska', '48'),
       ('KI23_3-F23L3S102-dimitar.trajanov', 'KI23_3-F23L3S102', 'dimitar.trajanov', '11'),
       ('KI23_3-F23L3S106-kire.trivodaliev', 'KI23_3-F23L3S106', 'kire.trivodaliev', '36'),
       ('KI23_3-F23L3S106-slobodan.kalajdziski', 'KI23_3-F23L3S106', 'slobodan.kalajdziski', '15'),
       ('KI23_3-F23L3S106-sonja.gievska', 'KI23_3-F23L3S106', 'sonja.gievska', '26'),
       ('KI23_3-F23L3S107-ana.madevska', 'KI23_3-F23L3S107', 'ana.madevska', '9'),
       ('KI23_3-F23L3S111-boro.jakimovski', 'KI23_3-F23L3S111', 'boro.jakimovski', '22'),
       ('KI23_3-F23L3S112-mile.jovanov', 'KI23_3-F23L3S112', 'mile.jovanov', '34'),
       ('KI23_3-F23L3S113-boban.joksimoski', 'KI23_3-F23L3S113', 'boban.joksimoski', '57'),
       ('KI23_3-F23L3S113-ivan.chorbev', 'KI23_3-F23L3S113', 'ivan.chorbev', '20'),
       ('KI23_3-F23L3S115-vangel.ajanovski', 'KI23_3-F23L3S115', 'vangel.ajanovski', '32'),
       ('KI23_3-F23L3S118-milos.jovanovik', 'KI23_3-F23L3S118', 'milos.jovanovik', '46'),
       ('KI23_3-F23L3S118-pance.ribarski', 'KI23_3-F23L3S118', 'pance.ribarski', '47'),
       ('KI23_3-F23L3S122-hristina.mihajloska', 'KI23_3-F23L3S122', 'hristina.mihajloska', '48'),
       ('KI23_3-F23L3S122-vesna.dimitrova', 'KI23_3-F23L3S122', 'vesna.dimitrova', '23'),
       ('KI23_3-F23L3S125-miroslav.mirchev', 'KI23_3-F23L3S125', 'miroslav.mirchev', '38'),
       ('KI23_3-F23L3S127-ljupcho.antovski', 'KI23_3-F23L3S127', 'ljupcho.antovski', '12'),
       ('KI23_3-F23L3S127-petre.lameski', 'KI23_3-F23L3S127', 'petre.lameski', '51'),
       ('KI23_3-F23L3S127-vladimir.trajkovik', 'KI23_3-F23L3S127', 'vladimir.trajkovik', '8'),
       ('KI23_3-F23L3S130-georgina.mirceva', 'KI23_3-F23L3S130', 'georgina.mirceva', '39'),
       ('KI23_3-F23L3S131-lasko.basnarkov', 'KI23_3-F23L3S131', 'lasko.basnarkov', '21'),
       ('KI23_3-F23L3S132-nevena.ackovska', 'KI23_3-F23L3S132', 'nevena.ackovska', '16'),
       ('KI23_3-F23L3S135-biljana.stojkoska', 'KI23_3-F23L3S135', 'biljana.stojkoska', '35'),
       ('KI23_3-F23L3S138-eftim.zdravevski', 'KI23_3-F23L3S138', 'eftim.zdravevski', '49'),
       ('KI23_3-F23L3S138-goran.velinov', 'KI23_3-F23L3S138', 'goran.velinov', '17'),
       ('KI23_3-F23L3S139-magdalena.kostoska', 'KI23_3-F23L3S139', 'magdalena.kostoska', '40'),
       ('KI23_3-F23L3S139-pance.ribarski', 'KI23_3-F23L3S139', 'pance.ribarski', '47'),
       ('KI23_3-F23L3S141-goran.velinov', 'KI23_3-F23L3S141', 'goran.velinov', '17'),
       ('KI23_3-F23L3S141-slobodan.kalajdziski', 'KI23_3-F23L3S141', 'slobodan.kalajdziski', '15'),
       ('KI23_3-F23L3S144-lasko.basnarkov', 'KI23_3-F23L3S144', 'lasko.basnarkov', '21'),
       ('KI23_3-F23L3S149-marjan.gushev', 'KI23_3-F23L3S149', 'marjan.gushev', '2'),
       ('KI23_3-F23L3S149-vladimir.zdraveski', 'KI23_3-F23L3S149', 'vladimir.zdraveski', '52'),
       ('KI23_3-F23L3S150-biljana.tojtovska', 'KI23_3-F23L3S150', 'biljana.tojtovska', '42'),
       ('KI23_3-F23L3S150-bojan.ilijoski', 'KI23_3-F23L3S150', 'bojan.ilijoski', '59'),
       ('KI23_3-F23L3S153-andrea.kulakov', 'KI23_3-F23L3S153', 'andrea.kulakov', '13'),
       ('KI23_3-F23L3S153-petre.lameski', 'KI23_3-F23L3S153', 'petre.lameski', '51'),
       ('KI23_3-F23L3S155-boro.jakimovski', 'KI23_3-F23L3S155', 'boro.jakimovski', '22'),
       ('KI23_3-F23L3S155-pance.ribarski', 'KI23_3-F23L3S155', 'pance.ribarski', '47'),
       ('KI23_3-F23L3S157-eftim.zdravevski', 'KI23_3-F23L3S157', 'eftim.zdravevski', '49'),
       ('KI23_3-F23L3S157-goran.velinov', 'KI23_3-F23L3S157', 'goran.velinov', '17'),
       ('KI23_3-F23L3W158-dejan.spasov', 'KI23_3-F23L3W158', 'dejan.spasov', '25'),
       ('KI23_3-F23L3S159-anastas.mishev', 'KI23_3-F23L3S159', 'anastas.mishev', '18'),
       ('KI23_3-F23L3S159-riste.stojanov', 'KI23_3-F23L3S159', 'riste.stojanov', '56'),
       ('KI23_3-F23L3S160-sonja.filiposka', 'KI23_3-F23L3S160', 'sonja.filiposka', '19'),
       ('KI23_3-F23L3S162-sasho.gramatikov', 'KI23_3-F23L3S162', 'sasho.gramatikov', '37'),
       ('KI23_3-F23L3S163-biljana.tojtovska', 'KI23_3-F23L3S163', 'biljana.tojtovska', '42'),
       ('KI23_3-F23L3S163-bojan.ilijoski', 'KI23_3-F23L3S163', 'bojan.ilijoski', '59'),
       ('KI23_3-F23L3S163-pance.ribarski', 'KI23_3-F23L3S163', 'pance.ribarski', '47'),
       ('KI23_3-F23L3S166-goce.armenski', 'KI23_3-F23L3S166', 'goce.armenski', '24'),
       ('KI23_3-F23L3W001-aleksandra.popovska', 'KI23_3-F23L3W001', 'aleksandra.popovska', '41'),
       ('KI23_3-F23L3W001-biljana.tojtovska', 'KI23_3-F23L3W001', 'biljana.tojtovska', '42'),
       ('KI23_3-F23L3W001-marija.mihova', 'KI23_3-F23L3W001', 'marija.mihova', '14'),
       ('KI23_3-F23L3W001-metodija.jancheski', 'KI23_3-F23L3W001', 'metodija.jancheski', '0'),
       ('KI23_3-F23L3W001-natasa.ilievska', 'KI23_3-F23L3W001', 'natasa.ilievska', '43'),
       ('KI23_3-F23L3W001-verica.bakeva', 'KI23_3-F23L3W001', 'verica.bakeva', '7'),
       ('KI23_3-F23L3W004-eftim.zdravevski', 'KI23_3-F23L3W004', 'eftim.zdravevski', '49'),
       ('KI23_3-F23L3W004-georgina.mirceva', 'KI23_3-F23L3W004', 'georgina.mirceva', '39'),
       ('KI23_3-F23L3W004-goran.velinov', 'KI23_3-F23L3W004', 'goran.velinov', '17'),
       ('KI23_3-F23L3W004-kire.trivodaliev', 'KI23_3-F23L3W004', 'kire.trivodaliev', '36'),
       ('KI23_3-F23L3W004-slobodan.kalajdziski', 'KI23_3-F23L3W004', 'slobodan.kalajdziski', '15'),
       ('KI23_3-F23L3W004-sonja.gievska', 'KI23_3-F23L3W004', 'sonja.gievska', '26'),
       ('KI23_3-F23L3W004-vangel.ajanovski', 'KI23_3-F23L3W004', 'vangel.ajanovski', '32'),
       ('KI23_3-F23L3W008-dimitar.trajanov', 'KI23_3-F23L3W008', 'dimitar.trajanov', '11'),
       ('KI23_3-F23L3W008-georgina.mirceva', 'KI23_3-F23L3W008', 'georgina.mirceva', '39'),
       ('KI23_3-F23L3W008-igor.mishkovski', 'KI23_3-F23L3W008', 'igor.mishkovski', '28'),
       ('KI23_3-F23L3W008-milos.jovanovik', 'KI23_3-F23L3W008', 'milos.jovanovik', '46'),
       ('KI23_3-F23L3W008-miroslav.mirchev', 'KI23_3-F23L3W008', 'miroslav.mirchev', '38'),
       ('KI23_3-F23L3W008-slobodan.kalajdziski', 'KI23_3-F23L3W008', 'slobodan.kalajdziski', '15'),
       ('KI23_3-F23L3W008-vesna.dimitrova', 'KI23_3-F23L3W008', 'vesna.dimitrova', '23'),
       ('KI23_3-F23L3W009-dejan.gjorgjevikj', 'KI23_3-F23L3W009', 'dejan.gjorgjevikj', '10'),
       ('KI23_3-F23L3W009-gjorgji.madjarov', 'KI23_3-F23L3W009', 'gjorgji.madjarov', '29'),
       ('KI23_3-F23L3W009-ljupcho.antovski', 'KI23_3-F23L3W009', 'ljupcho.antovski', '12'),
       ('KI23_3-F23L3W009-petre.lameski', 'KI23_3-F23L3W009', 'petre.lameski', '51'),
       ('KI23_3-F23L3W024-dimitar.trajanov', 'KI23_3-F23L3W024', 'dimitar.trajanov', '11'),
       ('KI23_3-F23L3W024-milos.jovanovik', 'KI23_3-F23L3W024', 'milos.jovanovik', '46'),
       ('KI23_3-F23L3W024-riste.stojanov', 'KI23_3-F23L3W024', 'riste.stojanov', '56'),
       ('KI23_3-F23L3W024-sasho.gramatikov', 'KI23_3-F23L3W024', 'sasho.gramatikov', '37'),
       ('KI23_3-F23L3W024-vangel.ajanovski', 'KI23_3-F23L3W024', 'vangel.ajanovski', '32'),
       ('KI23_3-F23L3W027-goran.velinov', 'KI23_3-F23L3W027', 'goran.velinov', '17'),
       ('KI23_3-F23L3W027-kosta.mitreski', 'KI23_3-F23L3W027', 'kosta.mitreski', '6'),
       ('KI23_3-F23L3W027-ljupcho.antovski', 'KI23_3-F23L3W027', 'ljupcho.antovski', '12'),
       ('KI23_3-F23L3W027-milos.jovanovik', 'KI23_3-F23L3W027', 'milos.jovanovik', '46'),
       ('KI23_3-F23L3W027-smilka.janeska', 'KI23_3-F23L3W027', 'smilka.janeska', '30'),
       ('KI23_3-F23L3W033-anastas.mishev', 'KI23_3-F23L3W033', 'anastas.mishev', '18'),
       ('KI23_3-F23L3W033-bojana.koteska', 'KI23_3-F23L3W033', 'bojana.koteska', '0'),
       ('KI23_3-F23L3W033-hristina.mihajloska', 'KI23_3-F23L3W033', 'hristina.mihajloska', '48'),
       ('KI23_3-F23L3W035-marija.mihova', 'KI23_3-F23L3W035', 'marija.mihova', '14'),
       ('KI23_3-F23L3W035-vesna.dimitrievska', 'KI23_3-F23L3W035', 'vesna.dimitrievska', '33'),
       ('KI23_3-F23L3W037-magdalena.kostoska', 'KI23_3-F23L3W037', 'magdalena.kostoska', '40'),
       ('KI23_3-F23L3W037-marjan.gushev', 'KI23_3-F23L3W037', 'marjan.gushev', '2'),
       ('KI23_3-F23L3W037-vladimir.zdraveski', 'KI23_3-F23L3W037', 'vladimir.zdraveski', '52'),
       ('KI23_3-F23L3W038-emil.stankov', 'KI23_3-F23L3W038', 'emil.stankov', '54'),
       ('KI23_3-F23L3W038-kire.trivodaliev', 'KI23_3-F23L3W038', 'kire.trivodaliev', '36'),
       ('KI23_3-F23L3W038-mile.jovanov', 'KI23_3-F23L3W038', 'mile.jovanov', '34'),
       ('KI23_3-F23L3S040-monika.simjanoska', 'KI23_3-F23L3S040', 'monika.simjanoska', '100'),
       ('KI23_3-F23L3S040-nevena.ackovska', 'KI23_3-F23L3S040', 'nevena.ackovska', '16'),
       ('KI23_3-F23L3W043-hristina.mihajloska', 'KI23_3-F23L3W043', 'hristina.mihajloska', '48'),
       ('KI23_3-F23L3W043-vesna.dimitrova', 'KI23_3-F23L3W043', 'vesna.dimitrova', '23'),
       ('KI23_3-F23L3W044-lasko.basnarkov', 'KI23_3-F23L3W044', 'lasko.basnarkov', '21'),
       ('KI23_3-F23L3W048-monika.simjanoska', 'KI23_3-F23L3W048', 'monika.simjanoska', '100'),
       ('KI23_3-F23L3W050-goce.armenski', 'KI23_3-F23L3W050', 'goce.armenski', '24'),
       ('KI23_3-F23L3W053-bojan.ilijoski', 'KI23_3-F23L3W053', 'bojan.ilijoski', '59'),
       ('KI23_3-F23L3W053-katerina.zdravkova', 'KI23_3-F23L3W053', 'katerina.zdravkova', '3'),
       ('KI23_3-F23L3W056-ana.madevska', 'KI23_3-F23L3W056', 'ana.madevska', '9'),
       ('KI23_3-F23L3W060-boro.jakimovski', 'KI23_3-F23L3W060', 'boro.jakimovski', '22'),
       ('KI23_3-F23L3W064-boro.jakimovski', 'KI23_3-F23L3W064', 'boro.jakimovski', '22'),
       ('KI23_3-F23L3W064-vladimir.trajkovik', 'KI23_3-F23L3W064', 'vladimir.trajkovik', '8'),
       ('KI23_3-F23L3W065-anastas.mishev', 'KI23_3-F23L3W065', 'anastas.mishev', '18'),
       ('KI23_3-F23L3W065-sonja.filiposka', 'KI23_3-F23L3W065', 'sonja.filiposka', '19'),
       ('KI23_3-F23L3W068-marjan.gushev', 'KI23_3-F23L3W068', 'marjan.gushev', '2'),
       ('KI23_3-F23L3W072-andrea.kulakov', 'KI23_3-F23L3W072', 'andrea.kulakov', '13'),
       ('KI23_3-F23L3W072-nevena.ackovska', 'KI23_3-F23L3W072', 'nevena.ackovska', '16'),
       ('KI23_3-F23L3W074-boro.jakimovski', 'KI23_3-F23L3W074', 'boro.jakimovski', '22'),
       ('KI23_3-F23L3W074-goran.velinov', 'KI23_3-F23L3W074', 'goran.velinov', '17'),
       ('KI23_3-F23L3W074-vangel.ajanovski', 'KI23_3-F23L3W074', 'vangel.ajanovski', '32'),
       ('KI23_3-F23L3W075-vladimir.trajkovik', 'KI23_3-F23L3W075', 'vladimir.trajkovik', '8'),
       ('KI23_3-F23L3W076-eftim.zdravevski', 'KI23_3-F23L3W076', 'eftim.zdravevski', '49'),
       ('KI23_3-F23L3W079-dimitar.trajanov', 'KI23_3-F23L3W079', 'dimitar.trajanov', '11'),
       ('KI23_3-F23L3W079-milos.jovanovik', 'KI23_3-F23L3W079', 'milos.jovanovik', '46'),
       ('KI23_3-F23L3W081-katarina.trojacanec', 'KI23_3-F23L3W081', 'katarina.trojacanec', '55'),
       ('KI23_3-F23L3W081-suzana.loshkovska', 'KI23_3-F23L3W081', 'suzana.loshkovska', '4'),
       ('KI23_3-F23L3W088-aleksandra.kanevche', 'KI23_3-F23L3W088', 'aleksandra.kanevche', '53'),
       ('KI23_3-F23L3W089-dejan.gjorgjevikj', 'KI23_3-F23L3W089', 'dejan.gjorgjevikj', '10'),
       ('KI23_3-F23L3W092-boban.joksimoski', 'KI23_3-F23L3W092', 'boban.joksimoski', '57'),
       ('KI23_3-F23L3W092-ivan.chorbev', 'KI23_3-F23L3W092', 'ivan.chorbev', '20'),
       ('KI23_3-F23L3W098-boro.jakimovski', 'KI23_3-F23L3W098', 'boro.jakimovski', '22'),
       ('KI23_3-F23L3W103-ivan.chorbev', 'KI23_3-F23L3W103', 'ivan.chorbev', '20'),
       ('KI23_3-F23L3W103-vangel.ajanovski', 'KI23_3-F23L3W103', 'vangel.ajanovski', '32'),
       ('KI23_3-F23L3W105-magdalena.kostoska', 'KI23_3-F23L3W105', 'magdalena.kostoska', '40'),
       ('KI23_3-F23L3W105-marjan.gushev', 'KI23_3-F23L3W105', 'marjan.gushev', '2'),
       ('KI23_3-F23L3W108-biljana.stojkoska', 'KI23_3-F23L3W108', 'biljana.stojkoska', '35'),
       ('KI23_3-F23L3W108-igor.mishkovski', 'KI23_3-F23L3W108', 'igor.mishkovski', '28'),
       ('KI23_3-F23L3W117-andreja.naumoski', 'KI23_3-F23L3W117', 'andreja.naumoski', '45'),
       ('KI23_3-F23L3W121-ivan.kitanovski', 'KI23_3-F23L3W121', 'ivan.kitanovski', '50'),
       ('KI23_3-F23L3W121-pance.ribarski', 'KI23_3-F23L3W121', 'pance.ribarski', '47'),
       ('KI23_3-F23L3W123-andrea.kulakov', 'KI23_3-F23L3W123', 'andrea.kulakov', '13'),
       ('KI23_3-F23L3W123-ivica.dimitrovski', 'KI23_3-F23L3W123', 'ivica.dimitrovski', '27'),
       ('KI23_3-F23L3W126-andreja.naumoski', 'KI23_3-F23L3W126', 'andreja.naumoski', '45'),
       ('KI23_3-F23L3W128-petre.lameski', 'KI23_3-F23L3W128', 'petre.lameski', '51'),
       ('KI23_3-F23L3W128-vladimir.trajkovik', 'KI23_3-F23L3W128', 'vladimir.trajkovik', '8'),
       ('KI23_3-F23L3W129-igor.mishkovski', 'KI23_3-F23L3W129', 'igor.mishkovski', '28'),
       ('KI23_3-F23L3W129-ljupcho.antovski', 'KI23_3-F23L3W129', 'ljupcho.antovski', '12'),
       ('KI23_3-F23L3W133-sonja.filiposka', 'KI23_3-F23L3W133', 'sonja.filiposka', '19'),
       ('KI23_3-F23L3W134-sasho.gramatikov', 'KI23_3-F23L3W134', 'sasho.gramatikov', '37'),
       ('KI23_3-F23L3W136-boban.joksimoski', 'KI23_3-F23L3W136', 'boban.joksimoski', '57'),
       ('KI23_3-F23L3W136-goce.armenski', 'KI23_3-F23L3W136', 'goce.armenski', '24'),
       ('KI23_3-F23L3W136-ivan.chorbev', 'KI23_3-F23L3W136', 'ivan.chorbev', '20'),
       ('KI23_3-F23L3W137-bojan.ilijoski', 'KI23_3-F23L3W137', 'bojan.ilijoski', '59'),
       ('KI23_3-F23L3W137-nevena.ackovska', 'KI23_3-F23L3W137', 'nevena.ackovska', '16'),
       ('KI23_3-F23L3W137-sonja.gievska', 'KI23_3-F23L3W137', 'sonja.gievska', '26'),
       ('KI23_3-F23L3W140-dejan.gjorgjevikj', 'KI23_3-F23L3W140', 'dejan.gjorgjevikj', '10'),
       ('KI23_3-F23L3W140-gjorgji.madjarov', 'KI23_3-F23L3W140', 'gjorgji.madjarov', '29'),
       ('KI23_3-F23L3W140-ivan.kitanovski', 'KI23_3-F23L3W140', 'ivan.kitanovski', '50'),
       ('KI23_3-F23L3W142-ivica.dimitrovski', 'KI23_3-F23L3W142', 'ivica.dimitrovski', '27'),
       ('KI23_3-F23L3W142-sonja.gievska', 'KI23_3-F23L3W142', 'sonja.gievska', '26'),
       ('KI23_3-F23L3W145-miroslav.mirchev', 'KI23_3-F23L3W145', 'miroslav.mirchev', '38'),
       ('KI23_3-F23L3W148-andrea.kulakov', 'KI23_3-F23L3W148', 'andrea.kulakov', '13'),
       ('KI23_3-F23L3W152-katarina.trojacanec', 'KI23_3-F23L3W152', 'katarina.trojacanec', '55'),
       ('KI23_3-F23L3W152-suzana.loshkovska', 'KI23_3-F23L3W152', 'suzana.loshkovska', '4'),
       ('KI23_3-F23L3W154-eftim.zdravevski', 'KI23_3-F23L3W154', 'eftim.zdravevski', '49'),
       ('KI23_3-F23L3W154-gjorgji.madjarov', 'KI23_3-F23L3W154', 'gjorgji.madjarov', '29'),
       ('KI23_3-F23L3W156-georgina.mirceva', 'KI23_3-F23L3W156', 'georgina.mirceva', '39'),
       ('KI23_3-F23L3W161-marija.mihova', 'KI23_3-F23L3W161', 'marija.mihova', '14'),
       ('KI23_3-F23L3W161-sonja.gievska', 'KI23_3-F23L3W161', 'sonja.gievska', '26'),
       ('KI23_3-F23L3W162-andreja.naumoski', 'KI23_3-F23L3W162', 'andreja.naumoski', '45'),
       ('KI23_3-F23L3W162-lasko.basnarkov', 'KI23_3-F23L3W162', 'lasko.basnarkov', '21'),
       ('KI23_3-F23L3W200-biljana.stojkoska', 'KI23_3-F23L3W200', 'biljana.stojkoska', '35'),
       ('KN23_3-F23L1S003-aleksandra.kanevche', 'KN23_3-F23L1S003', 'aleksandra.kanevche', '53'),
       ('KN23_3-F23L1S003-biljana.stojkoska', 'KN23_3-F23L1S003', 'biljana.stojkoska', '35'),
       ('KN23_3-F23L1S003-dejan.spasov', 'KN23_3-F23L1S003', 'dejan.spasov', '25'),
       ('KN23_3-F23L1S003-igor.mishkovski', 'KN23_3-F23L1S003', 'igor.mishkovski', '28'),
       ('KN23_3-F23L1S003-ljupcho.antovski', 'KN23_3-F23L1S003', 'ljupcho.antovski', '12'),
       ('KN23_3-F23L1S003-magdalena.kostoska', 'KN23_3-F23L1S003', 'magdalena.kostoska', '40'),
       ('KN23_3-F23L1S003-marjan.gushev', 'KN23_3-F23L1S003', 'marjan.gushev', '2'),
       ('KN23_3-F23L1S003-miroslav.mirchev', 'KN23_3-F23L1S003', 'miroslav.mirchev', '38'),
       ('KN23_3-F23L1S003-sasho.gramatikov', 'KN23_3-F23L1S003', 'sasho.gramatikov', '37'),
       ('KN23_3-F23L1S003-vladimir.zdraveski', 'KN23_3-F23L1S003', 'vladimir.zdraveski', '52'),
       ('KN23_3-F23L1S016-ana.madevska', 'KN23_3-F23L1S016', 'ana.madevska', '9'),
       ('KN23_3-F23L1S016-boban.joksimoski', 'KN23_3-F23L1S016', 'boban.joksimoski', '57'),
       ('KN23_3-F23L1S016-dejan.gjorgjevikj', 'KN23_3-F23L1S016', 'dejan.gjorgjevikj', '10'),
       ('KN23_3-F23L1S016-emil.stankov', 'KN23_3-F23L1S016', 'emil.stankov', '54'),
       ('KN23_3-F23L1S016-gjorgji.madjarov', 'KN23_3-F23L1S016', 'gjorgji.madjarov', '29'),
       ('KN23_3-F23L1S016-hristina.mihajloska', 'KN23_3-F23L1S016', 'hristina.mihajloska', '48'),
       ('KN23_3-F23L1S016-ivan.chorbev', 'KN23_3-F23L1S016', 'ivan.chorbev', '20'),
       ('KN23_3-F23L1S016-ivica.dimitrovski', 'KN23_3-F23L1S016', 'ivica.dimitrovski', '27'),
       ('KN23_3-F23L1S016-katarina.trojacanec', 'KN23_3-F23L1S016', 'katarina.trojacanec', '55'),
       ('KN23_3-F23L1S016-nevena.ackovska', 'KN23_3-F23L1S016', 'nevena.ackovska', '16'),
       ('KN23_3-F23L1S026-biljana.stojkoska', 'KN23_3-F23L1S026', 'biljana.stojkoska', '35'),
       ('KN23_3-F23L1S026-smilka.janeska', 'KN23_3-F23L1S026', 'smilka.janeska', '30'),
       ('KN23_3-F23L1S052-mile.jovanov', 'KN23_3-F23L1S052', 'mile.jovanov', '34'),
       ('KN23_3-F23L1S116-andreja.naumoski', 'KN23_3-F23L1S116', 'andreja.naumoski', '45'),
       ('KN23_3-F23L1S116-kosta.mitreski', 'KN23_3-F23L1S116', 'kosta.mitreski', '6'),
       ('KN23_3-F23L1S120-sonja.filiposka', 'KN23_3-F23L1S120', 'sonja.filiposka', '19'),
       ('KN23_3-F23L1S120-vladimir.trajkovik', 'KN23_3-F23L1S120', 'vladimir.trajkovik', '8'),
       ('KN23_3-F23L1S146-boban.joksimoski', 'KN23_3-F23L1S146', 'boban.joksimoski', '57'),
       ('KN23_3-F23L1S146-goce.armenski', 'KN23_3-F23L1S146', 'goce.armenski', '24'),
       ('KN23_3-F23L1S146-ivan.chorbev', 'KN23_3-F23L1S146', 'ivan.chorbev', '20'),
       ('KN23_3-F23L1S146-ivan.kitanovski', 'KN23_3-F23L1S146', 'ivan.kitanovski', '50'),
       ('KN23_3-F23L1S146-slobodan.kalajdziski', 'KN23_3-F23L1S146', 'slobodan.kalajdziski', '15'),
       ('KN23_3-F23L1W007-biljana.stojkoska', 'KN23_3-F23L1W007', 'biljana.stojkoska', '35'),
       ('KN23_3-F23L1W007-bojana.koteska', 'KN23_3-F23L1W007', 'bojana.koteska', '0'),
       ('KN23_3-F23L1W007-emil.stankov', 'KN23_3-F23L1W007', 'emil.stankov', '54'),
       ('KN23_3-F23L1W007-ivan.kitanovski', 'KN23_3-F23L1W007', 'ivan.kitanovski', '50'),
       ('KN23_3-F23L1W007-katerina.zdravkova', 'KN23_3-F23L1W007', 'katerina.zdravkova', '3'),
       ('KN23_3-F23L1W007-kosta.mitreski', 'KN23_3-F23L1W007', 'kosta.mitreski', '6'),
       ('KN23_3-F23L1W007-pance.ribarski', 'KN23_3-F23L1W007', 'pance.ribarski', '47'),
       ('KN23_3-F23L1W018-andreja.naumoski', 'KN23_3-F23L1W018', 'andreja.naumoski', '45'),
       ('KN23_3-F23L1W018-biljana.stojkoska', 'KN23_3-F23L1W018', 'biljana.stojkoska', '35'),
       ('KN23_3-F23L1W018-kire.trivodaliev', 'KN23_3-F23L1W018', 'kire.trivodaliev', '36'),
       ('KN23_3-F23L1W018-lasko.basnarkov', 'KN23_3-F23L1W018', 'lasko.basnarkov', '21'),
       ('KN23_3-F23L1W018-magdalena.kostoska', 'KN23_3-F23L1W018', 'magdalena.kostoska', '40'),
       ('KN23_3-F23L1W018-pance.ribarski', 'KN23_3-F23L1W018', 'pance.ribarski', '47'),
       ('KN23_3-F23L1W020-ana.madevska', 'KN23_3-F23L1W020', 'ana.madevska', '9'),
       ('KN23_3-F23L1W020-boban.joksimoski', 'KN23_3-F23L1W020', 'boban.joksimoski', '57'),
       ('KN23_3-F23L1W020-dejan.gjorgjevikj', 'KN23_3-F23L1W020', 'dejan.gjorgjevikj', '10'),
       ('KN23_3-F23L1W020-emil.stankov', 'KN23_3-F23L1W020', 'emil.stankov', '54'),
       ('KN23_3-F23L1W020-gjorgji.madjarov', 'KN23_3-F23L1W020', 'gjorgji.madjarov', '29'),
       ('KN23_3-F23L1W020-hristina.mihajloska', 'KN23_3-F23L1W020', 'hristina.mihajloska', '48'),
       ('KN23_3-F23L1W020-ivan.chorbev', 'KN23_3-F23L1W020', 'ivan.chorbev', '20'),
       ('KN23_3-F23L1W020-ivica.dimitrovski', 'KN23_3-F23L1W020', 'ivica.dimitrovski', '27'),
       ('KN23_3-F23L1W020-katarina.trojacanec', 'KN23_3-F23L1W020', 'katarina.trojacanec', '55'),
       ('KN23_3-F23L1W020-mile.jovanov', 'KN23_3-F23L1W020', 'mile.jovanov', '34'),
       ('KN23_3-F23L1W020-nevena.ackovska', 'KN23_3-F23L1W020', 'nevena.ackovska', '16'),
       ('KN23_3-F23L2S002-eftim.zdravevski', 'KN23_3-F23L2S002', 'eftim.zdravevski', '49'),
       ('KN23_3-F23L2S002-georgina.mirceva', 'KN23_3-F23L2S002', 'georgina.mirceva', '39'),
       ('KN23_3-F23L2S002-ljupcho.antovski', 'KN23_3-F23L2S002', 'ljupcho.antovski', '12'),
       ('KN23_3-F23L2S015-biljana.stojkoska', 'KN23_3-F23L2S015', 'biljana.stojkoska', '35'),
       ('KN23_3-F23L2S015-bojana.koteska', 'KN23_3-F23L2S015', 'bojana.koteska', '0'),
       ('KN23_3-F23L2S015-ilinka.ivanoska', 'KN23_3-F23L2S015', 'ilinka.ivanoska', '58'),
       ('KN23_3-F23L2S015-kire.trivodaliev', 'KN23_3-F23L2S015', 'kire.trivodaliev', '36'),
       ('KN23_3-F23L2S015-slobodan.kalajdziski', 'KN23_3-F23L2S015', 'slobodan.kalajdziski', '15'),
       ('KN23_3-F23L2S017-boro.jakimovski', 'KN23_3-F23L2S017', 'boro.jakimovski', '22'),
       ('KN23_3-F23L2S017-dimitar.trajanov', 'KN23_3-F23L2S017', 'dimitar.trajanov', '11'),
       ('KN23_3-F23L2S017-igor.mishkovski', 'KN23_3-F23L2S017', 'igor.mishkovski', '28'),
       ('KN23_3-F23L2S017-milos.jovanovik', 'KN23_3-F23L2S017', 'milos.jovanovik', '46'),
       ('KN23_3-F23L2S017-nevena.ackovska', 'KN23_3-F23L2S017', 'nevena.ackovska', '16'),
       ('KN23_3-F23L2S017-riste.stojanov', 'KN23_3-F23L2S017', 'riste.stojanov', '56'),
       ('KN23_3-F23L2S017-sasho.gramatikov', 'KN23_3-F23L2S017', 'sasho.gramatikov', '37'),
       ('KN23_3-F23L2S017-vesna.dimitrova', 'KN23_3-F23L2S017', 'vesna.dimitrova', '23'),
       ('KN23_3-F23L2S029-dejan.gjorgjevikj', 'KN23_3-F23L2S029', 'dejan.gjorgjevikj', '10'),
       ('KN23_3-F23L2S029-gjorgji.madjarov', 'KN23_3-F23L2S029', 'gjorgji.madjarov', '29'),
       ('KN23_3-F23L2S029-ivica.dimitrovski', 'KN23_3-F23L2S029', 'ivica.dimitrovski', '27'),
       ('KN23_3-F23L2S029-katarina.trojacanec', 'KN23_3-F23L2S029', 'katarina.trojacanec', '55'),
       ('KN23_3-F23L2S029-katerina.zdravkova', 'KN23_3-F23L2S029', 'katerina.zdravkova', '3'),
       ('KN23_3-F23L2S030-andrea.kulakov', 'KN23_3-F23L2S030', 'andrea.kulakov', '13'),
       ('KN23_3-F23L2S030-georgina.mirceva', 'KN23_3-F23L2S030', 'georgina.mirceva', '39'),
       ('KN23_3-F23L2S030-ilinka.ivanoska', 'KN23_3-F23L2S030', 'ilinka.ivanoska', '58'),
       ('KN23_3-F23L2S030-kire.trivodaliev', 'KN23_3-F23L2S030', 'kire.trivodaliev', '36'),
       ('KN23_3-F23L2S030-petre.lameski', 'KN23_3-F23L2S030', 'petre.lameski', '51'),
       ('KN23_3-F23L2S030-sonja.gievska', 'KN23_3-F23L2S030', 'sonja.gievska', '26'),
       ('KN23_3-F23L2S032-biljana.tojtovska', 'KN23_3-F23L2S032', 'biljana.tojtovska', '42'),
       ('KN23_3-F23L2S032-marija.mihova', 'KN23_3-F23L2S032', 'marija.mihova', '14'),
       ('KN23_3-F23L2S032-natasa.ilievska', 'KN23_3-F23L2S032', 'natasa.ilievska', '43'),
       ('KN23_3-F23L2S034-aleksandra.popovska', 'KN23_3-F23L2S034', 'aleksandra.popovska', '41'),
       ('KN23_3-F23L2S034-metodija.jancheski', 'KN23_3-F23L2S034', 'metodija.jancheski', '0'),
       ('KN23_3-F23L2S034-verica.bakeva', 'KN23_3-F23L2S034', 'verica.bakeva', '7'),
       ('KN23_3-F23L2S034-vesna.dimitrievska', 'KN23_3-F23L2S034', 'vesna.dimitrievska', '33'),
       ('KN23_3-F23L2S034-vesna.dimitrova', 'KN23_3-F23L2S034', 'vesna.dimitrova', '23'),
       ('KN23_3-F23L2S042-andreja.naumoski', 'KN23_3-F23L2S042', 'andreja.naumoski', '45'),
       ('KN23_3-F23L2S042-kosta.mitreski', 'KN23_3-F23L2S042', 'kosta.mitreski', '6'),
       ('KN23_3-F23L2S051-emil.stankov', 'KN23_3-F23L2S051', 'emil.stankov', '54'),
       ('KN23_3-F23L2S051-mile.jovanov', 'KN23_3-F23L2S051', 'mile.jovanov', '34'),
       ('KN23_3-F23L2S061-anastas.mishev', 'KN23_3-F23L2S061', 'anastas.mishev', '18'),
       ('KN23_3-F23L2S061-sonja.filiposka', 'KN23_3-F23L2S061', 'sonja.filiposka', '19'),
       ('KN23_3-F23L2S066-anastas.mishev', 'KN23_3-F23L2S066', 'anastas.mishev', '18'),
       ('KN23_3-F23L2S066-sonja.filiposka', 'KN23_3-F23L2S066', 'sonja.filiposka', '19'),
       ('KN23_3-F23L2S082-dejan.gjorgjevikj', 'KN23_3-F23L2S082', 'dejan.gjorgjevikj', '10'),
       ('KN23_3-F23L2S084-andreja.naumoski', 'KN23_3-F23L2S084', 'andreja.naumoski', '45'),
       ('KN23_3-F23L2S084-kosta.mitreski', 'KN23_3-F23L2S084', 'kosta.mitreski', '6'),
       ('KN23_3-F23L2S090-verica.bakeva', 'KN23_3-F23L2S090', 'verica.bakeva', '7'),
       ('KN23_3-F23L2S095-andrea.kulakov', 'KN23_3-F23L2S095', 'andrea.kulakov', '13'),
       ('KN23_3-F23L2S095-ivica.dimitrovski', 'KN23_3-F23L2S095', 'ivica.dimitrovski', '27'),
       ('KN23_3-F23L2S097-marija.mihova', 'KN23_3-F23L2S097', 'marija.mihova', '14'),
       ('KN23_3-F23L2S099-georgina.mirceva', 'KN23_3-F23L2S099', 'georgina.mirceva', '39'),
       ('KN23_3-F23L2S099-smilka.janeska', 'KN23_3-F23L2S099', 'smilka.janeska', '30'),
       ('KN23_3-F23L2S110-goce.armenski', 'KN23_3-F23L2S110', 'goce.armenski', '24'),
       ('KN23_3-F23L2S110-magdalena.kostoska', 'KN23_3-F23L2S110', 'magdalena.kostoska', '40'),
       ('KN23_3-F23L2S110-vangel.ajanovski', 'KN23_3-F23L2S110', 'vangel.ajanovski', '32'),
       ('KN23_3-F23L2S114-boban.joksimoski', 'KN23_3-F23L2S114', 'boban.joksimoski', '57'),
       ('KN23_3-F23L2S114-suzana.loshkovska', 'KN23_3-F23L2S114', 'suzana.loshkovska', '4'),
       ('KN23_3-F23L2S114-vangel.ajanovski', 'KN23_3-F23L2S114', 'vangel.ajanovski', '32'),
       ('KN23_3-F23L2S119-goran.velinov', 'KN23_3-F23L2S119', 'goran.velinov', '17'),
       ('KN23_3-F23L2S119-vladimir.zdraveski', 'KN23_3-F23L2S119', 'vladimir.zdraveski', '52'),
       ('KN23_3-F23L2S124-vladimir.trajkovik', 'KN23_3-F23L2S124', 'vladimir.trajkovik', '8'),
       ('KN23_3-F23L2S164-aleksandra.popovska', 'KN23_3-F23L2S164', 'aleksandra.popovska', '41'),
       ('KN23_3-F23L2S164-verica.bakeva', 'KN23_3-F23L2S164', 'verica.bakeva', '7'),
       ('KN23_3-F23L2W001-ana.madevska', 'KN23_3-F23L2W001', 'ana.madevska', '9'),
       ('KN23_3-F23L2W001-bojana.koteska', 'KN23_3-F23L2W001', 'bojana.koteska', '0'),
       ('KN23_3-F23L2W001-eftim.zdravevski', 'KN23_3-F23L2W001', 'eftim.zdravevski', '49'),
       ('KN23_3-F23L2W001-hristina.mihajloska', 'KN23_3-F23L2W001', 'hristina.mihajloska', '48'),
       ('KN23_3-F23L2W001-ilinka.ivanoska', 'KN23_3-F23L2W001', 'ilinka.ivanoska', '58'),
       ('KN23_3-F23L2W001-slobodan.kalajdziski', 'KN23_3-F23L2W001', 'slobodan.kalajdziski', '15'),
       ('KN23_3-F23L2W001-vladimir.trajkovik', 'KN23_3-F23L2W001', 'vladimir.trajkovik', '8'),
       ('KN23_3-F23L2W006-aleksandra.popovska', 'KN23_3-F23L2W006', 'aleksandra.popovska', '41'),
       ('KN23_3-F23L2W006-biljana.tojtovska', 'KN23_3-F23L2W006', 'biljana.tojtovska', '42'),
       ('KN23_3-F23L2W006-natasa.ilievska', 'KN23_3-F23L2W006', 'natasa.ilievska', '43'),
       ('KN23_3-F23L2W006-verica.bakeva', 'KN23_3-F23L2W006', 'verica.bakeva', '7'),
       ('KN23_3-F23L2W014-aleksandra.kanevche', 'KN23_3-F23L2W014', 'aleksandra.kanevche', '53'),
       ('KN23_3-F23L2W014-anastas.mishev', 'KN23_3-F23L2W014', 'anastas.mishev', '18'),
       ('KN23_3-F23L2W014-dejan.spasov', 'KN23_3-F23L2W014', 'dejan.spasov', '25'),
       ('KN23_3-F23L2W014-igor.mishkovski', 'KN23_3-F23L2W014', 'igor.mishkovski', '28'),
       ('KN23_3-F23L2W014-miroslav.mirchev', 'KN23_3-F23L2W014', 'miroslav.mirchev', '38'),
       ('KN23_3-F23L2W014-sasho.gramatikov', 'KN23_3-F23L2W014', 'sasho.gramatikov', '37'),
       ('KN23_3-F23L2W014-sonja.filiposka', 'KN23_3-F23L2W014', 'sonja.filiposka', '19'),
       ('KN23_3-F23L2W031-biljana.tojtovska', 'KN23_3-F23L2W031', 'biljana.tojtovska', '42'),
       ('KN23_3-F23L2W031-dejan.spasov', 'KN23_3-F23L2W031', 'dejan.spasov', '25'),
       ('KN23_3-F23L2W031-natasa.ilievska', 'KN23_3-F23L2W031', 'natasa.ilievska', '43'),
       ('KN23_3-F23L2W033-metodija.jancheski', 'KN23_3-F23L2W033', 'metodija.jancheski', '0'),
       ('KN23_3-F23L2W033-vesna.dimitrievska', 'KN23_3-F23L2W033', 'vesna.dimitrievska', '33'),
       ('KN23_3-F23L2W055-mile.jovanov', 'KN23_3-F23L2W055', 'mile.jovanov', '34'),
       ('KN23_3-F23L2W067-aleksandra.popovska', 'KN23_3-F23L2W067', 'aleksandra.popovska', '41'),
       ('KN23_3-F23L2W067-verica.bakeva', 'KN23_3-F23L2W067', 'verica.bakeva', '7'),
       ('KN23_3-F23L2W096-boban.joksimoski', 'KN23_3-F23L2W096', 'boban.joksimoski', '57'),
       ('KN23_3-F23L2W100-smilka.janeska', 'KN23_3-F23L2W100', 'smilka.janeska', '30'),
       ('KN23_3-F23L2W104-vesna.dimitrova', 'KN23_3-F23L2W104', 'vesna.dimitrova', '23'),
       ('KN23_3-F23L2W109-bojan.ilijoski', 'KN23_3-F23L2W109', 'bojan.ilijoski', '59'),
       ('KN23_3-F23L2W109-ivan.kitanovski', 'KN23_3-F23L2W109', 'ivan.kitanovski', '50'),
       ('KN23_3-F23L2W109-suzana.loshkovska', 'KN23_3-F23L2W109', 'suzana.loshkovska', '4'),
       ('KN23_3-F23L2W147-miroslav.mirchev', 'KN23_3-F23L2W147', 'miroslav.mirchev', '38'),
       ('KN23_3-F23L2W165-anastas.mishev', 'KN23_3-F23L2W165', 'anastas.mishev', '18'),
       ('KN23_3-F23L2W165-sonja.filiposka', 'KN23_3-F23L2W165', 'sonja.filiposka', '19'),
       ('KN23_3-F23L2W165-vladimir.zdraveski', 'KN23_3-F23L2W165', 'vladimir.zdraveski', '52'),
       ('KN23_3-F23L2W167-ivica.dimitrovski', 'KN23_3-F23L2W167', 'ivica.dimitrovski', '27'),
       ('KN23_3-F23L2W167-katarina.trojacanec', 'KN23_3-F23L2W167', 'katarina.trojacanec', '55'),
       ('KN23_3-F23L2W167-suzana.loshkovska', 'KN23_3-F23L2W167', 'suzana.loshkovska', '4'),
       ('KN23_3-F23L3S010-bojan.ilijoski', 'KN23_3-F23L3S010', 'bojan.ilijoski', '59'),
       ('KN23_3-F23L3S010-ivan.kitanovski', 'KN23_3-F23L3S010', 'ivan.kitanovski', '50'),
       ('KN23_3-F23L3S010-sonja.gievska', 'KN23_3-F23L3S010', 'sonja.gievska', '26'),
       ('KN23_3-F23L3S010-suzana.loshkovska', 'KN23_3-F23L3S010', 'suzana.loshkovska', '4'),
       ('KN23_3-F23L3S012-ivan.chorbev', 'KN23_3-F23L3S012', 'ivan.chorbev', '20'),
       ('KN23_3-F23L3S019-bojana.koteska', 'KN23_3-F23L3S019', 'bojana.koteska', '0'),
       ('KN23_3-F23L3S019-gjorgji.madjarov', 'KN23_3-F23L3S019', 'gjorgji.madjarov', '29'),
       ('KN23_3-F23L3S019-hristina.mihajloska', 'KN23_3-F23L3S019', 'hristina.mihajloska', '48'),
       ('KN23_3-F23L3S022-dimitar.trajanov', 'KN23_3-F23L3S022', 'dimitar.trajanov', '11'),
       ('KN23_3-F23L3S022-ljupcho.antovski', 'KN23_3-F23L3S022', 'ljupcho.antovski', '12'),
       ('KN23_3-F23L3S022-milos.jovanovik', 'KN23_3-F23L3S022', 'milos.jovanovik', '46'),
       ('KN23_3-F23L3S022-vladimir.zdraveski', 'KN23_3-F23L3S022', 'vladimir.zdraveski', '52'),
       ('KN23_3-F23L3S025-dimitar.trajanov', 'KN23_3-F23L3S025', 'dimitar.trajanov', '11'),
       ('KN23_3-F23L3S025-goce.armenski', 'KN23_3-F23L3S025', 'goce.armenski', '24'),
       ('KN23_3-F23L3S025-milos.jovanovik', 'KN23_3-F23L3S025', 'milos.jovanovik', '46'),
       ('KN23_3-F23L3S025-riste.stojanov', 'KN23_3-F23L3S025', 'riste.stojanov', '56'),
       ('KN23_3-F23L3S025-sasho.gramatikov', 'KN23_3-F23L3S025', 'sasho.gramatikov', '37'),
       ('KN23_3-F23L3S028-eftim.zdravevski', 'KN23_3-F23L3S028', 'eftim.zdravevski', '49'),
       ('KN23_3-F23L3S028-vladimir.trajkovik', 'KN23_3-F23L3S028', 'vladimir.trajkovik', '8'),
       ('KN23_3-F23L3S036-aleksandra.kanevche', 'KN23_3-F23L3S036', 'aleksandra.kanevche', '53'),
       ('KN23_3-F23L3S036-miroslav.mirchev', 'KN23_3-F23L3S036', 'miroslav.mirchev', '38'),
       ('KN23_3-F23L3S039-marija.mihova', 'KN23_3-F23L3S039', 'marija.mihova', '14'),
       ('KN23_3-F23L3S039-mile.jovanov', 'KN23_3-F23L3S039', 'mile.jovanov', '34'),
       ('KN23_3-F23L3S047-lasko.basnarkov', 'KN23_3-F23L3S047', 'lasko.basnarkov', '21'),
       ('KN23_3-F23L3S054-ana.madevska', 'KN23_3-F23L3S054', 'ana.madevska', '9'),
       ('KN23_3-F23L3S057-ana.madevska', 'KN23_3-F23L3S057', 'ana.madevska', '9'),
       ('KN23_3-F23L3S059-aleksandra.kanevche', 'KN23_3-F23L3S059', 'aleksandra.kanevche', '53'),
       ('KN23_3-F23L3S062-boro.jakimovski', 'KN23_3-F23L3S062', 'boro.jakimovski', '22'),
       ('KN23_3-F23L3S063-aleksandra.kanevche', 'KN23_3-F23L3S063', 'aleksandra.kanevche', '53'),
       ('KN23_3-F23L3S063-igor.mishkovski', 'KN23_3-F23L3S063', 'igor.mishkovski', '28'),
       ('KN23_3-F23L3S069-vangel.ajanovski', 'KN23_3-F23L3S069', 'vangel.ajanovski', '32'),
       ('KN23_3-F23L3S073-kire.trivodaliev', 'KN23_3-F23L3S073', 'kire.trivodaliev', '36'),
       ('KN23_3-F23L3S073-sonja.gievska', 'KN23_3-F23L3S073', 'sonja.gievska', '26'),
       ('KN23_3-F23L3S078-ilinka.ivanoska', 'KN23_3-F23L3S078', 'ilinka.ivanoska', '58'),
       ('KN23_3-F23L3S080-ivan.kitanovski', 'KN23_3-F23L3S080', 'ivan.kitanovski', '50'),
       ('KN23_3-F23L3S080-ivica.dimitrovski', 'KN23_3-F23L3S080', 'ivica.dimitrovski', '27'),
       ('KN23_3-F23L3S083-katarina.trojacanec', 'KN23_3-F23L3S083', 'katarina.trojacanec', '55'),
       ('KN23_3-F23L3S083-suzana.loshkovska', 'KN23_3-F23L3S083', 'suzana.loshkovska', '4'),
       ('KN23_3-F23L3W085-monika.simjanoska', 'KN23_3-F23L3W085', 'monika.simjanoska', '100'),
       ('KN23_3-F23L3W085-nevena.ackovska', 'KN23_3-F23L3W085', 'nevena.ackovska', '16'),
       ('KN23_3-F23L3S086-andrea.kulakov', 'KN23_3-F23L3S086', 'andrea.kulakov', '13'),
       ('KN23_3-F23L3S087-igor.mishkovski', 'KN23_3-F23L3S087', 'igor.mishkovski', '28'),
       ('KN23_3-F23L3S087-miroslav.mirchev', 'KN23_3-F23L3S087', 'miroslav.mirchev', '38'),
       ('KN23_3-F23L3S091-andreja.naumoski', 'KN23_3-F23L3S091', 'andreja.naumoski', '45'),
       ('KN23_3-F23L3S091-kosta.mitreski', 'KN23_3-F23L3S091', 'kosta.mitreski', '6'),
       ('KN23_3-F23L3S093-vesna.dimitrova', 'KN23_3-F23L3S093', 'vesna.dimitrova', '23'),
       ('KN23_3-F23L3S094-magdalena.kostoska', 'KN23_3-F23L3S094', 'magdalena.kostoska', '40'),
       ('KN23_3-F23L3S101-anastas.mishev', 'KN23_3-F23L3S101', 'anastas.mishev', '18'),
       ('KN23_3-F23L3S101-hristina.mihajloska', 'KN23_3-F23L3S101', 'hristina.mihajloska', '48'),
       ('KN23_3-F23L3S102-dimitar.trajanov', 'KN23_3-F23L3S102', 'dimitar.trajanov', '11'),
       ('KN23_3-F23L3S106-kire.trivodaliev', 'KN23_3-F23L3S106', 'kire.trivodaliev', '36'),
       ('KN23_3-F23L3S106-slobodan.kalajdziski', 'KN23_3-F23L3S106', 'slobodan.kalajdziski', '15'),
       ('KN23_3-F23L3S106-sonja.gievska', 'KN23_3-F23L3S106', 'sonja.gievska', '26'),
       ('KN23_3-F23L3S107-ana.madevska', 'KN23_3-F23L3S107', 'ana.madevska', '9'),
       ('KN23_3-F23L3S111-boro.jakimovski', 'KN23_3-F23L3S111', 'boro.jakimovski', '22'),
       ('KN23_3-F23L3S112-mile.jovanov', 'KN23_3-F23L3S112', 'mile.jovanov', '34'),
       ('KN23_3-F23L3S113-boban.joksimoski', 'KN23_3-F23L3S113', 'boban.joksimoski', '57'),
       ('KN23_3-F23L3S113-ivan.chorbev', 'KN23_3-F23L3S113', 'ivan.chorbev', '20'),
       ('KN23_3-F23L3S115-vangel.ajanovski', 'KN23_3-F23L3S115', 'vangel.ajanovski', '32'),
       ('KN23_3-F23L3S118-milos.jovanovik', 'KN23_3-F23L3S118', 'milos.jovanovik', '46'),
       ('KN23_3-F23L3S118-pance.ribarski', 'KN23_3-F23L3S118', 'pance.ribarski', '47'),
       ('KN23_3-F23L3S122-hristina.mihajloska', 'KN23_3-F23L3S122', 'hristina.mihajloska', '48'),
       ('KN23_3-F23L3S122-vesna.dimitrova', 'KN23_3-F23L3S122', 'vesna.dimitrova', '23'),
       ('KN23_3-F23L3S125-miroslav.mirchev', 'KN23_3-F23L3S125', 'miroslav.mirchev', '38'),
       ('KN23_3-F23L3S127-ljupcho.antovski', 'KN23_3-F23L3S127', 'ljupcho.antovski', '12'),
       ('KN23_3-F23L3S127-petre.lameski', 'KN23_3-F23L3S127', 'petre.lameski', '51'),
       ('KN23_3-F23L3S127-vladimir.trajkovik', 'KN23_3-F23L3S127', 'vladimir.trajkovik', '8'),
       ('KN23_3-F23L3S130-georgina.mirceva', 'KN23_3-F23L3S130', 'georgina.mirceva', '39'),
       ('KN23_3-F23L3S131-lasko.basnarkov', 'KN23_3-F23L3S131', 'lasko.basnarkov', '21'),
       ('KN23_3-F23L3S132-nevena.ackovska', 'KN23_3-F23L3S132', 'nevena.ackovska', '16'),
       ('KN23_3-F23L3S135-biljana.stojkoska', 'KN23_3-F23L3S135', 'biljana.stojkoska', '35'),
       ('KN23_3-F23L3S138-eftim.zdravevski', 'KN23_3-F23L3S138', 'eftim.zdravevski', '49'),
       ('KN23_3-F23L3S138-goran.velinov', 'KN23_3-F23L3S138', 'goran.velinov', '17'),
       ('KN23_3-F23L3S139-magdalena.kostoska', 'KN23_3-F23L3S139', 'magdalena.kostoska', '40'),
       ('KN23_3-F23L3S139-pance.ribarski', 'KN23_3-F23L3S139', 'pance.ribarski', '47'),
       ('KN23_3-F23L3S141-goran.velinov', 'KN23_3-F23L3S141', 'goran.velinov', '17'),
       ('KN23_3-F23L3S141-slobodan.kalajdziski', 'KN23_3-F23L3S141', 'slobodan.kalajdziski', '15'),
       ('KN23_3-F23L3S144-lasko.basnarkov', 'KN23_3-F23L3S144', 'lasko.basnarkov', '21'),
       ('KN23_3-F23L3S149-marjan.gushev', 'KN23_3-F23L3S149', 'marjan.gushev', '2'),
       ('KN23_3-F23L3S149-vladimir.zdraveski', 'KN23_3-F23L3S149', 'vladimir.zdraveski', '52'),
       ('KN23_3-F23L3S150-biljana.tojtovska', 'KN23_3-F23L3S150', 'biljana.tojtovska', '42'),
       ('KN23_3-F23L3S150-bojan.ilijoski', 'KN23_3-F23L3S150', 'bojan.ilijoski', '59'),
       ('KN23_3-F23L3S153-andrea.kulakov', 'KN23_3-F23L3S153', 'andrea.kulakov', '13'),
       ('KN23_3-F23L3S153-petre.lameski', 'KN23_3-F23L3S153', 'petre.lameski', '51'),
       ('KN23_3-F23L3S155-boro.jakimovski', 'KN23_3-F23L3S155', 'boro.jakimovski', '22'),
       ('KN23_3-F23L3S155-pance.ribarski', 'KN23_3-F23L3S155', 'pance.ribarski', '47'),
       ('KN23_3-F23L3S157-eftim.zdravevski', 'KN23_3-F23L3S157', 'eftim.zdravevski', '49'),
       ('KN23_3-F23L3S157-goran.velinov', 'KN23_3-F23L3S157', 'goran.velinov', '17'),
       ('KN23_3-F23L3W158-dejan.spasov', 'KN23_3-F23L3W158', 'dejan.spasov', '25'),
       ('KN23_3-F23L3S159-anastas.mishev', 'KN23_3-F23L3S159', 'anastas.mishev', '18'),
       ('KN23_3-F23L3S159-riste.stojanov', 'KN23_3-F23L3S159', 'riste.stojanov', '56'),
       ('KN23_3-F23L3S160-sonja.filiposka', 'KN23_3-F23L3S160', 'sonja.filiposka', '19'),
       ('KN23_3-F23L3S162-sasho.gramatikov', 'KN23_3-F23L3S162', 'sasho.gramatikov', '37'),
       ('KN23_3-F23L3S163-biljana.tojtovska', 'KN23_3-F23L3S163', 'biljana.tojtovska', '42'),
       ('KN23_3-F23L3S163-bojan.ilijoski', 'KN23_3-F23L3S163', 'bojan.ilijoski', '59'),
       ('KN23_3-F23L3S163-pance.ribarski', 'KN23_3-F23L3S163', 'pance.ribarski', '47'),
       ('KN23_3-F23L3S166-goce.armenski', 'KN23_3-F23L3S166', 'goce.armenski', '24'),
       ('KN23_3-F23L3W001-aleksandra.popovska', 'KN23_3-F23L3W001', 'aleksandra.popovska', '41'),
       ('KN23_3-F23L3W001-biljana.tojtovska', 'KN23_3-F23L3W001', 'biljana.tojtovska', '42'),
       ('KN23_3-F23L3W001-marija.mihova', 'KN23_3-F23L3W001', 'marija.mihova', '14'),
       ('KN23_3-F23L3W001-metodija.jancheski', 'KN23_3-F23L3W001', 'metodija.jancheski', '0'),
       ('KN23_3-F23L3W001-natasa.ilievska', 'KN23_3-F23L3W001', 'natasa.ilievska', '43'),
       ('KN23_3-F23L3W001-verica.bakeva', 'KN23_3-F23L3W001', 'verica.bakeva', '7'),
       ('KN23_3-F23L3W004-eftim.zdravevski', 'KN23_3-F23L3W004', 'eftim.zdravevski', '49'),
       ('KN23_3-F23L3W004-georgina.mirceva', 'KN23_3-F23L3W004', 'georgina.mirceva', '39'),
       ('KN23_3-F23L3W004-goran.velinov', 'KN23_3-F23L3W004', 'goran.velinov', '17'),
       ('KN23_3-F23L3W004-kire.trivodaliev', 'KN23_3-F23L3W004', 'kire.trivodaliev', '36'),
       ('KN23_3-F23L3W004-slobodan.kalajdziski', 'KN23_3-F23L3W004', 'slobodan.kalajdziski', '15'),
       ('KN23_3-F23L3W004-sonja.gievska', 'KN23_3-F23L3W004', 'sonja.gievska', '26'),
       ('KN23_3-F23L3W004-vangel.ajanovski', 'KN23_3-F23L3W004', 'vangel.ajanovski', '32'),
       ('KN23_3-F23L3W008-dimitar.trajanov', 'KN23_3-F23L3W008', 'dimitar.trajanov', '11'),
       ('KN23_3-F23L3W008-georgina.mirceva', 'KN23_3-F23L3W008', 'georgina.mirceva', '39'),
       ('KN23_3-F23L3W008-igor.mishkovski', 'KN23_3-F23L3W008', 'igor.mishkovski', '28'),
       ('KN23_3-F23L3W008-milos.jovanovik', 'KN23_3-F23L3W008', 'milos.jovanovik', '46'),
       ('KN23_3-F23L3W008-miroslav.mirchev', 'KN23_3-F23L3W008', 'miroslav.mirchev', '38'),
       ('KN23_3-F23L3W008-slobodan.kalajdziski', 'KN23_3-F23L3W008', 'slobodan.kalajdziski', '15'),
       ('KN23_3-F23L3W008-vesna.dimitrova', 'KN23_3-F23L3W008', 'vesna.dimitrova', '23'),
       ('KN23_3-F23L3W009-dejan.gjorgjevikj', 'KN23_3-F23L3W009', 'dejan.gjorgjevikj', '10'),
       ('KN23_3-F23L3W009-gjorgji.madjarov', 'KN23_3-F23L3W009', 'gjorgji.madjarov', '29'),
       ('KN23_3-F23L3W009-ljupcho.antovski', 'KN23_3-F23L3W009', 'ljupcho.antovski', '12'),
       ('KN23_3-F23L3W009-petre.lameski', 'KN23_3-F23L3W009', 'petre.lameski', '51'),
       ('KN23_3-F23L3W024-dimitar.trajanov', 'KN23_3-F23L3W024', 'dimitar.trajanov', '11'),
       ('KN23_3-F23L3W024-milos.jovanovik', 'KN23_3-F23L3W024', 'milos.jovanovik', '46'),
       ('KN23_3-F23L3W024-riste.stojanov', 'KN23_3-F23L3W024', 'riste.stojanov', '56'),
       ('KN23_3-F23L3W024-sasho.gramatikov', 'KN23_3-F23L3W024', 'sasho.gramatikov', '37'),
       ('KN23_3-F23L3W024-vangel.ajanovski', 'KN23_3-F23L3W024', 'vangel.ajanovski', '32'),
       ('KN23_3-F23L3W027-goran.velinov', 'KN23_3-F23L3W027', 'goran.velinov', '17'),
       ('KN23_3-F23L3W027-kosta.mitreski', 'KN23_3-F23L3W027', 'kosta.mitreski', '6'),
       ('KN23_3-F23L3W027-ljupcho.antovski', 'KN23_3-F23L3W027', 'ljupcho.antovski', '12'),
       ('KN23_3-F23L3W027-milos.jovanovik', 'KN23_3-F23L3W027', 'milos.jovanovik', '46'),
       ('KN23_3-F23L3W027-smilka.janeska', 'KN23_3-F23L3W027', 'smilka.janeska', '30'),
       ('KN23_3-F23L3W035-marija.mihova', 'KN23_3-F23L3W035', 'marija.mihova', '14'),
       ('KN23_3-F23L3W035-vesna.dimitrievska', 'KN23_3-F23L3W035', 'vesna.dimitrievska', '33'),
       ('KN23_3-F23L3W037-magdalena.kostoska', 'KN23_3-F23L3W037', 'magdalena.kostoska', '40'),
       ('KN23_3-F23L3W037-marjan.gushev', 'KN23_3-F23L3W037', 'marjan.gushev', '2'),
       ('KN23_3-F23L3W037-vladimir.zdraveski', 'KN23_3-F23L3W037', 'vladimir.zdraveski', '52'),
       ('KN23_3-F23L3W038-emil.stankov', 'KN23_3-F23L3W038', 'emil.stankov', '54'),
       ('KN23_3-F23L3W038-kire.trivodaliev', 'KN23_3-F23L3W038', 'kire.trivodaliev', '36'),
       ('KN23_3-F23L3W038-mile.jovanov', 'KN23_3-F23L3W038', 'mile.jovanov', '34'),
       ('KN23_3-F23L3S040-monika.simjanoska', 'KN23_3-F23L3S040', 'monika.simjanoska', '100'),
       ('KN23_3-F23L3S040-nevena.ackovska', 'KN23_3-F23L3S040', 'nevena.ackovska', '16'),
       ('KN23_3-F23L3W043-hristina.mihajloska', 'KN23_3-F23L3W043', 'hristina.mihajloska', '48'),
       ('KN23_3-F23L3W043-vesna.dimitrova', 'KN23_3-F23L3W043', 'vesna.dimitrova', '23'),
       ('KN23_3-F23L3W044-lasko.basnarkov', 'KN23_3-F23L3W044', 'lasko.basnarkov', '21'),
       ('KN23_3-F23L3W048-monika.simjanoska', 'KN23_3-F23L3W048', 'monika.simjanoska', '100'),
       ('KN23_3-F23L3W050-goce.armenski', 'KN23_3-F23L3W050', 'goce.armenski', '24'),
       ('KN23_3-F23L3W053-bojan.ilijoski', 'KN23_3-F23L3W053', 'bojan.ilijoski', '59'),
       ('KN23_3-F23L3W053-katerina.zdravkova', 'KN23_3-F23L3W053', 'katerina.zdravkova', '3'),
       ('KN23_3-F23L3W056-ana.madevska', 'KN23_3-F23L3W056', 'ana.madevska', '9'),
       ('KN23_3-F23L3W060-boro.jakimovski', 'KN23_3-F23L3W060', 'boro.jakimovski', '22'),
       ('KN23_3-F23L3W064-boro.jakimovski', 'KN23_3-F23L3W064', 'boro.jakimovski', '22'),
       ('KN23_3-F23L3W064-vladimir.trajkovik', 'KN23_3-F23L3W064', 'vladimir.trajkovik', '8'),
       ('KN23_3-F23L3W065-anastas.mishev', 'KN23_3-F23L3W065', 'anastas.mishev', '18'),
       ('KN23_3-F23L3W065-sonja.filiposka', 'KN23_3-F23L3W065', 'sonja.filiposka', '19'),
       ('KN23_3-F23L3W068-marjan.gushev', 'KN23_3-F23L3W068', 'marjan.gushev', '2'),
       ('KN23_3-F23L3W072-andrea.kulakov', 'KN23_3-F23L3W072', 'andrea.kulakov', '13'),
       ('KN23_3-F23L3W072-nevena.ackovska', 'KN23_3-F23L3W072', 'nevena.ackovska', '16'),
       ('KN23_3-F23L3W074-boro.jakimovski', 'KN23_3-F23L3W074', 'boro.jakimovski', '22'),
       ('KN23_3-F23L3W074-goran.velinov', 'KN23_3-F23L3W074', 'goran.velinov', '17'),
       ('KN23_3-F23L3W074-vangel.ajanovski', 'KN23_3-F23L3W074', 'vangel.ajanovski', '32'),
       ('KN23_3-F23L3W075-vladimir.trajkovik', 'KN23_3-F23L3W075', 'vladimir.trajkovik', '8'),
       ('KN23_3-F23L3W076-eftim.zdravevski', 'KN23_3-F23L3W076', 'eftim.zdravevski', '49'),
       ('KN23_3-F23L3W079-dimitar.trajanov', 'KN23_3-F23L3W079', 'dimitar.trajanov', '11'),
       ('KN23_3-F23L3W079-milos.jovanovik', 'KN23_3-F23L3W079', 'milos.jovanovik', '46'),
       ('KN23_3-F23L3W081-katarina.trojacanec', 'KN23_3-F23L3W081', 'katarina.trojacanec', '55'),
       ('KN23_3-F23L3W081-suzana.loshkovska', 'KN23_3-F23L3W081', 'suzana.loshkovska', '4'),
       ('KN23_3-F23L3W088-aleksandra.kanevche', 'KN23_3-F23L3W088', 'aleksandra.kanevche', '53'),
       ('KN23_3-F23L3W089-dejan.gjorgjevikj', 'KN23_3-F23L3W089', 'dejan.gjorgjevikj', '10'),
       ('KN23_3-F23L3W092-boban.joksimoski', 'KN23_3-F23L3W092', 'boban.joksimoski', '57'),
       ('KN23_3-F23L3W092-ivan.chorbev', 'KN23_3-F23L3W092', 'ivan.chorbev', '20'),
       ('KN23_3-F23L3W098-boro.jakimovski', 'KN23_3-F23L3W098', 'boro.jakimovski', '22'),
       ('KN23_3-F23L3W103-ivan.chorbev', 'KN23_3-F23L3W103', 'ivan.chorbev', '20'),
       ('KN23_3-F23L3W103-vangel.ajanovski', 'KN23_3-F23L3W103', 'vangel.ajanovski', '32'),
       ('KN23_3-F23L3W105-magdalena.kostoska', 'KN23_3-F23L3W105', 'magdalena.kostoska', '40'),
       ('KN23_3-F23L3W105-marjan.gushev', 'KN23_3-F23L3W105', 'marjan.gushev', '2'),
       ('KN23_3-F23L3W108-biljana.stojkoska', 'KN23_3-F23L3W108', 'biljana.stojkoska', '35'),
       ('KN23_3-F23L3W108-igor.mishkovski', 'KN23_3-F23L3W108', 'igor.mishkovski', '28'),
       ('KN23_3-F23L3W117-andreja.naumoski', 'KN23_3-F23L3W117', 'andreja.naumoski', '45'),
       ('KN23_3-F23L3W121-ivan.kitanovski', 'KN23_3-F23L3W121', 'ivan.kitanovski', '50'),
       ('KN23_3-F23L3W121-pance.ribarski', 'KN23_3-F23L3W121', 'pance.ribarski', '47'),
       ('KN23_3-F23L3W123-andrea.kulakov', 'KN23_3-F23L3W123', 'andrea.kulakov', '13'),
       ('KN23_3-F23L3W123-ivica.dimitrovski', 'KN23_3-F23L3W123', 'ivica.dimitrovski', '27'),
       ('KN23_3-F23L3W126-andreja.naumoski', 'KN23_3-F23L3W126', 'andreja.naumoski', '45'),
       ('KN23_3-F23L3W128-petre.lameski', 'KN23_3-F23L3W128', 'petre.lameski', '51'),
       ('KN23_3-F23L3W128-vladimir.trajkovik', 'KN23_3-F23L3W128', 'vladimir.trajkovik', '8'),
       ('KN23_3-F23L3W129-igor.mishkovski', 'KN23_3-F23L3W129', 'igor.mishkovski', '28'),
       ('KN23_3-F23L3W129-ljupcho.antovski', 'KN23_3-F23L3W129', 'ljupcho.antovski', '12'),
       ('KN23_3-F23L3W133-sonja.filiposka', 'KN23_3-F23L3W133', 'sonja.filiposka', '19'),
       ('KN23_3-F23L3W134-sasho.gramatikov', 'KN23_3-F23L3W134', 'sasho.gramatikov', '37'),
       ('KN23_3-F23L3W136-boban.joksimoski', 'KN23_3-F23L3W136', 'boban.joksimoski', '57'),
       ('KN23_3-F23L3W136-goce.armenski', 'KN23_3-F23L3W136', 'goce.armenski', '24'),
       ('KN23_3-F23L3W136-ivan.chorbev', 'KN23_3-F23L3W136', 'ivan.chorbev', '20'),
       ('KN23_3-F23L3W137-bojan.ilijoski', 'KN23_3-F23L3W137', 'bojan.ilijoski', '59'),
       ('KN23_3-F23L3W137-nevena.ackovska', 'KN23_3-F23L3W137', 'nevena.ackovska', '16'),
       ('KN23_3-F23L3W137-sonja.gievska', 'KN23_3-F23L3W137', 'sonja.gievska', '26'),
       ('KN23_3-F23L3W140-dejan.gjorgjevikj', 'KN23_3-F23L3W140', 'dejan.gjorgjevikj', '10'),
       ('KN23_3-F23L3W140-gjorgji.madjarov', 'KN23_3-F23L3W140', 'gjorgji.madjarov', '29'),
       ('KN23_3-F23L3W140-ivan.kitanovski', 'KN23_3-F23L3W140', 'ivan.kitanovski', '50'),
       ('KN23_3-F23L3W142-ivica.dimitrovski', 'KN23_3-F23L3W142', 'ivica.dimitrovski', '27'),
       ('KN23_3-F23L3W142-sonja.gievska', 'KN23_3-F23L3W142', 'sonja.gievska', '26'),
       ('KN23_3-F23L3W145-miroslav.mirchev', 'KN23_3-F23L3W145', 'miroslav.mirchev', '38'),
       ('KN23_3-F23L3W148-andrea.kulakov', 'KN23_3-F23L3W148', 'andrea.kulakov', '13'),
       ('KN23_3-F23L3W152-katarina.trojacanec', 'KN23_3-F23L3W152', 'katarina.trojacanec', '55'),
       ('KN23_3-F23L3W152-suzana.loshkovska', 'KN23_3-F23L3W152', 'suzana.loshkovska', '4'),
       ('KN23_3-F23L3W154-eftim.zdravevski', 'KN23_3-F23L3W154', 'eftim.zdravevski', '49'),
       ('KN23_3-F23L3W154-gjorgji.madjarov', 'KN23_3-F23L3W154', 'gjorgji.madjarov', '29'),
       ('KN23_3-F23L3W156-georgina.mirceva', 'KN23_3-F23L3W156', 'georgina.mirceva', '39'),
       ('KN23_3-F23L3W161-marija.mihova', 'KN23_3-F23L3W161', 'marija.mihova', '14'),
       ('KN23_3-F23L3W161-sonja.gievska', 'KN23_3-F23L3W161', 'sonja.gievska', '26'),
       ('KN23_3-F23L3W162-andreja.naumoski', 'KN23_3-F23L3W162', 'andreja.naumoski', '45'),
       ('KN23_3-F23L3W162-lasko.basnarkov', 'KN23_3-F23L3W162', 'lasko.basnarkov', '21'),
       ('KN23_3-F23L3W200-biljana.stojkoska', 'KN23_3-F23L3W200', 'biljana.stojkoska', '35'),
       ('PIT23_3-F23L1S003-aleksandra.kanevche', 'PIT23_3-F23L1S003', 'aleksandra.kanevche', '53'),
       ('PIT23_3-F23L1S003-biljana.stojkoska', 'PIT23_3-F23L1S003', 'biljana.stojkoska', '35'),
       ('PIT23_3-F23L1S003-dejan.spasov', 'PIT23_3-F23L1S003', 'dejan.spasov', '25'),
       ('PIT23_3-F23L1S003-igor.mishkovski', 'PIT23_3-F23L1S003', 'igor.mishkovski', '28'),
       ('PIT23_3-F23L1S003-ljupcho.antovski', 'PIT23_3-F23L1S003', 'ljupcho.antovski', '12'),
       ('PIT23_3-F23L1S003-magdalena.kostoska', 'PIT23_3-F23L1S003', 'magdalena.kostoska', '40'),
       ('PIT23_3-F23L1S003-marjan.gushev', 'PIT23_3-F23L1S003', 'marjan.gushev', '2'),
       ('PIT23_3-F23L1S003-miroslav.mirchev', 'PIT23_3-F23L1S003', 'miroslav.mirchev', '38'),
       ('PIT23_3-F23L1S003-sasho.gramatikov', 'PIT23_3-F23L1S003', 'sasho.gramatikov', '37'),
       ('PIT23_3-F23L1S003-vladimir.zdraveski', 'PIT23_3-F23L1S003', 'vladimir.zdraveski', '52'),
       ('PIT23_3-F23L1S016-ana.madevska', 'PIT23_3-F23L1S016', 'ana.madevska', '9'),
       ('PIT23_3-F23L1S016-boban.joksimoski', 'PIT23_3-F23L1S016', 'boban.joksimoski', '57'),
       ('PIT23_3-F23L1S016-dejan.gjorgjevikj', 'PIT23_3-F23L1S016', 'dejan.gjorgjevikj', '10'),
       ('PIT23_3-F23L1S016-emil.stankov', 'PIT23_3-F23L1S016', 'emil.stankov', '54'),
       ('PIT23_3-F23L1S016-gjorgji.madjarov', 'PIT23_3-F23L1S016', 'gjorgji.madjarov', '29'),
       ('PIT23_3-F23L1S016-hristina.mihajloska', 'PIT23_3-F23L1S016', 'hristina.mihajloska', '48'),
       ('PIT23_3-F23L1S016-ivan.chorbev', 'PIT23_3-F23L1S016', 'ivan.chorbev', '20'),
       ('PIT23_3-F23L1S016-ivica.dimitrovski', 'PIT23_3-F23L1S016', 'ivica.dimitrovski', '27'),
       ('PIT23_3-F23L1S016-katarina.trojacanec', 'PIT23_3-F23L1S016', 'katarina.trojacanec', '55'),
       ('PIT23_3-F23L1S016-nevena.ackovska', 'PIT23_3-F23L1S016', 'nevena.ackovska', '16'),
       ('PIT23_3-F23L1S023-aleksandra.popovska', 'PIT23_3-F23L1S023', 'aleksandra.popovska', '41'),
       ('PIT23_3-F23L1S023-metodija.jancheski', 'PIT23_3-F23L1S023', 'metodija.jancheski', '0'),
       ('PIT23_3-F23L1S023-natasa.ilievska', 'PIT23_3-F23L1S023', 'natasa.ilievska', '43'),
       ('PIT23_3-F23L1S023-verica.bakeva', 'PIT23_3-F23L1S023', 'verica.bakeva', '7'),
       ('PIT23_3-F23L1S023-vesna.dimitrievska', 'PIT23_3-F23L1S023', 'vesna.dimitrievska', '33'),
       ('PIT23_3-F23L1S026-biljana.stojkoska', 'PIT23_3-F23L1S026', 'biljana.stojkoska', '35'),
       ('PIT23_3-F23L1S026-smilka.janeska', 'PIT23_3-F23L1S026', 'smilka.janeska', '30'),
       ('PIT23_3-F23L1S052-mile.jovanov', 'PIT23_3-F23L1S052', 'mile.jovanov', '34'),
       ('PIT23_3-F23L1S116-andreja.naumoski', 'PIT23_3-F23L1S116', 'andreja.naumoski', '45'),
       ('PIT23_3-F23L1S116-kosta.mitreski', 'PIT23_3-F23L1S116', 'kosta.mitreski', '6'),
       ('PIT23_3-F23L1S120-sonja.filiposka', 'PIT23_3-F23L1S120', 'sonja.filiposka', '19'),
       ('PIT23_3-F23L1S120-vladimir.trajkovik', 'PIT23_3-F23L1S120', 'vladimir.trajkovik', '8'),
       ('PIT23_3-F23L1S146-boban.joksimoski', 'PIT23_3-F23L1S146', 'boban.joksimoski', '57'),
       ('PIT23_3-F23L1S146-goce.armenski', 'PIT23_3-F23L1S146', 'goce.armenski', '24'),
       ('PIT23_3-F23L1S146-ivan.chorbev', 'PIT23_3-F23L1S146', 'ivan.chorbev', '20'),
       ('PIT23_3-F23L1S146-ivan.kitanovski', 'PIT23_3-F23L1S146', 'ivan.kitanovski', '50'),
       ('PIT23_3-F23L1S146-slobodan.kalajdziski', 'PIT23_3-F23L1S146', 'slobodan.kalajdziski', '15'),
       ('PIT23_3-F23L1W005-georgina.mirceva', 'PIT23_3-F23L1W005', 'georgina.mirceva', '39'),
       ('PIT23_3-F23L1W005-riste.stojanov', 'PIT23_3-F23L1W005', 'riste.stojanov', '56'),
       ('PIT23_3-F23L1W005-smilka.janeska', 'PIT23_3-F23L1W005', 'smilka.janeska', '30'),
       ('PIT23_3-F23L1W005-vladimir.zdraveski', 'PIT23_3-F23L1W005', 'vladimir.zdraveski', '52'),
       ('PIT23_3-F23L1W007-biljana.stojkoska', 'PIT23_3-F23L1W007', 'biljana.stojkoska', '35'),
       ('PIT23_3-F23L1W007-bojana.koteska', 'PIT23_3-F23L1W007', 'bojana.koteska', '0'),
       ('PIT23_3-F23L1W007-emil.stankov', 'PIT23_3-F23L1W007', 'emil.stankov', '54'),
       ('PIT23_3-F23L1W007-ivan.kitanovski', 'PIT23_3-F23L1W007', 'ivan.kitanovski', '50'),
       ('PIT23_3-F23L1W007-katerina.zdravkova', 'PIT23_3-F23L1W007', 'katerina.zdravkova', '3'),
       ('PIT23_3-F23L1W007-kosta.mitreski', 'PIT23_3-F23L1W007', 'kosta.mitreski', '6'),
       ('PIT23_3-F23L1W007-pance.ribarski', 'PIT23_3-F23L1W007', 'pance.ribarski', '47'),
       ('PIT23_3-F23L1W018-andreja.naumoski', 'PIT23_3-F23L1W018', 'andreja.naumoski', '45'),
       ('PIT23_3-F23L1W018-biljana.stojkoska', 'PIT23_3-F23L1W018', 'biljana.stojkoska', '35'),
       ('PIT23_3-F23L1W018-kire.trivodaliev', 'PIT23_3-F23L1W018', 'kire.trivodaliev', '36'),
       ('PIT23_3-F23L1W018-lasko.basnarkov', 'PIT23_3-F23L1W018', 'lasko.basnarkov', '21'),
       ('PIT23_3-F23L1W018-magdalena.kostoska', 'PIT23_3-F23L1W018', 'magdalena.kostoska', '40'),
       ('PIT23_3-F23L1W018-pance.ribarski', 'PIT23_3-F23L1W018', 'pance.ribarski', '47'),
       ('PIT23_3-F23L1W020-ana.madevska', 'PIT23_3-F23L1W020', 'ana.madevska', '9'),
       ('PIT23_3-F23L1W020-boban.joksimoski', 'PIT23_3-F23L1W020', 'boban.joksimoski', '57'),
       ('PIT23_3-F23L1W020-dejan.gjorgjevikj', 'PIT23_3-F23L1W020', 'dejan.gjorgjevikj', '10'),
       ('PIT23_3-F23L1W020-emil.stankov', 'PIT23_3-F23L1W020', 'emil.stankov', '54'),
       ('PIT23_3-F23L1W020-gjorgji.madjarov', 'PIT23_3-F23L1W020', 'gjorgji.madjarov', '29'),
       ('PIT23_3-F23L1W020-hristina.mihajloska', 'PIT23_3-F23L1W020', 'hristina.mihajloska', '48'),
       ('PIT23_3-F23L1W020-ivan.chorbev', 'PIT23_3-F23L1W020', 'ivan.chorbev', '20'),
       ('PIT23_3-F23L1W020-ivica.dimitrovski', 'PIT23_3-F23L1W020', 'ivica.dimitrovski', '27'),
       ('PIT23_3-F23L1W020-katarina.trojacanec', 'PIT23_3-F23L1W020', 'katarina.trojacanec', '55'),
       ('PIT23_3-F23L1W020-mile.jovanov', 'PIT23_3-F23L1W020', 'mile.jovanov', '34'),
       ('PIT23_3-F23L1W020-nevena.ackovska', 'PIT23_3-F23L1W020', 'nevena.ackovska', '16'),
       ('PIT23_3-F23L2S002-eftim.zdravevski', 'PIT23_3-F23L2S002', 'eftim.zdravevski', '49'),
       ('PIT23_3-F23L2S002-georgina.mirceva', 'PIT23_3-F23L2S002', 'georgina.mirceva', '39'),
       ('PIT23_3-F23L2S002-ljupcho.antovski', 'PIT23_3-F23L2S002', 'ljupcho.antovski', '12'),
       ('PIT23_3-F23L2S015-biljana.stojkoska', 'PIT23_3-F23L2S015', 'biljana.stojkoska', '35'),
       ('PIT23_3-F23L2S015-bojana.koteska', 'PIT23_3-F23L2S015', 'bojana.koteska', '0'),
       ('PIT23_3-F23L2S015-ilinka.ivanoska', 'PIT23_3-F23L2S015', 'ilinka.ivanoska', '58'),
       ('PIT23_3-F23L2S015-kire.trivodaliev', 'PIT23_3-F23L2S015', 'kire.trivodaliev', '36'),
       ('PIT23_3-F23L2S015-slobodan.kalajdziski', 'PIT23_3-F23L2S015', 'slobodan.kalajdziski', '15'),
       ('PIT23_3-F23L2S017-boro.jakimovski', 'PIT23_3-F23L2S017', 'boro.jakimovski', '22'),
       ('PIT23_3-F23L2S017-dimitar.trajanov', 'PIT23_3-F23L2S017', 'dimitar.trajanov', '11'),
       ('PIT23_3-F23L2S017-igor.mishkovski', 'PIT23_3-F23L2S017', 'igor.mishkovski', '28'),
       ('PIT23_3-F23L2S017-milos.jovanovik', 'PIT23_3-F23L2S017', 'milos.jovanovik', '46'),
       ('PIT23_3-F23L2S017-nevena.ackovska', 'PIT23_3-F23L2S017', 'nevena.ackovska', '16'),
       ('PIT23_3-F23L2S017-riste.stojanov', 'PIT23_3-F23L2S017', 'riste.stojanov', '56'),
       ('PIT23_3-F23L2S017-sasho.gramatikov', 'PIT23_3-F23L2S017', 'sasho.gramatikov', '37'),
       ('PIT23_3-F23L2S017-vesna.dimitrova', 'PIT23_3-F23L2S017', 'vesna.dimitrova', '23'),
       ('PIT23_3-F23L2S029-dejan.gjorgjevikj', 'PIT23_3-F23L2S029', 'dejan.gjorgjevikj', '10'),
       ('PIT23_3-F23L2S029-gjorgji.madjarov', 'PIT23_3-F23L2S029', 'gjorgji.madjarov', '29'),
       ('PIT23_3-F23L2S029-ivica.dimitrovski', 'PIT23_3-F23L2S029', 'ivica.dimitrovski', '27'),
       ('PIT23_3-F23L2S029-katarina.trojacanec', 'PIT23_3-F23L2S029', 'katarina.trojacanec', '55'),
       ('PIT23_3-F23L2S029-katerina.zdravkova', 'PIT23_3-F23L2S029', 'katerina.zdravkova', '3'),
       ('PIT23_3-F23L2S030-andrea.kulakov', 'PIT23_3-F23L2S030', 'andrea.kulakov', '13'),
       ('PIT23_3-F23L2S030-georgina.mirceva', 'PIT23_3-F23L2S030', 'georgina.mirceva', '39'),
       ('PIT23_3-F23L2S030-ilinka.ivanoska', 'PIT23_3-F23L2S030', 'ilinka.ivanoska', '58'),
       ('PIT23_3-F23L2S030-kire.trivodaliev', 'PIT23_3-F23L2S030', 'kire.trivodaliev', '36'),
       ('PIT23_3-F23L2S030-petre.lameski', 'PIT23_3-F23L2S030', 'petre.lameski', '51'),
       ('PIT23_3-F23L2S030-sonja.gievska', 'PIT23_3-F23L2S030', 'sonja.gievska', '26'),
       ('PIT23_3-F23L2S042-andreja.naumoski', 'PIT23_3-F23L2S042', 'andreja.naumoski', '45'),
       ('PIT23_3-F23L2S042-kosta.mitreski', 'PIT23_3-F23L2S042', 'kosta.mitreski', '6'),
       ('PIT23_3-F23L2S051-emil.stankov', 'PIT23_3-F23L2S051', 'emil.stankov', '54'),
       ('PIT23_3-F23L2S051-mile.jovanov', 'PIT23_3-F23L2S051', 'mile.jovanov', '34'),
       ('PIT23_3-F23L2S061-anastas.mishev', 'PIT23_3-F23L2S061', 'anastas.mishev', '18'),
       ('PIT23_3-F23L2S061-sonja.filiposka', 'PIT23_3-F23L2S061', 'sonja.filiposka', '19'),
       ('PIT23_3-F23L2S066-anastas.mishev', 'PIT23_3-F23L2S066', 'anastas.mishev', '18'),
       ('PIT23_3-F23L2S066-sonja.filiposka', 'PIT23_3-F23L2S066', 'sonja.filiposka', '19'),
       ('PIT23_3-F23L2S082-dejan.gjorgjevikj', 'PIT23_3-F23L2S082', 'dejan.gjorgjevikj', '10'),
       ('PIT23_3-F23L2S084-andreja.naumoski', 'PIT23_3-F23L2S084', 'andreja.naumoski', '45'),
       ('PIT23_3-F23L2S084-kosta.mitreski', 'PIT23_3-F23L2S084', 'kosta.mitreski', '6'),
       ('PIT23_3-F23L2S090-verica.bakeva', 'PIT23_3-F23L2S090', 'verica.bakeva', '7'),
       ('PIT23_3-F23L2S095-andrea.kulakov', 'PIT23_3-F23L2S095', 'andrea.kulakov', '13'),
       ('PIT23_3-F23L2S095-ivica.dimitrovski', 'PIT23_3-F23L2S095', 'ivica.dimitrovski', '27'),
       ('PIT23_3-F23L2S097-marija.mihova', 'PIT23_3-F23L2S097', 'marija.mihova', '14'),
       ('PIT23_3-F23L2S099-georgina.mirceva', 'PIT23_3-F23L2S099', 'georgina.mirceva', '39'),
       ('PIT23_3-F23L2S099-smilka.janeska', 'PIT23_3-F23L2S099', 'smilka.janeska', '30'),
       ('PIT23_3-F23L2S110-goce.armenski', 'PIT23_3-F23L2S110', 'goce.armenski', '24'),
       ('PIT23_3-F23L2S110-magdalena.kostoska', 'PIT23_3-F23L2S110', 'magdalena.kostoska', '40'),
       ('PIT23_3-F23L2S110-vangel.ajanovski', 'PIT23_3-F23L2S110', 'vangel.ajanovski', '32'),
       ('PIT23_3-F23L2S114-boban.joksimoski', 'PIT23_3-F23L2S114', 'boban.joksimoski', '57'),
       ('PIT23_3-F23L2S114-suzana.loshkovska', 'PIT23_3-F23L2S114', 'suzana.loshkovska', '4'),
       ('PIT23_3-F23L2S114-vangel.ajanovski', 'PIT23_3-F23L2S114', 'vangel.ajanovski', '32'),
       ('PIT23_3-F23L2S119-goran.velinov', 'PIT23_3-F23L2S119', 'goran.velinov', '17'),
       ('PIT23_3-F23L2S119-vladimir.zdraveski', 'PIT23_3-F23L2S119', 'vladimir.zdraveski', '52'),
       ('PIT23_3-F23L2S124-vladimir.trajkovik', 'PIT23_3-F23L2S124', 'vladimir.trajkovik', '8'),
       ('PIT23_3-F23L2S164-aleksandra.popovska', 'PIT23_3-F23L2S164', 'aleksandra.popovska', '41'),
       ('PIT23_3-F23L2S164-verica.bakeva', 'PIT23_3-F23L2S164', 'verica.bakeva', '7'),
       ('PIT23_3-F23L2W003-dejan.spasov', 'PIT23_3-F23L2W003', 'dejan.spasov', '25'),
       ('PIT23_3-F23L2W003-marija.mihova', 'PIT23_3-F23L2W003', 'marija.mihova', '14'),
       ('PIT23_3-F23L2W003-metodija.jancheski', 'PIT23_3-F23L2W003', 'metodija.jancheski', '0'),
       ('PIT23_3-F23L2W003-natasa.ilievska', 'PIT23_3-F23L2W003', 'natasa.ilievska', '43'),
       ('PIT23_3-F23L2W003-vesna.dimitrievska', 'PIT23_3-F23L2W003', 'vesna.dimitrievska', '33'),
       ('PIT23_3-F23L2W006-aleksandra.popovska', 'PIT23_3-F23L2W006', 'aleksandra.popovska', '41'),
       ('PIT23_3-F23L2W006-biljana.tojtovska', 'PIT23_3-F23L2W006', 'biljana.tojtovska', '42'),
       ('PIT23_3-F23L2W006-natasa.ilievska', 'PIT23_3-F23L2W006', 'natasa.ilievska', '43'),
       ('PIT23_3-F23L2W006-verica.bakeva', 'PIT23_3-F23L2W006', 'verica.bakeva', '7'),
       ('PIT23_3-F23L2W014-aleksandra.kanevche', 'PIT23_3-F23L2W014', 'aleksandra.kanevche', '53'),
       ('PIT23_3-F23L2W014-anastas.mishev', 'PIT23_3-F23L2W014', 'anastas.mishev', '18'),
       ('PIT23_3-F23L2W014-dejan.spasov', 'PIT23_3-F23L2W014', 'dejan.spasov', '25'),
       ('PIT23_3-F23L2W014-igor.mishkovski', 'PIT23_3-F23L2W014', 'igor.mishkovski', '28'),
       ('PIT23_3-F23L2W014-miroslav.mirchev', 'PIT23_3-F23L2W014', 'miroslav.mirchev', '38'),
       ('PIT23_3-F23L2W014-sasho.gramatikov', 'PIT23_3-F23L2W014', 'sasho.gramatikov', '37'),
       ('PIT23_3-F23L2W014-sonja.filiposka', 'PIT23_3-F23L2W014', 'sonja.filiposka', '19'),
       ('PIT23_3-F23L2W055-mile.jovanov', 'PIT23_3-F23L2W055', 'mile.jovanov', '34'),
       ('PIT23_3-F23L2W067-aleksandra.popovska', 'PIT23_3-F23L2W067', 'aleksandra.popovska', '41'),
       ('PIT23_3-F23L2W067-verica.bakeva', 'PIT23_3-F23L2W067', 'verica.bakeva', '7'),
       ('PIT23_3-F23L2W096-boban.joksimoski', 'PIT23_3-F23L2W096', 'boban.joksimoski', '57'),
       ('PIT23_3-F23L2W100-smilka.janeska', 'PIT23_3-F23L2W100', 'smilka.janeska', '30'),
       ('PIT23_3-F23L2W104-vesna.dimitrova', 'PIT23_3-F23L2W104', 'vesna.dimitrova', '23'),
       ('PIT23_3-F23L2W109-bojan.ilijoski', 'PIT23_3-F23L2W109', 'bojan.ilijoski', '59'),
       ('PIT23_3-F23L2W109-ivan.kitanovski', 'PIT23_3-F23L2W109', 'ivan.kitanovski', '50'),
       ('PIT23_3-F23L2W109-suzana.loshkovska', 'PIT23_3-F23L2W109', 'suzana.loshkovska', '4'),
       ('PIT23_3-F23L2W147-miroslav.mirchev', 'PIT23_3-F23L2W147', 'miroslav.mirchev', '38'),
       ('PIT23_3-F23L2W165-anastas.mishev', 'PIT23_3-F23L2W165', 'anastas.mishev', '18'),
       ('PIT23_3-F23L2W165-sonja.filiposka', 'PIT23_3-F23L2W165', 'sonja.filiposka', '19'),
       ('PIT23_3-F23L2W165-vladimir.zdraveski', 'PIT23_3-F23L2W165', 'vladimir.zdraveski', '52'),
       ('PIT23_3-F23L2W167-ivica.dimitrovski', 'PIT23_3-F23L2W167', 'ivica.dimitrovski', '27'),
       ('PIT23_3-F23L2W167-katarina.trojacanec', 'PIT23_3-F23L2W167', 'katarina.trojacanec', '55'),
       ('PIT23_3-F23L2W167-suzana.loshkovska', 'PIT23_3-F23L2W167', 'suzana.loshkovska', '4'),
       ('PIT23_3-F23L2W201-magdalena.kostoska', 'PIT23_3-F23L2W201', 'magdalena.kostoska', '40'),
       ('PIT23_3-F23L2W201-petre.lameski', 'PIT23_3-F23L2W201', 'petre.lameski', '51'),
       ('PIT23_3-F23L3S010-bojan.ilijoski', 'PIT23_3-F23L3S010', 'bojan.ilijoski', '59'),
       ('PIT23_3-F23L3S010-ivan.kitanovski', 'PIT23_3-F23L3S010', 'ivan.kitanovski', '50'),
       ('PIT23_3-F23L3S010-sonja.gievska', 'PIT23_3-F23L3S010', 'sonja.gievska', '26'),
       ('PIT23_3-F23L3S010-suzana.loshkovska', 'PIT23_3-F23L3S010', 'suzana.loshkovska', '4'),
       ('PIT23_3-F23L3S012-ivan.chorbev', 'PIT23_3-F23L3S012', 'ivan.chorbev', '20'),
       ('PIT23_3-F23L3S022-dimitar.trajanov', 'PIT23_3-F23L3S022', 'dimitar.trajanov', '11'),
       ('PIT23_3-F23L3S022-ljupcho.antovski', 'PIT23_3-F23L3S022', 'ljupcho.antovski', '12'),
       ('PIT23_3-F23L3S022-milos.jovanovik', 'PIT23_3-F23L3S022', 'milos.jovanovik', '46'),
       ('PIT23_3-F23L3S022-vladimir.zdraveski', 'PIT23_3-F23L3S022', 'vladimir.zdraveski', '52'),
       ('PIT23_3-F23L3S025-dimitar.trajanov', 'PIT23_3-F23L3S025', 'dimitar.trajanov', '11'),
       ('PIT23_3-F23L3S025-goce.armenski', 'PIT23_3-F23L3S025', 'goce.armenski', '24'),
       ('PIT23_3-F23L3S025-milos.jovanovik', 'PIT23_3-F23L3S025', 'milos.jovanovik', '46'),
       ('PIT23_3-F23L3S025-riste.stojanov', 'PIT23_3-F23L3S025', 'riste.stojanov', '56'),
       ('PIT23_3-F23L3S025-sasho.gramatikov', 'PIT23_3-F23L3S025', 'sasho.gramatikov', '37'),
       ('PIT23_3-F23L3S028-eftim.zdravevski', 'PIT23_3-F23L3S028', 'eftim.zdravevski', '49'),
       ('PIT23_3-F23L3S028-vladimir.trajkovik', 'PIT23_3-F23L3S028', 'vladimir.trajkovik', '8'),
       ('PIT23_3-F23L3S036-aleksandra.kanevche', 'PIT23_3-F23L3S036', 'aleksandra.kanevche', '53'),
       ('PIT23_3-F23L3S036-miroslav.mirchev', 'PIT23_3-F23L3S036', 'miroslav.mirchev', '38'),
       ('PIT23_3-F23L3S039-marija.mihova', 'PIT23_3-F23L3S039', 'marija.mihova', '14'),
       ('PIT23_3-F23L3S039-mile.jovanov', 'PIT23_3-F23L3S039', 'mile.jovanov', '34'),
       ('PIT23_3-F23L3S047-lasko.basnarkov', 'PIT23_3-F23L3S047', 'lasko.basnarkov', '21'),
       ('PIT23_3-F23L3S054-ana.madevska', 'PIT23_3-F23L3S054', 'ana.madevska', '9'),
       ('PIT23_3-F23L3S057-ana.madevska', 'PIT23_3-F23L3S057', 'ana.madevska', '9'),
       ('PIT23_3-F23L3S059-aleksandra.kanevche', 'PIT23_3-F23L3S059', 'aleksandra.kanevche', '53'),
       ('PIT23_3-F23L3S062-boro.jakimovski', 'PIT23_3-F23L3S062', 'boro.jakimovski', '22'),
       ('PIT23_3-F23L3S063-aleksandra.kanevche', 'PIT23_3-F23L3S063', 'aleksandra.kanevche', '53'),
       ('PIT23_3-F23L3S063-igor.mishkovski', 'PIT23_3-F23L3S063', 'igor.mishkovski', '28'),
       ('PIT23_3-F23L3S069-vangel.ajanovski', 'PIT23_3-F23L3S069', 'vangel.ajanovski', '32'),
       ('PIT23_3-F23L3S073-kire.trivodaliev', 'PIT23_3-F23L3S073', 'kire.trivodaliev', '36'),
       ('PIT23_3-F23L3S073-sonja.gievska', 'PIT23_3-F23L3S073', 'sonja.gievska', '26'),
       ('PIT23_3-F23L3S078-ilinka.ivanoska', 'PIT23_3-F23L3S078', 'ilinka.ivanoska', '58'),
       ('PIT23_3-F23L3S080-ivan.kitanovski', 'PIT23_3-F23L3S080', 'ivan.kitanovski', '50'),
       ('PIT23_3-F23L3S080-ivica.dimitrovski', 'PIT23_3-F23L3S080', 'ivica.dimitrovski', '27'),
       ('PIT23_3-F23L3S083-katarina.trojacanec', 'PIT23_3-F23L3S083', 'katarina.trojacanec', '55'),
       ('PIT23_3-F23L3S083-suzana.loshkovska', 'PIT23_3-F23L3S083', 'suzana.loshkovska', '4'),
       ('PIT23_3-F23L3W085-monika.simjanoska', 'PIT23_3-F23L3W085', 'monika.simjanoska', '100'),
       ('PIT23_3-F23L3W085-nevena.ackovska', 'PIT23_3-F23L3W085', 'nevena.ackovska', '16'),
       ('PIT23_3-F23L3S086-andrea.kulakov', 'PIT23_3-F23L3S086', 'andrea.kulakov', '13'),
       ('PIT23_3-F23L3S087-igor.mishkovski', 'PIT23_3-F23L3S087', 'igor.mishkovski', '28'),
       ('PIT23_3-F23L3S087-miroslav.mirchev', 'PIT23_3-F23L3S087', 'miroslav.mirchev', '38'),
       ('PIT23_3-F23L3S091-andreja.naumoski', 'PIT23_3-F23L3S091', 'andreja.naumoski', '45'),
       ('PIT23_3-F23L3S091-kosta.mitreski', 'PIT23_3-F23L3S091', 'kosta.mitreski', '6'),
       ('PIT23_3-F23L3S093-vesna.dimitrova', 'PIT23_3-F23L3S093', 'vesna.dimitrova', '23'),
       ('PIT23_3-F23L3S094-magdalena.kostoska', 'PIT23_3-F23L3S094', 'magdalena.kostoska', '40'),
       ('PIT23_3-F23L3S101-anastas.mishev', 'PIT23_3-F23L3S101', 'anastas.mishev', '18'),
       ('PIT23_3-F23L3S101-hristina.mihajloska', 'PIT23_3-F23L3S101', 'hristina.mihajloska', '48'),
       ('PIT23_3-F23L3S102-dimitar.trajanov', 'PIT23_3-F23L3S102', 'dimitar.trajanov', '11'),
       ('PIT23_3-F23L3S106-kire.trivodaliev', 'PIT23_3-F23L3S106', 'kire.trivodaliev', '36'),
       ('PIT23_3-F23L3S106-slobodan.kalajdziski', 'PIT23_3-F23L3S106', 'slobodan.kalajdziski', '15'),
       ('PIT23_3-F23L3S106-sonja.gievska', 'PIT23_3-F23L3S106', 'sonja.gievska', '26'),
       ('PIT23_3-F23L3S107-ana.madevska', 'PIT23_3-F23L3S107', 'ana.madevska', '9'),
       ('PIT23_3-F23L3S111-boro.jakimovski', 'PIT23_3-F23L3S111', 'boro.jakimovski', '22'),
       ('PIT23_3-F23L3S112-mile.jovanov', 'PIT23_3-F23L3S112', 'mile.jovanov', '34'),
       ('PIT23_3-F23L3S113-boban.joksimoski', 'PIT23_3-F23L3S113', 'boban.joksimoski', '57'),
       ('PIT23_3-F23L3S113-ivan.chorbev', 'PIT23_3-F23L3S113', 'ivan.chorbev', '20'),
       ('PIT23_3-F23L3S115-vangel.ajanovski', 'PIT23_3-F23L3S115', 'vangel.ajanovski', '32'),
       ('PIT23_3-F23L3S118-milos.jovanovik', 'PIT23_3-F23L3S118', 'milos.jovanovik', '46'),
       ('PIT23_3-F23L3S118-pance.ribarski', 'PIT23_3-F23L3S118', 'pance.ribarski', '47'),
       ('PIT23_3-F23L3S122-hristina.mihajloska', 'PIT23_3-F23L3S122', 'hristina.mihajloska', '48'),
       ('PIT23_3-F23L3S122-vesna.dimitrova', 'PIT23_3-F23L3S122', 'vesna.dimitrova', '23'),
       ('PIT23_3-F23L3S125-miroslav.mirchev', 'PIT23_3-F23L3S125', 'miroslav.mirchev', '38'),
       ('PIT23_3-F23L3S127-ljupcho.antovski', 'PIT23_3-F23L3S127', 'ljupcho.antovski', '12'),
       ('PIT23_3-F23L3S127-petre.lameski', 'PIT23_3-F23L3S127', 'petre.lameski', '51'),
       ('PIT23_3-F23L3S127-vladimir.trajkovik', 'PIT23_3-F23L3S127', 'vladimir.trajkovik', '8'),
       ('PIT23_3-F23L3S130-georgina.mirceva', 'PIT23_3-F23L3S130', 'georgina.mirceva', '39'),
       ('PIT23_3-F23L3S131-lasko.basnarkov', 'PIT23_3-F23L3S131', 'lasko.basnarkov', '21'),
       ('PIT23_3-F23L3S132-nevena.ackovska', 'PIT23_3-F23L3S132', 'nevena.ackovska', '16'),
       ('PIT23_3-F23L3S135-biljana.stojkoska', 'PIT23_3-F23L3S135', 'biljana.stojkoska', '35'),
       ('PIT23_3-F23L3S138-eftim.zdravevski', 'PIT23_3-F23L3S138', 'eftim.zdravevski', '49'),
       ('PIT23_3-F23L3S138-goran.velinov', 'PIT23_3-F23L3S138', 'goran.velinov', '17'),
       ('PIT23_3-F23L3S139-magdalena.kostoska', 'PIT23_3-F23L3S139', 'magdalena.kostoska', '40'),
       ('PIT23_3-F23L3S139-pance.ribarski', 'PIT23_3-F23L3S139', 'pance.ribarski', '47'),
       ('PIT23_3-F23L3S141-goran.velinov', 'PIT23_3-F23L3S141', 'goran.velinov', '17'),
       ('PIT23_3-F23L3S141-slobodan.kalajdziski', 'PIT23_3-F23L3S141', 'slobodan.kalajdziski', '15'),
       ('PIT23_3-F23L3S144-lasko.basnarkov', 'PIT23_3-F23L3S144', 'lasko.basnarkov', '21'),
       ('PIT23_3-F23L3S149-marjan.gushev', 'PIT23_3-F23L3S149', 'marjan.gushev', '2'),
       ('PIT23_3-F23L3S149-vladimir.zdraveski', 'PIT23_3-F23L3S149', 'vladimir.zdraveski', '52'),
       ('PIT23_3-F23L3S150-biljana.tojtovska', 'PIT23_3-F23L3S150', 'biljana.tojtovska', '42'),
       ('PIT23_3-F23L3S150-bojan.ilijoski', 'PIT23_3-F23L3S150', 'bojan.ilijoski', '59'),
       ('PIT23_3-F23L3S153-andrea.kulakov', 'PIT23_3-F23L3S153', 'andrea.kulakov', '13'),
       ('PIT23_3-F23L3S153-petre.lameski', 'PIT23_3-F23L3S153', 'petre.lameski', '51'),
       ('PIT23_3-F23L3S155-boro.jakimovski', 'PIT23_3-F23L3S155', 'boro.jakimovski', '22'),
       ('PIT23_3-F23L3S155-pance.ribarski', 'PIT23_3-F23L3S155', 'pance.ribarski', '47'),
       ('PIT23_3-F23L3S157-eftim.zdravevski', 'PIT23_3-F23L3S157', 'eftim.zdravevski', '49'),
       ('PIT23_3-F23L3S157-goran.velinov', 'PIT23_3-F23L3S157', 'goran.velinov', '17'),
       ('PIT23_3-F23L3W158-dejan.spasov', 'PIT23_3-F23L3W158', 'dejan.spasov', '25'),
       ('PIT23_3-F23L3S159-anastas.mishev', 'PIT23_3-F23L3S159', 'anastas.mishev', '18'),
       ('PIT23_3-F23L3S159-riste.stojanov', 'PIT23_3-F23L3S159', 'riste.stojanov', '56'),
       ('PIT23_3-F23L3S160-sonja.filiposka', 'PIT23_3-F23L3S160', 'sonja.filiposka', '19'),
       ('PIT23_3-F23L3S162-sasho.gramatikov', 'PIT23_3-F23L3S162', 'sasho.gramatikov', '37'),
       ('PIT23_3-F23L3S163-biljana.tojtovska', 'PIT23_3-F23L3S163', 'biljana.tojtovska', '42'),
       ('PIT23_3-F23L3S163-bojan.ilijoski', 'PIT23_3-F23L3S163', 'bojan.ilijoski', '59'),
       ('PIT23_3-F23L3S163-pance.ribarski', 'PIT23_3-F23L3S163', 'pance.ribarski', '47'),
       ('PIT23_3-F23L3S166-goce.armenski', 'PIT23_3-F23L3S166', 'goce.armenski', '24'),
       ('PIT23_3-F23L3W001-aleksandra.popovska', 'PIT23_3-F23L3W001', 'aleksandra.popovska', '41'),
       ('PIT23_3-F23L3W001-biljana.tojtovska', 'PIT23_3-F23L3W001', 'biljana.tojtovska', '42'),
       ('PIT23_3-F23L3W001-marija.mihova', 'PIT23_3-F23L3W001', 'marija.mihova', '14'),
       ('PIT23_3-F23L3W001-metodija.jancheski', 'PIT23_3-F23L3W001', 'metodija.jancheski', '0'),
       ('PIT23_3-F23L3W001-natasa.ilievska', 'PIT23_3-F23L3W001', 'natasa.ilievska', '43'),
       ('PIT23_3-F23L3W001-verica.bakeva', 'PIT23_3-F23L3W001', 'verica.bakeva', '7'),
       ('PIT23_3-F23L3W004-eftim.zdravevski', 'PIT23_3-F23L3W004', 'eftim.zdravevski', '49'),
       ('PIT23_3-F23L3W004-georgina.mirceva', 'PIT23_3-F23L3W004', 'georgina.mirceva', '39'),
       ('PIT23_3-F23L3W004-goran.velinov', 'PIT23_3-F23L3W004', 'goran.velinov', '17'),
       ('PIT23_3-F23L3W004-kire.trivodaliev', 'PIT23_3-F23L3W004', 'kire.trivodaliev', '36'),
       ('PIT23_3-F23L3W004-slobodan.kalajdziski', 'PIT23_3-F23L3W004', 'slobodan.kalajdziski', '15'),
       ('PIT23_3-F23L3W004-sonja.gievska', 'PIT23_3-F23L3W004', 'sonja.gievska', '26'),
       ('PIT23_3-F23L3W004-vangel.ajanovski', 'PIT23_3-F23L3W004', 'vangel.ajanovski', '32'),
       ('PIT23_3-F23L3W008-dimitar.trajanov', 'PIT23_3-F23L3W008', 'dimitar.trajanov', '11'),
       ('PIT23_3-F23L3W008-georgina.mirceva', 'PIT23_3-F23L3W008', 'georgina.mirceva', '39'),
       ('PIT23_3-F23L3W008-igor.mishkovski', 'PIT23_3-F23L3W008', 'igor.mishkovski', '28'),
       ('PIT23_3-F23L3W008-milos.jovanovik', 'PIT23_3-F23L3W008', 'milos.jovanovik', '46'),
       ('PIT23_3-F23L3W008-miroslav.mirchev', 'PIT23_3-F23L3W008', 'miroslav.mirchev', '38'),
       ('PIT23_3-F23L3W008-slobodan.kalajdziski', 'PIT23_3-F23L3W008', 'slobodan.kalajdziski', '15'),
       ('PIT23_3-F23L3W008-vesna.dimitrova', 'PIT23_3-F23L3W008', 'vesna.dimitrova', '23'),
       ('PIT23_3-F23L3W009-dejan.gjorgjevikj', 'PIT23_3-F23L3W009', 'dejan.gjorgjevikj', '10'),
       ('PIT23_3-F23L3W009-gjorgji.madjarov', 'PIT23_3-F23L3W009', 'gjorgji.madjarov', '29'),
       ('PIT23_3-F23L3W009-ljupcho.antovski', 'PIT23_3-F23L3W009', 'ljupcho.antovski', '12'),
       ('PIT23_3-F23L3W009-petre.lameski', 'PIT23_3-F23L3W009', 'petre.lameski', '51'),
       ('PIT23_3-F23L3W024-dimitar.trajanov', 'PIT23_3-F23L3W024', 'dimitar.trajanov', '11'),
       ('PIT23_3-F23L3W024-milos.jovanovik', 'PIT23_3-F23L3W024', 'milos.jovanovik', '46'),
       ('PIT23_3-F23L3W024-riste.stojanov', 'PIT23_3-F23L3W024', 'riste.stojanov', '56'),
       ('PIT23_3-F23L3W024-sasho.gramatikov', 'PIT23_3-F23L3W024', 'sasho.gramatikov', '37'),
       ('PIT23_3-F23L3W024-vangel.ajanovski', 'PIT23_3-F23L3W024', 'vangel.ajanovski', '32'),
       ('PIT23_3-F23L3W027-goran.velinov', 'PIT23_3-F23L3W027', 'goran.velinov', '17'),
       ('PIT23_3-F23L3W027-kosta.mitreski', 'PIT23_3-F23L3W027', 'kosta.mitreski', '6'),
       ('PIT23_3-F23L3W027-ljupcho.antovski', 'PIT23_3-F23L3W027', 'ljupcho.antovski', '12'),
       ('PIT23_3-F23L3W027-milos.jovanovik', 'PIT23_3-F23L3W027', 'milos.jovanovik', '46'),
       ('PIT23_3-F23L3W027-smilka.janeska', 'PIT23_3-F23L3W027', 'smilka.janeska', '30'),
       ('PIT23_3-F23L3W033-anastas.mishev', 'PIT23_3-F23L3W033', 'anastas.mishev', '18'),
       ('PIT23_3-F23L3W033-bojana.koteska', 'PIT23_3-F23L3W033', 'bojana.koteska', '0'),
       ('PIT23_3-F23L3W033-hristina.mihajloska', 'PIT23_3-F23L3W033', 'hristina.mihajloska', '48'),
       ('PIT23_3-F23L3W035-marija.mihova', 'PIT23_3-F23L3W035', 'marija.mihova', '14'),
       ('PIT23_3-F23L3W035-vesna.dimitrievska', 'PIT23_3-F23L3W035', 'vesna.dimitrievska', '33'),
       ('PIT23_3-F23L3W037-magdalena.kostoska', 'PIT23_3-F23L3W037', 'magdalena.kostoska', '40'),
       ('PIT23_3-F23L3W037-marjan.gushev', 'PIT23_3-F23L3W037', 'marjan.gushev', '2'),
       ('PIT23_3-F23L3W037-vladimir.zdraveski', 'PIT23_3-F23L3W037', 'vladimir.zdraveski', '52'),
       ('PIT23_3-F23L3W038-emil.stankov', 'PIT23_3-F23L3W038', 'emil.stankov', '54'),
       ('PIT23_3-F23L3W038-kire.trivodaliev', 'PIT23_3-F23L3W038', 'kire.trivodaliev', '36'),
       ('PIT23_3-F23L3W038-mile.jovanov', 'PIT23_3-F23L3W038', 'mile.jovanov', '34'),
       ('PIT23_3-F23L3S040-monika.simjanoska', 'PIT23_3-F23L3S040', 'monika.simjanoska', '100'),
       ('PIT23_3-F23L3S040-nevena.ackovska', 'PIT23_3-F23L3S040', 'nevena.ackovska', '16'),
       ('PIT23_3-F23L3W043-hristina.mihajloska', 'PIT23_3-F23L3W043', 'hristina.mihajloska', '48'),
       ('PIT23_3-F23L3W043-vesna.dimitrova', 'PIT23_3-F23L3W043', 'vesna.dimitrova', '23'),
       ('PIT23_3-F23L3W044-lasko.basnarkov', 'PIT23_3-F23L3W044', 'lasko.basnarkov', '21'),
       ('PIT23_3-F23L3W048-monika.simjanoska', 'PIT23_3-F23L3W048', 'monika.simjanoska', '100'),
       ('PIT23_3-F23L3W050-goce.armenski', 'PIT23_3-F23L3W050', 'goce.armenski', '24'),
       ('PIT23_3-F23L3W053-bojan.ilijoski', 'PIT23_3-F23L3W053', 'bojan.ilijoski', '59'),
       ('PIT23_3-F23L3W053-katerina.zdravkova', 'PIT23_3-F23L3W053', 'katerina.zdravkova', '3'),
       ('PIT23_3-F23L3W056-ana.madevska', 'PIT23_3-F23L3W056', 'ana.madevska', '9'),
       ('PIT23_3-F23L3W060-boro.jakimovski', 'PIT23_3-F23L3W060', 'boro.jakimovski', '22'),
       ('PIT23_3-F23L3W064-boro.jakimovski', 'PIT23_3-F23L3W064', 'boro.jakimovski', '22'),
       ('PIT23_3-F23L3W064-vladimir.trajkovik', 'PIT23_3-F23L3W064', 'vladimir.trajkovik', '8'),
       ('PIT23_3-F23L3W065-anastas.mishev', 'PIT23_3-F23L3W065', 'anastas.mishev', '18'),
       ('PIT23_3-F23L3W065-sonja.filiposka', 'PIT23_3-F23L3W065', 'sonja.filiposka', '19'),
       ('PIT23_3-F23L3W068-marjan.gushev', 'PIT23_3-F23L3W068', 'marjan.gushev', '2'),
       ('PIT23_3-F23L3W072-andrea.kulakov', 'PIT23_3-F23L3W072', 'andrea.kulakov', '13'),
       ('PIT23_3-F23L3W072-nevena.ackovska', 'PIT23_3-F23L3W072', 'nevena.ackovska', '16'),
       ('PIT23_3-F23L3W074-boro.jakimovski', 'PIT23_3-F23L3W074', 'boro.jakimovski', '22'),
       ('PIT23_3-F23L3W074-goran.velinov', 'PIT23_3-F23L3W074', 'goran.velinov', '17'),
       ('PIT23_3-F23L3W074-vangel.ajanovski', 'PIT23_3-F23L3W074', 'vangel.ajanovski', '32'),
       ('PIT23_3-F23L3W075-vladimir.trajkovik', 'PIT23_3-F23L3W075', 'vladimir.trajkovik', '8'),
       ('PIT23_3-F23L3W076-eftim.zdravevski', 'PIT23_3-F23L3W076', 'eftim.zdravevski', '49'),
       ('PIT23_3-F23L3W079-dimitar.trajanov', 'PIT23_3-F23L3W079', 'dimitar.trajanov', '11'),
       ('PIT23_3-F23L3W079-milos.jovanovik', 'PIT23_3-F23L3W079', 'milos.jovanovik', '46'),
       ('PIT23_3-F23L3W081-katarina.trojacanec', 'PIT23_3-F23L3W081', 'katarina.trojacanec', '55'),
       ('PIT23_3-F23L3W081-suzana.loshkovska', 'PIT23_3-F23L3W081', 'suzana.loshkovska', '4'),
       ('PIT23_3-F23L3W088-aleksandra.kanevche', 'PIT23_3-F23L3W088', 'aleksandra.kanevche', '53'),
       ('PIT23_3-F23L3W089-dejan.gjorgjevikj', 'PIT23_3-F23L3W089', 'dejan.gjorgjevikj', '10'),
       ('PIT23_3-F23L3W092-boban.joksimoski', 'PIT23_3-F23L3W092', 'boban.joksimoski', '57'),
       ('PIT23_3-F23L3W092-ivan.chorbev', 'PIT23_3-F23L3W092', 'ivan.chorbev', '20'),
       ('PIT23_3-F23L3W098-boro.jakimovski', 'PIT23_3-F23L3W098', 'boro.jakimovski', '22'),
       ('PIT23_3-F23L3W103-ivan.chorbev', 'PIT23_3-F23L3W103', 'ivan.chorbev', '20'),
       ('PIT23_3-F23L3W103-vangel.ajanovski', 'PIT23_3-F23L3W103', 'vangel.ajanovski', '32'),
       ('PIT23_3-F23L3W105-magdalena.kostoska', 'PIT23_3-F23L3W105', 'magdalena.kostoska', '40'),
       ('PIT23_3-F23L3W105-marjan.gushev', 'PIT23_3-F23L3W105', 'marjan.gushev', '2'),
       ('PIT23_3-F23L3W108-biljana.stojkoska', 'PIT23_3-F23L3W108', 'biljana.stojkoska', '35'),
       ('PIT23_3-F23L3W108-igor.mishkovski', 'PIT23_3-F23L3W108', 'igor.mishkovski', '28'),
       ('PIT23_3-F23L3W117-andreja.naumoski', 'PIT23_3-F23L3W117', 'andreja.naumoski', '45'),
       ('PIT23_3-F23L3W121-ivan.kitanovski', 'PIT23_3-F23L3W121', 'ivan.kitanovski', '50'),
       ('PIT23_3-F23L3W121-pance.ribarski', 'PIT23_3-F23L3W121', 'pance.ribarski', '47'),
       ('PIT23_3-F23L3W123-andrea.kulakov', 'PIT23_3-F23L3W123', 'andrea.kulakov', '13'),
       ('PIT23_3-F23L3W123-ivica.dimitrovski', 'PIT23_3-F23L3W123', 'ivica.dimitrovski', '27'),
       ('PIT23_3-F23L3W126-andreja.naumoski', 'PIT23_3-F23L3W126', 'andreja.naumoski', '45'),
       ('PIT23_3-F23L3W128-petre.lameski', 'PIT23_3-F23L3W128', 'petre.lameski', '51'),
       ('PIT23_3-F23L3W128-vladimir.trajkovik', 'PIT23_3-F23L3W128', 'vladimir.trajkovik', '8'),
       ('PIT23_3-F23L3W129-igor.mishkovski', 'PIT23_3-F23L3W129', 'igor.mishkovski', '28'),
       ('PIT23_3-F23L3W129-ljupcho.antovski', 'PIT23_3-F23L3W129', 'ljupcho.antovski', '12'),
       ('PIT23_3-F23L3W133-sonja.filiposka', 'PIT23_3-F23L3W133', 'sonja.filiposka', '19'),
       ('PIT23_3-F23L3W134-sasho.gramatikov', 'PIT23_3-F23L3W134', 'sasho.gramatikov', '37'),
       ('PIT23_3-F23L3W136-boban.joksimoski', 'PIT23_3-F23L3W136', 'boban.joksimoski', '57'),
       ('PIT23_3-F23L3W136-goce.armenski', 'PIT23_3-F23L3W136', 'goce.armenski', '24'),
       ('PIT23_3-F23L3W136-ivan.chorbev', 'PIT23_3-F23L3W136', 'ivan.chorbev', '20'),
       ('PIT23_3-F23L3W137-bojan.ilijoski', 'PIT23_3-F23L3W137', 'bojan.ilijoski', '59'),
       ('PIT23_3-F23L3W137-nevena.ackovska', 'PIT23_3-F23L3W137', 'nevena.ackovska', '16'),
       ('PIT23_3-F23L3W137-sonja.gievska', 'PIT23_3-F23L3W137', 'sonja.gievska', '26'),
       ('PIT23_3-F23L3W140-dejan.gjorgjevikj', 'PIT23_3-F23L3W140', 'dejan.gjorgjevikj', '10'),
       ('PIT23_3-F23L3W140-gjorgji.madjarov', 'PIT23_3-F23L3W140', 'gjorgji.madjarov', '29'),
       ('PIT23_3-F23L3W140-ivan.kitanovski', 'PIT23_3-F23L3W140', 'ivan.kitanovski', '50'),
       ('PIT23_3-F23L3W142-ivica.dimitrovski', 'PIT23_3-F23L3W142', 'ivica.dimitrovski', '27'),
       ('PIT23_3-F23L3W142-sonja.gievska', 'PIT23_3-F23L3W142', 'sonja.gievska', '26'),
       ('PIT23_3-F23L3W145-miroslav.mirchev', 'PIT23_3-F23L3W145', 'miroslav.mirchev', '38'),
       ('PIT23_3-F23L3W148-andrea.kulakov', 'PIT23_3-F23L3W148', 'andrea.kulakov', '13'),
       ('PIT23_3-F23L3W152-katarina.trojacanec', 'PIT23_3-F23L3W152', 'katarina.trojacanec', '55'),
       ('PIT23_3-F23L3W152-suzana.loshkovska', 'PIT23_3-F23L3W152', 'suzana.loshkovska', '4'),
       ('PIT23_3-F23L3W154-eftim.zdravevski', 'PIT23_3-F23L3W154', 'eftim.zdravevski', '49'),
       ('PIT23_3-F23L3W154-gjorgji.madjarov', 'PIT23_3-F23L3W154', 'gjorgji.madjarov', '29'),
       ('PIT23_3-F23L3W156-georgina.mirceva', 'PIT23_3-F23L3W156', 'georgina.mirceva', '39'),
       ('PIT23_3-F23L3W161-marija.mihova', 'PIT23_3-F23L3W161', 'marija.mihova', '14'),
       ('PIT23_3-F23L3W161-sonja.gievska', 'PIT23_3-F23L3W161', 'sonja.gievska', '26'),
       ('PIT23_3-F23L3W162-andreja.naumoski', 'PIT23_3-F23L3W162', 'andreja.naumoski', '45'),
       ('PIT23_3-F23L3W162-lasko.basnarkov', 'PIT23_3-F23L3W162', 'lasko.basnarkov', '21'),
       ('PIT23_3-F23L3W200-biljana.stojkoska', 'PIT23_3-F23L3W200', 'biljana.stojkoska', '35'),
       ('SSP23_3-F23L1S016-katarina.trojacanec', 'SSP23_3-F23L1S016', 'katarina.trojacanec', '55'),
       ('SSP23_3-F23L1S116-andreja.naumoski', 'SSP23_3-F23L1S116', 'andreja.naumoski', '45'),
       ('SSP23_3-F23L1S116-kosta.mitreski', 'SSP23_3-F23L1S116', 'kosta.mitreski', '6'),
       ('SSP23_3-F23L1S146-boban.joksimoski', 'SSP23_3-F23L1S146', 'boban.joksimoski', '57'),
       ('SSP23_3-F23L1W003-petre.lameski', 'SSP23_3-F23L1W003', 'petre.lameski', '51'),
       ('SSP23_3-F23L1W020-boban.joksimoski', 'SSP23_3-F23L1W020', 'boban.joksimoski', '57'),
       ('SSP23_3-F23L2S002-eftim.zdravevski', 'SSP23_3-F23L2S002', 'eftim.zdravevski', '49'),
       ('SSP23_3-F23L2S002-georgina.mirceva', 'SSP23_3-F23L2S002', 'georgina.mirceva', '39'),
       ('SSP23_3-F23L2S002-ljupcho.antovski', 'SSP23_3-F23L2S002', 'ljupcho.antovski', '12'),
       ('SSP23_3-F23L2S030-georgina.mirceva', 'SSP23_3-F23L2S030', 'georgina.mirceva', '39'),
       ('SSP23_3-F23L2S042-andreja.naumoski', 'SSP23_3-F23L2S042', 'andreja.naumoski', '45'),
       ('SSP23_3-F23L2S042-kosta.mitreski', 'SSP23_3-F23L2S042', 'kosta.mitreski', '6'),
       ('SSP23_3-F23L2S051-emil.stankov', 'SSP23_3-F23L2S051', 'emil.stankov', '54'),
       ('SSP23_3-F23L2S051-mile.jovanov', 'SSP23_3-F23L2S051', 'mile.jovanov', '34'),
       ('SSP23_3-F23L2S082-dejan.gjorgjevikj', 'SSP23_3-F23L2S082', 'dejan.gjorgjevikj', '10'),
       ('SSP23_3-F23L2S084-andreja.naumoski', 'SSP23_3-F23L2S084', 'andreja.naumoski', '45'),
       ('SSP23_3-F23L2S084-kosta.mitreski', 'SSP23_3-F23L2S084', 'kosta.mitreski', '6'),
       ('SSP23_3-F23L2S099-georgina.mirceva', 'SSP23_3-F23L2S099', 'georgina.mirceva', '39'),
       ('SSP23_3-F23L2S099-smilka.janeska', 'SSP23_3-F23L2S099', 'smilka.janeska', '30'),
       ('SSP23_3-F23L2S110-vangel.ajanovski', 'SSP23_3-F23L2S110', 'vangel.ajanovski', '32'),
       ('SSP23_3-F23L2S114-boban.joksimoski', 'SSP23_3-F23L2S114', 'boban.joksimoski', '57'),
       ('SSP23_3-F23L2S114-suzana.loshkovska', 'SSP23_3-F23L2S114', 'suzana.loshkovska', '4'),
       ('SSP23_3-F23L2S114-vangel.ajanovski', 'SSP23_3-F23L2S114', 'vangel.ajanovski', '32'),
       ('SSP23_3-F23L2S119-goran.velinov', 'SSP23_3-F23L2S119', 'goran.velinov', '17'),
       ('SSP23_3-F23L2S119-vladimir.zdraveski', 'SSP23_3-F23L2S119', 'vladimir.zdraveski', '52'),
       ('SSP23_3-F23L2W096-boban.joksimoski', 'SSP23_3-F23L2W096', 'boban.joksimoski', '57'),
       ('SSP23_3-F23L2W147-miroslav.mirchev', 'SSP23_3-F23L2W147', 'miroslav.mirchev', '38'),
       ('SSP23_3-F23L2W167-ivica.dimitrovski', 'SSP23_3-F23L2W167', 'ivica.dimitrovski', '27'),
       ('SSP23_3-F23L2W167-katarina.trojacanec', 'SSP23_3-F23L2W167', 'katarina.trojacanec', '55'),
       ('SSP23_3-F23L2W167-suzana.loshkovska', 'SSP23_3-F23L2W167', 'suzana.loshkovska', '4'),
       ('SSP23_3-F23L2W201-magdalena.kostoska', 'SSP23_3-F23L2W201', 'magdalena.kostoska', '40'),
       ('SSP23_3-F23L2W201-petre.lameski', 'SSP23_3-F23L2W201', 'petre.lameski', '51'),
       ('SSP23_3-F23L3S025-milos.jovanovik', 'SSP23_3-F23L3S025', 'milos.jovanovik', '46'),
       ('SSP23_3-F23L3S039-mile.jovanov', 'SSP23_3-F23L3S039', 'mile.jovanov', '34'),
       ('SSP23_3-F23L3S069-vangel.ajanovski', 'SSP23_3-F23L3S069', 'vangel.ajanovski', '32'),
       ('SSP23_3-F23L3S083-katarina.trojacanec', 'SSP23_3-F23L3S083', 'katarina.trojacanec', '55'),
       ('SSP23_3-F23L3S083-suzana.loshkovska', 'SSP23_3-F23L3S083', 'suzana.loshkovska', '4'),
       ('SSP23_3-F23L3S086-andrea.kulakov', 'SSP23_3-F23L3S086', 'andrea.kulakov', '13'),
       ('SSP23_3-F23L3S091-andreja.naumoski', 'SSP23_3-F23L3S091', 'andreja.naumoski', '45'),
       ('SSP23_3-F23L3S091-kosta.mitreski', 'SSP23_3-F23L3S091', 'kosta.mitreski', '6'),
       ('SSP23_3-F23L3S106-kire.trivodaliev', 'SSP23_3-F23L3S106', 'kire.trivodaliev', '36'),
       ('SSP23_3-F23L3S106-slobodan.kalajdziski', 'SSP23_3-F23L3S106', 'slobodan.kalajdziski', '15'),
       ('SSP23_3-F23L3S106-sonja.gievska', 'SSP23_3-F23L3S106', 'sonja.gievska', '26'),
       ('SSP23_3-F23L3S107-ana.madevska', 'SSP23_3-F23L3S107', 'ana.madevska', '9'),
       ('SSP23_3-F23L3S115-vangel.ajanovski', 'SSP23_3-F23L3S115', 'vangel.ajanovski', '32'),
       ('SSP23_3-F23L3S122-hristina.mihajloska', 'SSP23_3-F23L3S122', 'hristina.mihajloska', '48'),
       ('SSP23_3-F23L3S122-vesna.dimitrova', 'SSP23_3-F23L3S122', 'vesna.dimitrova', '23'),
       ('SSP23_3-F23L3S127-ljupcho.antovski', 'SSP23_3-F23L3S127', 'ljupcho.antovski', '12'),
       ('SSP23_3-F23L3S127-petre.lameski', 'SSP23_3-F23L3S127', 'petre.lameski', '51'),
       ('SSP23_3-F23L3S127-vladimir.trajkovik', 'SSP23_3-F23L3S127', 'vladimir.trajkovik', '8'),
       ('SSP23_3-F23L3S130-georgina.mirceva', 'SSP23_3-F23L3S130', 'georgina.mirceva', '39'),
       ('SSP23_3-F23L3S135-biljana.stojkoska', 'SSP23_3-F23L3S135', 'biljana.stojkoska', '35'),
       ('SSP23_3-F23L3S139-magdalena.kostoska', 'SSP23_3-F23L3S139', 'magdalena.kostoska', '40'),
       ('SSP23_3-F23L3S139-pance.ribarski', 'SSP23_3-F23L3S139', 'pance.ribarski', '47'),
       ('SSP23_3-F23L3S149-marjan.gushev', 'SSP23_3-F23L3S149', 'marjan.gushev', '2'),
       ('SSP23_3-F23L3S149-vladimir.zdraveski', 'SSP23_3-F23L3S149', 'vladimir.zdraveski', '52'),
       ('SSP23_3-F23L3S155-boro.jakimovski', 'SSP23_3-F23L3S155', 'boro.jakimovski', '22'),
       ('SSP23_3-F23L3S155-pance.ribarski', 'SSP23_3-F23L3S155', 'pance.ribarski', '47'),
       ('SSP23_3-F23L3S159-anastas.mishev', 'SSP23_3-F23L3S159', 'anastas.mishev', '18'),
       ('SSP23_3-F23L3S163-biljana.tojtovska', 'SSP23_3-F23L3S163', 'biljana.tojtovska', '42'),
       ('SSP23_3-F23L3S163-bojan.ilijoski', 'SSP23_3-F23L3S163', 'bojan.ilijoski', '59'),
       ('SSP23_3-F23L3S163-pance.ribarski', 'SSP23_3-F23L3S163', 'pance.ribarski', '47'),
       ('SSP23_3-F23L3W001-aleksandra.popovska', 'SSP23_3-F23L3W001', 'aleksandra.popovska', '41'),
       ('SSP23_3-F23L3W001-biljana.tojtovska', 'SSP23_3-F23L3W001', 'biljana.tojtovska', '42'),
       ('SSP23_3-F23L3W001-marija.mihova', 'SSP23_3-F23L3W001', 'marija.mihova', '14'),
       ('SSP23_3-F23L3W001-metodija.jancheski', 'SSP23_3-F23L3W001', 'metodija.jancheski', '0'),
       ('SSP23_3-F23L3W001-natasa.ilievska', 'SSP23_3-F23L3W001', 'natasa.ilievska', '43'),
       ('SSP23_3-F23L3W001-verica.bakeva', 'SSP23_3-F23L3W001', 'verica.bakeva', '7'),
       ('SSP23_3-F23L3W004-eftim.zdravevski', 'SSP23_3-F23L3W004', 'eftim.zdravevski', '49'),
       ('SSP23_3-F23L3W004-georgina.mirceva', 'SSP23_3-F23L3W004', 'georgina.mirceva', '39'),
       ('SSP23_3-F23L3W004-kire.trivodaliev', 'SSP23_3-F23L3W004', 'kire.trivodaliev', '36'),
       ('SSP23_3-F23L3W004-slobodan.kalajdziski', 'SSP23_3-F23L3W004', 'slobodan.kalajdziski', '15'),
       ('SSP23_3-F23L3W004-sonja.gievska', 'SSP23_3-F23L3W004', 'sonja.gievska', '26'),
       ('SSP23_3-F23L3W008-georgina.mirceva', 'SSP23_3-F23L3W008', 'georgina.mirceva', '39'),
       ('SSP23_3-F23L3W008-miroslav.mirchev', 'SSP23_3-F23L3W008', 'miroslav.mirchev', '38'),
       ('SSP23_3-F23L3W024-vangel.ajanovski', 'SSP23_3-F23L3W024', 'vangel.ajanovski', '32'),
       ('SSP23_3-F23L3W033-anastas.mishev', 'SSP23_3-F23L3W033', 'anastas.mishev', '18'),
       ('SSP23_3-F23L3W033-bojana.koteska', 'SSP23_3-F23L3W033', 'bojana.koteska', '0'),
       ('SSP23_3-F23L3W033-hristina.mihajloska', 'SSP23_3-F23L3W033', 'hristina.mihajloska', '48'),
       ('SSP23_3-F23L3W043-hristina.mihajloska', 'SSP23_3-F23L3W043', 'hristina.mihajloska', '48'),
       ('SSP23_3-F23L3W043-vesna.dimitrova', 'SSP23_3-F23L3W043', 'vesna.dimitrova', '23'),
       ('SSP23_3-F23L3W072-nevena.ackovska', 'SSP23_3-F23L3W072', 'nevena.ackovska', '16'),
       ('SSP23_3-F23L3W079-dimitar.trajanov', 'SSP23_3-F23L3W079', 'dimitar.trajanov', '11'),
       ('SSP23_3-F23L3W079-milos.jovanovik', 'SSP23_3-F23L3W079', 'milos.jovanovik', '46'),
       ('SSP23_3-F23L3W081-katarina.trojacanec', 'SSP23_3-F23L3W081', 'katarina.trojacanec', '55'),
       ('SSP23_3-F23L3W081-suzana.loshkovska', 'SSP23_3-F23L3W081', 'suzana.loshkovska', '4'),
       ('SSP23_3-F23L3W088-aleksandra.kanevche', 'SSP23_3-F23L3W088', 'aleksandra.kanevche', '53'),
       ('SSP23_3-F23L3W089-dejan.gjorgjevikj', 'SSP23_3-F23L3W089', 'dejan.gjorgjevikj', '10'),
       ('SSP23_3-F23L3W117-andreja.naumoski', 'SSP23_3-F23L3W117', 'andreja.naumoski', '45'),
       ('SSP23_3-F23L3W121-ivan.kitanovski', 'SSP23_3-F23L3W121', 'ivan.kitanovski', '50'),
       ('SSP23_3-F23L3W121-pance.ribarski', 'SSP23_3-F23L3W121', 'pance.ribarski', '47'),
       ('SSP23_3-F23L3W123-andrea.kulakov', 'SSP23_3-F23L3W123', 'andrea.kulakov', '13'),
       ('SSP23_3-F23L3W123-ivica.dimitrovski', 'SSP23_3-F23L3W123', 'ivica.dimitrovski', '27'),
       ('SSP23_3-F23L3W126-andreja.naumoski', 'SSP23_3-F23L3W126', 'andreja.naumoski', '45'),
       ('SSP23_3-F23L3W129-igor.mishkovski', 'SSP23_3-F23L3W129', 'igor.mishkovski', '28'),
       ('SSP23_3-F23L3W129-ljupcho.antovski', 'SSP23_3-F23L3W129', 'ljupcho.antovski', '12'),
       ('SSP23_3-F23L3W134-sasho.gramatikov', 'SSP23_3-F23L3W134', 'sasho.gramatikov', '37'),
       ('SSP23_3-F23L3W136-boban.joksimoski', 'SSP23_3-F23L3W136', 'boban.joksimoski', '57'),
       ('SSP23_3-F23L3W136-goce.armenski', 'SSP23_3-F23L3W136', 'goce.armenski', '24'),
       ('SSP23_3-F23L3W136-ivan.chorbev', 'SSP23_3-F23L3W136', 'ivan.chorbev', '20'),
       ('SSP23_3-F23L3W137-bojan.ilijoski', 'SSP23_3-F23L3W137', 'bojan.ilijoski', '59'),
       ('SSP23_3-F23L3W137-nevena.ackovska', 'SSP23_3-F23L3W137', 'nevena.ackovska', '16'),
       ('SSP23_3-F23L3W137-sonja.gievska', 'SSP23_3-F23L3W137', 'sonja.gievska', '26'),
       ('SSP23_3-F23L3W142-ivica.dimitrovski', 'SSP23_3-F23L3W142', 'ivica.dimitrovski', '27'),
       ('SSP23_3-F23L3W142-sonja.gievska', 'SSP23_3-F23L3W142', 'sonja.gievska', '26'),
       ('SSP23_3-F23L3W156-georgina.mirceva', 'SSP23_3-F23L3W156', 'georgina.mirceva', '39'),
       ('SSP23_3-F23L3W161-sonja.gievska', 'SSP23_3-F23L3W161', 'sonja.gievska', '26'),
       ('SSP23_3-F23L3W162-andreja.naumoski', 'SSP23_3-F23L3W162', 'andreja.naumoski', '45'),
       ('SSP23_3-F23L3W162-lasko.basnarkov', 'SSP23_3-F23L3W162', 'lasko.basnarkov', '21'),
       ('SSP23_3-F23L3W200-biljana.stojkoska', 'SSP23_3-F23L3W200', 'biljana.stojkoska', '35'),
       ('SIIS23_3-F23L1S003-aleksandra.kanevche', 'SIIS23_3-F23L1S003', 'aleksandra.kanevche', '53'),
       ('SIIS23_3-F23L1S003-biljana.stojkoska', 'SIIS23_3-F23L1S003', 'biljana.stojkoska', '35'),
       ('SIIS23_3-F23L1S003-dejan.spasov', 'SIIS23_3-F23L1S003', 'dejan.spasov', '25'),
       ('SIIS23_3-F23L1S003-igor.mishkovski', 'SIIS23_3-F23L1S003', 'igor.mishkovski', '28'),
       ('SIIS23_3-F23L1S003-ljupcho.antovski', 'SIIS23_3-F23L1S003', 'ljupcho.antovski', '12'),
       ('SIIS23_3-F23L1S003-magdalena.kostoska', 'SIIS23_3-F23L1S003', 'magdalena.kostoska', '40'),
       ('SIIS23_3-F23L1S003-marjan.gushev', 'SIIS23_3-F23L1S003', 'marjan.gushev', '2'),
       ('SIIS23_3-F23L1S003-miroslav.mirchev', 'SIIS23_3-F23L1S003', 'miroslav.mirchev', '38'),
       ('SIIS23_3-F23L1S003-sasho.gramatikov', 'SIIS23_3-F23L1S003', 'sasho.gramatikov', '37'),
       ('SIIS23_3-F23L1S003-vladimir.zdraveski', 'SIIS23_3-F23L1S003', 'vladimir.zdraveski', '52'),
       ('SIIS23_3-F23L1S016-ana.madevska', 'SIIS23_3-F23L1S016', 'ana.madevska', '9'),
       ('SIIS23_3-F23L1S016-boban.joksimoski', 'SIIS23_3-F23L1S016', 'boban.joksimoski', '57'),
       ('SIIS23_3-F23L1S016-dejan.gjorgjevikj', 'SIIS23_3-F23L1S016', 'dejan.gjorgjevikj', '10'),
       ('SIIS23_3-F23L1S016-emil.stankov', 'SIIS23_3-F23L1S016', 'emil.stankov', '54'),
       ('SIIS23_3-F23L1S016-gjorgji.madjarov', 'SIIS23_3-F23L1S016', 'gjorgji.madjarov', '29'),
       ('SIIS23_3-F23L1S016-hristina.mihajloska', 'SIIS23_3-F23L1S016', 'hristina.mihajloska', '48'),
       ('SIIS23_3-F23L1S016-ivan.chorbev', 'SIIS23_3-F23L1S016', 'ivan.chorbev', '20'),
       ('SIIS23_3-F23L1S016-ivica.dimitrovski', 'SIIS23_3-F23L1S016', 'ivica.dimitrovski', '27'),
       ('SIIS23_3-F23L1S016-katarina.trojacanec', 'SIIS23_3-F23L1S016', 'katarina.trojacanec', '55'),
       ('SIIS23_3-F23L1S016-nevena.ackovska', 'SIIS23_3-F23L1S016', 'nevena.ackovska', '16'),
       ('SIIS23_3-F23L1S026-biljana.stojkoska', 'SIIS23_3-F23L1S026', 'biljana.stojkoska', '35'),
       ('SIIS23_3-F23L1S026-smilka.janeska', 'SIIS23_3-F23L1S026', 'smilka.janeska', '30'),
       ('SIIS23_3-F23L1S052-mile.jovanov', 'SIIS23_3-F23L1S052', 'mile.jovanov', '34'),
       ('SIIS23_3-F23L1S116-andreja.naumoski', 'SIIS23_3-F23L1S116', 'andreja.naumoski', '45'),
       ('SIIS23_3-F23L1S116-kosta.mitreski', 'SIIS23_3-F23L1S116', 'kosta.mitreski', '6'),
       ('SIIS23_3-F23L1S120-sonja.filiposka', 'SIIS23_3-F23L1S120', 'sonja.filiposka', '19'),
       ('SIIS23_3-F23L1S120-vladimir.trajkovik', 'SIIS23_3-F23L1S120', 'vladimir.trajkovik', '8'),
       ('SIIS23_3-F23L1S146-boban.joksimoski', 'SIIS23_3-F23L1S146', 'boban.joksimoski', '57'),
       ('SIIS23_3-F23L1S146-goce.armenski', 'SIIS23_3-F23L1S146', 'goce.armenski', '24'),
       ('SIIS23_3-F23L1S146-ivan.chorbev', 'SIIS23_3-F23L1S146', 'ivan.chorbev', '20'),
       ('SIIS23_3-F23L1S146-ivan.kitanovski', 'SIIS23_3-F23L1S146', 'ivan.kitanovski', '50'),
       ('SIIS23_3-F23L1S146-slobodan.kalajdziski', 'SIIS23_3-F23L1S146', 'slobodan.kalajdziski', '15'),
       ('SIIS23_3-F23L1W005-georgina.mirceva', 'SIIS23_3-F23L1W005', 'georgina.mirceva', '39'),
       ('SIIS23_3-F23L1W005-riste.stojanov', 'SIIS23_3-F23L1W005', 'riste.stojanov', '56'),
       ('SIIS23_3-F23L1W005-smilka.janeska', 'SIIS23_3-F23L1W005', 'smilka.janeska', '30'),
       ('SIIS23_3-F23L1W005-vladimir.zdraveski', 'SIIS23_3-F23L1W005', 'vladimir.zdraveski', '52'),
       ('SIIS23_3-F23L1W007-biljana.stojkoska', 'SIIS23_3-F23L1W007', 'biljana.stojkoska', '35'),
       ('SIIS23_3-F23L1W007-bojana.koteska', 'SIIS23_3-F23L1W007', 'bojana.koteska', '0'),
       ('SIIS23_3-F23L1W007-emil.stankov', 'SIIS23_3-F23L1W007', 'emil.stankov', '54'),
       ('SIIS23_3-F23L1W007-ivan.kitanovski', 'SIIS23_3-F23L1W007', 'ivan.kitanovski', '50'),
       ('SIIS23_3-F23L1W007-katerina.zdravkova', 'SIIS23_3-F23L1W007', 'katerina.zdravkova', '3'),
       ('SIIS23_3-F23L1W007-kosta.mitreski', 'SIIS23_3-F23L1W007', 'kosta.mitreski', '6'),
       ('SIIS23_3-F23L1W007-pance.ribarski', 'SIIS23_3-F23L1W007', 'pance.ribarski', '47'),
       ('SIIS23_3-F23L1W018-andreja.naumoski', 'SIIS23_3-F23L1W018', 'andreja.naumoski', '45'),
       ('SIIS23_3-F23L1W018-biljana.stojkoska', 'SIIS23_3-F23L1W018', 'biljana.stojkoska', '35'),
       ('SIIS23_3-F23L1W018-kire.trivodaliev', 'SIIS23_3-F23L1W018', 'kire.trivodaliev', '36'),
       ('SIIS23_3-F23L1W018-lasko.basnarkov', 'SIIS23_3-F23L1W018', 'lasko.basnarkov', '21'),
       ('SIIS23_3-F23L1W018-magdalena.kostoska', 'SIIS23_3-F23L1W018', 'magdalena.kostoska', '40'),
       ('SIIS23_3-F23L1W018-pance.ribarski', 'SIIS23_3-F23L1W018', 'pance.ribarski', '47'),
       ('SIIS23_3-F23L1W020-ana.madevska', 'SIIS23_3-F23L1W020', 'ana.madevska', '9'),
       ('SIIS23_3-F23L1W020-boban.joksimoski', 'SIIS23_3-F23L1W020', 'boban.joksimoski', '57'),
       ('SIIS23_3-F23L1W020-dejan.gjorgjevikj', 'SIIS23_3-F23L1W020', 'dejan.gjorgjevikj', '10'),
       ('SIIS23_3-F23L1W020-emil.stankov', 'SIIS23_3-F23L1W020', 'emil.stankov', '54'),
       ('SIIS23_3-F23L1W020-gjorgji.madjarov', 'SIIS23_3-F23L1W020', 'gjorgji.madjarov', '29'),
       ('SIIS23_3-F23L1W020-hristina.mihajloska', 'SIIS23_3-F23L1W020', 'hristina.mihajloska', '48'),
       ('SIIS23_3-F23L1W020-ivan.chorbev', 'SIIS23_3-F23L1W020', 'ivan.chorbev', '20'),
       ('SIIS23_3-F23L1W020-ivica.dimitrovski', 'SIIS23_3-F23L1W020', 'ivica.dimitrovski', '27'),
       ('SIIS23_3-F23L1W020-katarina.trojacanec', 'SIIS23_3-F23L1W020', 'katarina.trojacanec', '55'),
       ('SIIS23_3-F23L1W020-mile.jovanov', 'SIIS23_3-F23L1W020', 'mile.jovanov', '34'),
       ('SIIS23_3-F23L1W020-nevena.ackovska', 'SIIS23_3-F23L1W020', 'nevena.ackovska', '16'),
       ('SIIS23_3-F23L2S001-aleksandra.popovska', 'SIIS23_3-F23L2S001', 'aleksandra.popovska', '41'),
       ('SIIS23_3-F23L2S001-biljana.tojtovska', 'SIIS23_3-F23L2S001', 'biljana.tojtovska', '42'),
       ('SIIS23_3-F23L2S001-bojan.ilijoski', 'SIIS23_3-F23L2S001', 'bojan.ilijoski', '59'),
       ('SIIS23_3-F23L2S001-dejan.spasov', 'SIIS23_3-F23L2S001', 'dejan.spasov', '25'),
       ('SIIS23_3-F23L2S001-emil.stankov', 'SIIS23_3-F23L2S001', 'emil.stankov', '54'),
       ('SIIS23_3-F23L2S001-marija.mihova', 'SIIS23_3-F23L2S001', 'marija.mihova', '14'),
       ('SIIS23_3-F23L2S001-metodija.jancheski', 'SIIS23_3-F23L2S001', 'metodija.jancheski', '0'),
       ('SIIS23_3-F23L2S001-natasa.ilievska', 'SIIS23_3-F23L2S001', 'natasa.ilievska', '43'),
       ('SIIS23_3-F23L2S001-vesna.dimitrievska', 'SIIS23_3-F23L2S001', 'vesna.dimitrievska', '33'),
       ('SIIS23_3-F23L2S002-eftim.zdravevski', 'SIIS23_3-F23L2S002', 'eftim.zdravevski', '49'),
       ('SIIS23_3-F23L2S002-georgina.mirceva', 'SIIS23_3-F23L2S002', 'georgina.mirceva', '39'),
       ('SIIS23_3-F23L2S002-ljupcho.antovski', 'SIIS23_3-F23L2S002', 'ljupcho.antovski', '12'),
       ('SIIS23_3-F23L2S015-biljana.stojkoska', 'SIIS23_3-F23L2S015', 'biljana.stojkoska', '35'),
       ('SIIS23_3-F23L2S015-bojana.koteska', 'SIIS23_3-F23L2S015', 'bojana.koteska', '0'),
       ('SIIS23_3-F23L2S015-ilinka.ivanoska', 'SIIS23_3-F23L2S015', 'ilinka.ivanoska', '58'),
       ('SIIS23_3-F23L2S015-kire.trivodaliev', 'SIIS23_3-F23L2S015', 'kire.trivodaliev', '36'),
       ('SIIS23_3-F23L2S015-slobodan.kalajdziski', 'SIIS23_3-F23L2S015', 'slobodan.kalajdziski', '15'),
       ('SIIS23_3-F23L2S017-boro.jakimovski', 'SIIS23_3-F23L2S017', 'boro.jakimovski', '22'),
       ('SIIS23_3-F23L2S017-dimitar.trajanov', 'SIIS23_3-F23L2S017', 'dimitar.trajanov', '11'),
       ('SIIS23_3-F23L2S017-igor.mishkovski', 'SIIS23_3-F23L2S017', 'igor.mishkovski', '28'),
       ('SIIS23_3-F23L2S017-milos.jovanovik', 'SIIS23_3-F23L2S017', 'milos.jovanovik', '46'),
       ('SIIS23_3-F23L2S017-nevena.ackovska', 'SIIS23_3-F23L2S017', 'nevena.ackovska', '16'),
       ('SIIS23_3-F23L2S017-riste.stojanov', 'SIIS23_3-F23L2S017', 'riste.stojanov', '56'),
       ('SIIS23_3-F23L2S017-sasho.gramatikov', 'SIIS23_3-F23L2S017', 'sasho.gramatikov', '37'),
       ('SIIS23_3-F23L2S017-vesna.dimitrova', 'SIIS23_3-F23L2S017', 'vesna.dimitrova', '23'),
       ('SIIS23_3-F23L2S030-andrea.kulakov', 'SIIS23_3-F23L2S030', 'andrea.kulakov', '13'),
       ('SIIS23_3-F23L2S030-georgina.mirceva', 'SIIS23_3-F23L2S030', 'georgina.mirceva', '39'),
       ('SIIS23_3-F23L2S030-ilinka.ivanoska', 'SIIS23_3-F23L2S030', 'ilinka.ivanoska', '58'),
       ('SIIS23_3-F23L2S030-kire.trivodaliev', 'SIIS23_3-F23L2S030', 'kire.trivodaliev', '36'),
       ('SIIS23_3-F23L2S030-petre.lameski', 'SIIS23_3-F23L2S030', 'petre.lameski', '51'),
       ('SIIS23_3-F23L2S030-sonja.gievska', 'SIIS23_3-F23L2S030', 'sonja.gievska', '26'),
       ('SIIS23_3-F23L2S042-andreja.naumoski', 'SIIS23_3-F23L2S042', 'andreja.naumoski', '45'),
       ('SIIS23_3-F23L2S042-kosta.mitreski', 'SIIS23_3-F23L2S042', 'kosta.mitreski', '6'),
       ('SIIS23_3-F23L2S051-emil.stankov', 'SIIS23_3-F23L2S051', 'emil.stankov', '54'),
       ('SIIS23_3-F23L2S051-mile.jovanov', 'SIIS23_3-F23L2S051', 'mile.jovanov', '34'),
       ('SIIS23_3-F23L2S061-anastas.mishev', 'SIIS23_3-F23L2S061', 'anastas.mishev', '18'),
       ('SIIS23_3-F23L2S061-sonja.filiposka', 'SIIS23_3-F23L2S061', 'sonja.filiposka', '19'),
       ('SIIS23_3-F23L2S066-anastas.mishev', 'SIIS23_3-F23L2S066', 'anastas.mishev', '18'),
       ('SIIS23_3-F23L2S066-sonja.filiposka', 'SIIS23_3-F23L2S066', 'sonja.filiposka', '19'),
       ('SIIS23_3-F23L2S082-dejan.gjorgjevikj', 'SIIS23_3-F23L2S082', 'dejan.gjorgjevikj', '10'),
       ('SIIS23_3-F23L2S084-andreja.naumoski', 'SIIS23_3-F23L2S084', 'andreja.naumoski', '45'),
       ('SIIS23_3-F23L2S084-kosta.mitreski', 'SIIS23_3-F23L2S084', 'kosta.mitreski', '6'),
       ('SIIS23_3-F23L2S090-verica.bakeva', 'SIIS23_3-F23L2S090', 'verica.bakeva', '7'),
       ('SIIS23_3-F23L2S095-andrea.kulakov', 'SIIS23_3-F23L2S095', 'andrea.kulakov', '13'),
       ('SIIS23_3-F23L2S095-ivica.dimitrovski', 'SIIS23_3-F23L2S095', 'ivica.dimitrovski', '27'),
       ('SIIS23_3-F23L2S097-marija.mihova', 'SIIS23_3-F23L2S097', 'marija.mihova', '14'),
       ('SIIS23_3-F23L2S099-georgina.mirceva', 'SIIS23_3-F23L2S099', 'georgina.mirceva', '39'),
       ('SIIS23_3-F23L2S099-smilka.janeska', 'SIIS23_3-F23L2S099', 'smilka.janeska', '30'),
       ('SIIS23_3-F23L2S110-goce.armenski', 'SIIS23_3-F23L2S110', 'goce.armenski', '24'),
       ('SIIS23_3-F23L2S110-magdalena.kostoska', 'SIIS23_3-F23L2S110', 'magdalena.kostoska', '40'),
       ('SIIS23_3-F23L2S110-vangel.ajanovski', 'SIIS23_3-F23L2S110', 'vangel.ajanovski', '32'),
       ('SIIS23_3-F23L2S114-boban.joksimoski', 'SIIS23_3-F23L2S114', 'boban.joksimoski', '57'),
       ('SIIS23_3-F23L2S114-suzana.loshkovska', 'SIIS23_3-F23L2S114', 'suzana.loshkovska', '4'),
       ('SIIS23_3-F23L2S114-vangel.ajanovski', 'SIIS23_3-F23L2S114', 'vangel.ajanovski', '32'),
       ('SIIS23_3-F23L2S119-goran.velinov', 'SIIS23_3-F23L2S119', 'goran.velinov', '17'),
       ('SIIS23_3-F23L2S119-vladimir.zdraveski', 'SIIS23_3-F23L2S119', 'vladimir.zdraveski', '52'),
       ('SIIS23_3-F23L2S124-vladimir.trajkovik', 'SIIS23_3-F23L2S124', 'vladimir.trajkovik', '8'),
       ('SIIS23_3-F23L2S164-aleksandra.popovska', 'SIIS23_3-F23L2S164', 'aleksandra.popovska', '41'),
       ('SIIS23_3-F23L2S164-verica.bakeva', 'SIIS23_3-F23L2S164', 'verica.bakeva', '7'),
       ('SIIS23_3-F23L2W001-ana.madevska', 'SIIS23_3-F23L2W001', 'ana.madevska', '9'),
       ('SIIS23_3-F23L2W001-bojana.koteska', 'SIIS23_3-F23L2W001', 'bojana.koteska', '0'),
       ('SIIS23_3-F23L2W001-eftim.zdravevski', 'SIIS23_3-F23L2W001', 'eftim.zdravevski', '49'),
       ('SIIS23_3-F23L2W001-hristina.mihajloska', 'SIIS23_3-F23L2W001', 'hristina.mihajloska', '48'),
       ('SIIS23_3-F23L2W001-ilinka.ivanoska', 'SIIS23_3-F23L2W001', 'ilinka.ivanoska', '58'),
       ('SIIS23_3-F23L2W001-slobodan.kalajdziski', 'SIIS23_3-F23L2W001', 'slobodan.kalajdziski', '15'),
       ('SIIS23_3-F23L2W001-vladimir.trajkovik', 'SIIS23_3-F23L2W001', 'vladimir.trajkovik', '8'),
       ('SIIS23_3-F23L2W002-aleksandra.popovska', 'SIIS23_3-F23L2W002', 'aleksandra.popovska', '41'),
       ('SIIS23_3-F23L2W002-biljana.tojtovska', 'SIIS23_3-F23L2W002', 'biljana.tojtovska', '42'),
       ('SIIS23_3-F23L2W002-emil.stankov', 'SIIS23_3-F23L2W002', 'emil.stankov', '54'),
       ('SIIS23_3-F23L2W002-metodija.jancheski', 'SIIS23_3-F23L2W002', 'metodija.jancheski', '0'),
       ('SIIS23_3-F23L2W002-verica.bakeva', 'SIIS23_3-F23L2W002', 'verica.bakeva', '7'),
       ('SIIS23_3-F23L2W002-vesna.dimitrievska', 'SIIS23_3-F23L2W002', 'vesna.dimitrievska', '33'),
       ('SIIS23_3-F23L2W002-vesna.dimitrova', 'SIIS23_3-F23L2W002', 'vesna.dimitrova', '23'),
       ('SIIS23_3-F23L2W006-aleksandra.popovska', 'SIIS23_3-F23L2W006', 'aleksandra.popovska', '41'),
       ('SIIS23_3-F23L2W006-biljana.tojtovska', 'SIIS23_3-F23L2W006', 'biljana.tojtovska', '42'),
       ('SIIS23_3-F23L2W006-natasa.ilievska', 'SIIS23_3-F23L2W006', 'natasa.ilievska', '43'),
       ('SIIS23_3-F23L2W006-verica.bakeva', 'SIIS23_3-F23L2W006', 'verica.bakeva', '7'),
       ('SIIS23_3-F23L2W014-aleksandra.kanevche', 'SIIS23_3-F23L2W014', 'aleksandra.kanevche', '53'),
       ('SIIS23_3-F23L2W014-anastas.mishev', 'SIIS23_3-F23L2W014', 'anastas.mishev', '18'),
       ('SIIS23_3-F23L2W014-dejan.spasov', 'SIIS23_3-F23L2W014', 'dejan.spasov', '25'),
       ('SIIS23_3-F23L2W014-igor.mishkovski', 'SIIS23_3-F23L2W014', 'igor.mishkovski', '28'),
       ('SIIS23_3-F23L2W014-miroslav.mirchev', 'SIIS23_3-F23L2W014', 'miroslav.mirchev', '38'),
       ('SIIS23_3-F23L2W014-sasho.gramatikov', 'SIIS23_3-F23L2W014', 'sasho.gramatikov', '37'),
       ('SIIS23_3-F23L2W014-sonja.filiposka', 'SIIS23_3-F23L2W014', 'sonja.filiposka', '19'),
       ('SIIS23_3-F23L2W055-mile.jovanov', 'SIIS23_3-F23L2W055', 'mile.jovanov', '34'),
       ('SIIS23_3-F23L2W067-aleksandra.popovska', 'SIIS23_3-F23L2W067', 'aleksandra.popovska', '41'),
       ('SIIS23_3-F23L2W067-verica.bakeva', 'SIIS23_3-F23L2W067', 'verica.bakeva', '7'),
       ('SIIS23_3-F23L2W096-boban.joksimoski', 'SIIS23_3-F23L2W096', 'boban.joksimoski', '57'),
       ('SIIS23_3-F23L2W100-smilka.janeska', 'SIIS23_3-F23L2W100', 'smilka.janeska', '30'),
       ('SIIS23_3-F23L2W104-vesna.dimitrova', 'SIIS23_3-F23L2W104', 'vesna.dimitrova', '23'),
       ('SIIS23_3-F23L2W109-bojan.ilijoski', 'SIIS23_3-F23L2W109', 'bojan.ilijoski', '59'),
       ('SIIS23_3-F23L2W109-ivan.kitanovski', 'SIIS23_3-F23L2W109', 'ivan.kitanovski', '50'),
       ('SIIS23_3-F23L2W109-suzana.loshkovska', 'SIIS23_3-F23L2W109', 'suzana.loshkovska', '4'),
       ('SIIS23_3-F23L2W147-miroslav.mirchev', 'SIIS23_3-F23L2W147', 'miroslav.mirchev', '38'),
       ('SIIS23_3-F23L2W165-anastas.mishev', 'SIIS23_3-F23L2W165', 'anastas.mishev', '18'),
       ('SIIS23_3-F23L2W165-sonja.filiposka', 'SIIS23_3-F23L2W165', 'sonja.filiposka', '19'),
       ('SIIS23_3-F23L2W165-vladimir.zdraveski', 'SIIS23_3-F23L2W165', 'vladimir.zdraveski', '52'),
       ('SIIS23_3-F23L2W167-ivica.dimitrovski', 'SIIS23_3-F23L2W167', 'ivica.dimitrovski', '27'),
       ('SIIS23_3-F23L2W167-katarina.trojacanec', 'SIIS23_3-F23L2W167', 'katarina.trojacanec', '55'),
       ('SIIS23_3-F23L2W167-suzana.loshkovska', 'SIIS23_3-F23L2W167', 'suzana.loshkovska', '4'),
       ('SIIS23_3-F23L3S010-bojan.ilijoski', 'SIIS23_3-F23L3S010', 'bojan.ilijoski', '59'),
       ('SIIS23_3-F23L3S010-ivan.kitanovski', 'SIIS23_3-F23L3S010', 'ivan.kitanovski', '50'),
       ('SIIS23_3-F23L3S010-sonja.gievska', 'SIIS23_3-F23L3S010', 'sonja.gievska', '26'),
       ('SIIS23_3-F23L3S010-suzana.loshkovska', 'SIIS23_3-F23L3S010', 'suzana.loshkovska', '4'),
       ('SIIS23_3-F23L3S012-ivan.chorbev', 'SIIS23_3-F23L3S012', 'ivan.chorbev', '20'),
       ('SIIS23_3-F23L3S019-bojana.koteska', 'SIIS23_3-F23L3S019', 'bojana.koteska', '0'),
       ('SIIS23_3-F23L3S019-gjorgji.madjarov', 'SIIS23_3-F23L3S019', 'gjorgji.madjarov', '29'),
       ('SIIS23_3-F23L3S019-hristina.mihajloska', 'SIIS23_3-F23L3S019', 'hristina.mihajloska', '48'),
       ('SIIS23_3-F23L3S022-dimitar.trajanov', 'SIIS23_3-F23L3S022', 'dimitar.trajanov', '11'),
       ('SIIS23_3-F23L3S022-ljupcho.antovski', 'SIIS23_3-F23L3S022', 'ljupcho.antovski', '12'),
       ('SIIS23_3-F23L3S022-milos.jovanovik', 'SIIS23_3-F23L3S022', 'milos.jovanovik', '46'),
       ('SIIS23_3-F23L3S022-vladimir.zdraveski', 'SIIS23_3-F23L3S022', 'vladimir.zdraveski', '52'),
       ('SIIS23_3-F23L3S025-dimitar.trajanov', 'SIIS23_3-F23L3S025', 'dimitar.trajanov', '11'),
       ('SIIS23_3-F23L3S025-goce.armenski', 'SIIS23_3-F23L3S025', 'goce.armenski', '24'),
       ('SIIS23_3-F23L3S025-milos.jovanovik', 'SIIS23_3-F23L3S025', 'milos.jovanovik', '46'),
       ('SIIS23_3-F23L3S025-riste.stojanov', 'SIIS23_3-F23L3S025', 'riste.stojanov', '56'),
       ('SIIS23_3-F23L3S025-sasho.gramatikov', 'SIIS23_3-F23L3S025', 'sasho.gramatikov', '37'),
       ('SIIS23_3-F23L3S028-eftim.zdravevski', 'SIIS23_3-F23L3S028', 'eftim.zdravevski', '49'),
       ('SIIS23_3-F23L3S028-vladimir.trajkovik', 'SIIS23_3-F23L3S028', 'vladimir.trajkovik', '8'),
       ('SIIS23_3-F23L3S036-aleksandra.kanevche', 'SIIS23_3-F23L3S036', 'aleksandra.kanevche', '53'),
       ('SIIS23_3-F23L3S036-miroslav.mirchev', 'SIIS23_3-F23L3S036', 'miroslav.mirchev', '38'),
       ('SIIS23_3-F23L3S039-marija.mihova', 'SIIS23_3-F23L3S039', 'marija.mihova', '14'),
       ('SIIS23_3-F23L3S039-mile.jovanov', 'SIIS23_3-F23L3S039', 'mile.jovanov', '34'),
       ('SIIS23_3-F23L3S047-lasko.basnarkov', 'SIIS23_3-F23L3S047', 'lasko.basnarkov', '21'),
       ('SIIS23_3-F23L3S054-ana.madevska', 'SIIS23_3-F23L3S054', 'ana.madevska', '9'),
       ('SIIS23_3-F23L3S057-ana.madevska', 'SIIS23_3-F23L3S057', 'ana.madevska', '9'),
       ('SIIS23_3-F23L3S059-aleksandra.kanevche', 'SIIS23_3-F23L3S059', 'aleksandra.kanevche', '53'),
       ('SIIS23_3-F23L3S062-boro.jakimovski', 'SIIS23_3-F23L3S062', 'boro.jakimovski', '22'),
       ('SIIS23_3-F23L3S063-aleksandra.kanevche', 'SIIS23_3-F23L3S063', 'aleksandra.kanevche', '53'),
       ('SIIS23_3-F23L3S063-igor.mishkovski', 'SIIS23_3-F23L3S063', 'igor.mishkovski', '28'),
       ('SIIS23_3-F23L3S069-vangel.ajanovski', 'SIIS23_3-F23L3S069', 'vangel.ajanovski', '32'),
       ('SIIS23_3-F23L3S073-kire.trivodaliev', 'SIIS23_3-F23L3S073', 'kire.trivodaliev', '36'),
       ('SIIS23_3-F23L3S073-sonja.gievska', 'SIIS23_3-F23L3S073', 'sonja.gievska', '26'),
       ('SIIS23_3-F23L3S078-ilinka.ivanoska', 'SIIS23_3-F23L3S078', 'ilinka.ivanoska', '58'),
       ('SIIS23_3-F23L3S080-ivan.kitanovski', 'SIIS23_3-F23L3S080', 'ivan.kitanovski', '50'),
       ('SIIS23_3-F23L3S080-ivica.dimitrovski', 'SIIS23_3-F23L3S080', 'ivica.dimitrovski', '27'),
       ('SIIS23_3-F23L3S083-katarina.trojacanec', 'SIIS23_3-F23L3S083', 'katarina.trojacanec', '55'),
       ('SIIS23_3-F23L3S083-suzana.loshkovska', 'SIIS23_3-F23L3S083', 'suzana.loshkovska', '4'),
       ('SIIS23_3-F23L3W085-monika.simjanoska', 'SIIS23_3-F23L3W085', 'monika.simjanoska', '100'),
       ('SIIS23_3-F23L3W085-nevena.ackovska', 'SIIS23_3-F23L3W085', 'nevena.ackovska', '16'),
       ('SIIS23_3-F23L3S086-andrea.kulakov', 'SIIS23_3-F23L3S086', 'andrea.kulakov', '13'),
       ('SIIS23_3-F23L3S087-igor.mishkovski', 'SIIS23_3-F23L3S087', 'igor.mishkovski', '28'),
       ('SIIS23_3-F23L3S087-miroslav.mirchev', 'SIIS23_3-F23L3S087', 'miroslav.mirchev', '38'),
       ('SIIS23_3-F23L3S091-andreja.naumoski', 'SIIS23_3-F23L3S091', 'andreja.naumoski', '45'),
       ('SIIS23_3-F23L3S091-kosta.mitreski', 'SIIS23_3-F23L3S091', 'kosta.mitreski', '6'),
       ('SIIS23_3-F23L3S093-vesna.dimitrova', 'SIIS23_3-F23L3S093', 'vesna.dimitrova', '23'),
       ('SIIS23_3-F23L3S094-magdalena.kostoska', 'SIIS23_3-F23L3S094', 'magdalena.kostoska', '40'),
       ('SIIS23_3-F23L3S101-anastas.mishev', 'SIIS23_3-F23L3S101', 'anastas.mishev', '18'),
       ('SIIS23_3-F23L3S101-hristina.mihajloska', 'SIIS23_3-F23L3S101', 'hristina.mihajloska', '48'),
       ('SIIS23_3-F23L3S102-dimitar.trajanov', 'SIIS23_3-F23L3S102', 'dimitar.trajanov', '11'),
       ('SIIS23_3-F23L3S106-kire.trivodaliev', 'SIIS23_3-F23L3S106', 'kire.trivodaliev', '36'),
       ('SIIS23_3-F23L3S106-slobodan.kalajdziski', 'SIIS23_3-F23L3S106', 'slobodan.kalajdziski', '15'),
       ('SIIS23_3-F23L3S106-sonja.gievska', 'SIIS23_3-F23L3S106', 'sonja.gievska', '26'),
       ('SIIS23_3-F23L3S107-ana.madevska', 'SIIS23_3-F23L3S107', 'ana.madevska', '9'),
       ('SIIS23_3-F23L3S111-boro.jakimovski', 'SIIS23_3-F23L3S111', 'boro.jakimovski', '22'),
       ('SIIS23_3-F23L3S112-mile.jovanov', 'SIIS23_3-F23L3S112', 'mile.jovanov', '34'),
       ('SIIS23_3-F23L3S113-boban.joksimoski', 'SIIS23_3-F23L3S113', 'boban.joksimoski', '57'),
       ('SIIS23_3-F23L3S113-ivan.chorbev', 'SIIS23_3-F23L3S113', 'ivan.chorbev', '20'),
       ('SIIS23_3-F23L3S115-vangel.ajanovski', 'SIIS23_3-F23L3S115', 'vangel.ajanovski', '32'),
       ('SIIS23_3-F23L3S118-milos.jovanovik', 'SIIS23_3-F23L3S118', 'milos.jovanovik', '46'),
       ('SIIS23_3-F23L3S118-pance.ribarski', 'SIIS23_3-F23L3S118', 'pance.ribarski', '47'),
       ('SIIS23_3-F23L3S122-hristina.mihajloska', 'SIIS23_3-F23L3S122', 'hristina.mihajloska', '48'),
       ('SIIS23_3-F23L3S122-vesna.dimitrova', 'SIIS23_3-F23L3S122', 'vesna.dimitrova', '23'),
       ('SIIS23_3-F23L3S125-miroslav.mirchev', 'SIIS23_3-F23L3S125', 'miroslav.mirchev', '38'),
       ('SIIS23_3-F23L3S127-ljupcho.antovski', 'SIIS23_3-F23L3S127', 'ljupcho.antovski', '12'),
       ('SIIS23_3-F23L3S127-petre.lameski', 'SIIS23_3-F23L3S127', 'petre.lameski', '51'),
       ('SIIS23_3-F23L3S127-vladimir.trajkovik', 'SIIS23_3-F23L3S127', 'vladimir.trajkovik', '8'),
       ('SIIS23_3-F23L3S130-georgina.mirceva', 'SIIS23_3-F23L3S130', 'georgina.mirceva', '39'),
       ('SIIS23_3-F23L3S131-lasko.basnarkov', 'SIIS23_3-F23L3S131', 'lasko.basnarkov', '21'),
       ('SIIS23_3-F23L3S132-nevena.ackovska', 'SIIS23_3-F23L3S132', 'nevena.ackovska', '16'),
       ('SIIS23_3-F23L3S135-biljana.stojkoska', 'SIIS23_3-F23L3S135', 'biljana.stojkoska', '35'),
       ('SIIS23_3-F23L3S138-eftim.zdravevski', 'SIIS23_3-F23L3S138', 'eftim.zdravevski', '49'),
       ('SIIS23_3-F23L3S138-goran.velinov', 'SIIS23_3-F23L3S138', 'goran.velinov', '17'),
       ('SIIS23_3-F23L3S139-magdalena.kostoska', 'SIIS23_3-F23L3S139', 'magdalena.kostoska', '40'),
       ('SIIS23_3-F23L3S139-pance.ribarski', 'SIIS23_3-F23L3S139', 'pance.ribarski', '47'),
       ('SIIS23_3-F23L3S141-goran.velinov', 'SIIS23_3-F23L3S141', 'goran.velinov', '17'),
       ('SIIS23_3-F23L3S141-slobodan.kalajdziski', 'SIIS23_3-F23L3S141', 'slobodan.kalajdziski', '15'),
       ('SIIS23_3-F23L3S144-lasko.basnarkov', 'SIIS23_3-F23L3S144', 'lasko.basnarkov', '21'),
       ('SIIS23_3-F23L3S149-marjan.gushev', 'SIIS23_3-F23L3S149', 'marjan.gushev', '2'),
       ('SIIS23_3-F23L3S149-vladimir.zdraveski', 'SIIS23_3-F23L3S149', 'vladimir.zdraveski', '52'),
       ('SIIS23_3-F23L3S150-biljana.tojtovska', 'SIIS23_3-F23L3S150', 'biljana.tojtovska', '42'),
       ('SIIS23_3-F23L3S150-bojan.ilijoski', 'SIIS23_3-F23L3S150', 'bojan.ilijoski', '59'),
       ('SIIS23_3-F23L3S153-andrea.kulakov', 'SIIS23_3-F23L3S153', 'andrea.kulakov', '13'),
       ('SIIS23_3-F23L3S153-petre.lameski', 'SIIS23_3-F23L3S153', 'petre.lameski', '51'),
       ('SIIS23_3-F23L3S155-boro.jakimovski', 'SIIS23_3-F23L3S155', 'boro.jakimovski', '22'),
       ('SIIS23_3-F23L3S155-pance.ribarski', 'SIIS23_3-F23L3S155', 'pance.ribarski', '47'),
       ('SIIS23_3-F23L3S157-eftim.zdravevski', 'SIIS23_3-F23L3S157', 'eftim.zdravevski', '49'),
       ('SIIS23_3-F23L3S157-goran.velinov', 'SIIS23_3-F23L3S157', 'goran.velinov', '17'),
       ('SIIS23_3-F23L3W158-dejan.spasov', 'SIIS23_3-F23L3W158', 'dejan.spasov', '25'),
       ('SIIS23_3-F23L3S159-anastas.mishev', 'SIIS23_3-F23L3S159', 'anastas.mishev', '18'),
       ('SIIS23_3-F23L3S159-riste.stojanov', 'SIIS23_3-F23L3S159', 'riste.stojanov', '56'),
       ('SIIS23_3-F23L3S160-sonja.filiposka', 'SIIS23_3-F23L3S160', 'sonja.filiposka', '19'),
       ('SIIS23_3-F23L3S162-sasho.gramatikov', 'SIIS23_3-F23L3S162', 'sasho.gramatikov', '37'),
       ('SIIS23_3-F23L3S163-biljana.tojtovska', 'SIIS23_3-F23L3S163', 'biljana.tojtovska', '42'),
       ('SIIS23_3-F23L3S163-bojan.ilijoski', 'SIIS23_3-F23L3S163', 'bojan.ilijoski', '59'),
       ('SIIS23_3-F23L3S163-pance.ribarski', 'SIIS23_3-F23L3S163', 'pance.ribarski', '47'),
       ('SIIS23_3-F23L3S166-goce.armenski', 'SIIS23_3-F23L3S166', 'goce.armenski', '24'),
       ('SIIS23_3-F23L3W001-aleksandra.popovska', 'SIIS23_3-F23L3W001', 'aleksandra.popovska', '41'),
       ('SIIS23_3-F23L3W001-biljana.tojtovska', 'SIIS23_3-F23L3W001', 'biljana.tojtovska', '42'),
       ('SIIS23_3-F23L3W001-marija.mihova', 'SIIS23_3-F23L3W001', 'marija.mihova', '14'),
       ('SIIS23_3-F23L3W001-metodija.jancheski', 'SIIS23_3-F23L3W001', 'metodija.jancheski', '0'),
       ('SIIS23_3-F23L3W001-natasa.ilievska', 'SIIS23_3-F23L3W001', 'natasa.ilievska', '43'),
       ('SIIS23_3-F23L3W001-verica.bakeva', 'SIIS23_3-F23L3W001', 'verica.bakeva', '7'),
       ('SIIS23_3-F23L3W004-eftim.zdravevski', 'SIIS23_3-F23L3W004', 'eftim.zdravevski', '49'),
       ('SIIS23_3-F23L3W004-georgina.mirceva', 'SIIS23_3-F23L3W004', 'georgina.mirceva', '39'),
       ('SIIS23_3-F23L3W004-goran.velinov', 'SIIS23_3-F23L3W004', 'goran.velinov', '17'),
       ('SIIS23_3-F23L3W004-kire.trivodaliev', 'SIIS23_3-F23L3W004', 'kire.trivodaliev', '36'),
       ('SIIS23_3-F23L3W004-slobodan.kalajdziski', 'SIIS23_3-F23L3W004', 'slobodan.kalajdziski', '15'),
       ('SIIS23_3-F23L3W004-sonja.gievska', 'SIIS23_3-F23L3W004', 'sonja.gievska', '26'),
       ('SIIS23_3-F23L3W004-vangel.ajanovski', 'SIIS23_3-F23L3W004', 'vangel.ajanovski', '32'),
       ('SIIS23_3-F23L3W008-dimitar.trajanov', 'SIIS23_3-F23L3W008', 'dimitar.trajanov', '11'),
       ('SIIS23_3-F23L3W008-georgina.mirceva', 'SIIS23_3-F23L3W008', 'georgina.mirceva', '39'),
       ('SIIS23_3-F23L3W008-igor.mishkovski', 'SIIS23_3-F23L3W008', 'igor.mishkovski', '28'),
       ('SIIS23_3-F23L3W008-milos.jovanovik', 'SIIS23_3-F23L3W008', 'milos.jovanovik', '46'),
       ('SIIS23_3-F23L3W008-miroslav.mirchev', 'SIIS23_3-F23L3W008', 'miroslav.mirchev', '38'),
       ('SIIS23_3-F23L3W008-slobodan.kalajdziski', 'SIIS23_3-F23L3W008', 'slobodan.kalajdziski', '15'),
       ('SIIS23_3-F23L3W008-vesna.dimitrova', 'SIIS23_3-F23L3W008', 'vesna.dimitrova', '23'),
       ('SIIS23_3-F23L3W009-dejan.gjorgjevikj', 'SIIS23_3-F23L3W009', 'dejan.gjorgjevikj', '10'),
       ('SIIS23_3-F23L3W009-gjorgji.madjarov', 'SIIS23_3-F23L3W009', 'gjorgji.madjarov', '29'),
       ('SIIS23_3-F23L3W009-ljupcho.antovski', 'SIIS23_3-F23L3W009', 'ljupcho.antovski', '12'),
       ('SIIS23_3-F23L3W009-petre.lameski', 'SIIS23_3-F23L3W009', 'petre.lameski', '51'),
       ('SIIS23_3-F23L3W024-dimitar.trajanov', 'SIIS23_3-F23L3W024', 'dimitar.trajanov', '11'),
       ('SIIS23_3-F23L3W024-milos.jovanovik', 'SIIS23_3-F23L3W024', 'milos.jovanovik', '46'),
       ('SIIS23_3-F23L3W024-riste.stojanov', 'SIIS23_3-F23L3W024', 'riste.stojanov', '56'),
       ('SIIS23_3-F23L3W024-sasho.gramatikov', 'SIIS23_3-F23L3W024', 'sasho.gramatikov', '37'),
       ('SIIS23_3-F23L3W024-vangel.ajanovski', 'SIIS23_3-F23L3W024', 'vangel.ajanovski', '32'),
       ('SIIS23_3-F23L3W027-goran.velinov', 'SIIS23_3-F23L3W027', 'goran.velinov', '17'),
       ('SIIS23_3-F23L3W027-kosta.mitreski', 'SIIS23_3-F23L3W027', 'kosta.mitreski', '6'),
       ('SIIS23_3-F23L3W027-ljupcho.antovski', 'SIIS23_3-F23L3W027', 'ljupcho.antovski', '12'),
       ('SIIS23_3-F23L3W027-milos.jovanovik', 'SIIS23_3-F23L3W027', 'milos.jovanovik', '46'),
       ('SIIS23_3-F23L3W027-smilka.janeska', 'SIIS23_3-F23L3W027', 'smilka.janeska', '30'),
       ('SIIS23_3-F23L3W035-marija.mihova', 'SIIS23_3-F23L3W035', 'marija.mihova', '14'),
       ('SIIS23_3-F23L3W035-vesna.dimitrievska', 'SIIS23_3-F23L3W035', 'vesna.dimitrievska', '33'),
       ('SIIS23_3-F23L3W037-magdalena.kostoska', 'SIIS23_3-F23L3W037', 'magdalena.kostoska', '40'),
       ('SIIS23_3-F23L3W037-marjan.gushev', 'SIIS23_3-F23L3W037', 'marjan.gushev', '2'),
       ('SIIS23_3-F23L3W037-vladimir.zdraveski', 'SIIS23_3-F23L3W037', 'vladimir.zdraveski', '52'),
       ('SIIS23_3-F23L3W038-emil.stankov', 'SIIS23_3-F23L3W038', 'emil.stankov', '54'),
       ('SIIS23_3-F23L3W038-kire.trivodaliev', 'SIIS23_3-F23L3W038', 'kire.trivodaliev', '36'),
       ('SIIS23_3-F23L3W038-mile.jovanov', 'SIIS23_3-F23L3W038', 'mile.jovanov', '34'),
       ('SIIS23_3-F23L3S040-monika.simjanoska', 'SIIS23_3-F23L3S040', 'monika.simjanoska', '100'),
       ('SIIS23_3-F23L3S040-nevena.ackovska', 'SIIS23_3-F23L3S040', 'nevena.ackovska', '16'),
       ('SIIS23_3-F23L3W043-hristina.mihajloska', 'SIIS23_3-F23L3W043', 'hristina.mihajloska', '48'),
       ('SIIS23_3-F23L3W043-vesna.dimitrova', 'SIIS23_3-F23L3W043', 'vesna.dimitrova', '23'),
       ('SIIS23_3-F23L3W044-lasko.basnarkov', 'SIIS23_3-F23L3W044', 'lasko.basnarkov', '21'),
       ('SIIS23_3-F23L3W048-monika.simjanoska', 'SIIS23_3-F23L3W048', 'monika.simjanoska', '100'),
       ('SIIS23_3-F23L3W050-goce.armenski', 'SIIS23_3-F23L3W050', 'goce.armenski', '24'),
       ('SIIS23_3-F23L3W053-bojan.ilijoski', 'SIIS23_3-F23L3W053', 'bojan.ilijoski', '59'),
       ('SIIS23_3-F23L3W053-katerina.zdravkova', 'SIIS23_3-F23L3W053', 'katerina.zdravkova', '3'),
       ('SIIS23_3-F23L3W056-ana.madevska', 'SIIS23_3-F23L3W056', 'ana.madevska', '9'),
       ('SIIS23_3-F23L3W060-boro.jakimovski', 'SIIS23_3-F23L3W060', 'boro.jakimovski', '22'),
       ('SIIS23_3-F23L3W064-boro.jakimovski', 'SIIS23_3-F23L3W064', 'boro.jakimovski', '22'),
       ('SIIS23_3-F23L3W064-vladimir.trajkovik', 'SIIS23_3-F23L3W064', 'vladimir.trajkovik', '8'),
       ('SIIS23_3-F23L3W065-anastas.mishev', 'SIIS23_3-F23L3W065', 'anastas.mishev', '18'),
       ('SIIS23_3-F23L3W065-sonja.filiposka', 'SIIS23_3-F23L3W065', 'sonja.filiposka', '19'),
       ('SIIS23_3-F23L3W068-marjan.gushev', 'SIIS23_3-F23L3W068', 'marjan.gushev', '2'),
       ('SIIS23_3-F23L3W072-andrea.kulakov', 'SIIS23_3-F23L3W072', 'andrea.kulakov', '13'),
       ('SIIS23_3-F23L3W072-nevena.ackovska', 'SIIS23_3-F23L3W072', 'nevena.ackovska', '16'),
       ('SIIS23_3-F23L3W074-boro.jakimovski', 'SIIS23_3-F23L3W074', 'boro.jakimovski', '22'),
       ('SIIS23_3-F23L3W074-goran.velinov', 'SIIS23_3-F23L3W074', 'goran.velinov', '17'),
       ('SIIS23_3-F23L3W074-vangel.ajanovski', 'SIIS23_3-F23L3W074', 'vangel.ajanovski', '32'),
       ('SIIS23_3-F23L3W075-vladimir.trajkovik', 'SIIS23_3-F23L3W075', 'vladimir.trajkovik', '8'),
       ('SIIS23_3-F23L3W076-eftim.zdravevski', 'SIIS23_3-F23L3W076', 'eftim.zdravevski', '49'),
       ('SIIS23_3-F23L3W079-dimitar.trajanov', 'SIIS23_3-F23L3W079', 'dimitar.trajanov', '11'),
       ('SIIS23_3-F23L3W079-milos.jovanovik', 'SIIS23_3-F23L3W079', 'milos.jovanovik', '46'),
       ('SIIS23_3-F23L3W081-katarina.trojacanec', 'SIIS23_3-F23L3W081', 'katarina.trojacanec', '55'),
       ('SIIS23_3-F23L3W081-suzana.loshkovska', 'SIIS23_3-F23L3W081', 'suzana.loshkovska', '4'),
       ('SIIS23_3-F23L3W088-aleksandra.kanevche', 'SIIS23_3-F23L3W088', 'aleksandra.kanevche', '53'),
       ('SIIS23_3-F23L3W089-dejan.gjorgjevikj', 'SIIS23_3-F23L3W089', 'dejan.gjorgjevikj', '10'),
       ('SIIS23_3-F23L3W092-boban.joksimoski', 'SIIS23_3-F23L3W092', 'boban.joksimoski', '57'),
       ('SIIS23_3-F23L3W092-ivan.chorbev', 'SIIS23_3-F23L3W092', 'ivan.chorbev', '20'),
       ('SIIS23_3-F23L3W098-boro.jakimovski', 'SIIS23_3-F23L3W098', 'boro.jakimovski', '22'),
       ('SIIS23_3-F23L3W103-ivan.chorbev', 'SIIS23_3-F23L3W103', 'ivan.chorbev', '20'),
       ('SIIS23_3-F23L3W103-vangel.ajanovski', 'SIIS23_3-F23L3W103', 'vangel.ajanovski', '32'),
       ('SIIS23_3-F23L3W105-magdalena.kostoska', 'SIIS23_3-F23L3W105', 'magdalena.kostoska', '40'),
       ('SIIS23_3-F23L3W105-marjan.gushev', 'SIIS23_3-F23L3W105', 'marjan.gushev', '2'),
       ('SIIS23_3-F23L3W108-biljana.stojkoska', 'SIIS23_3-F23L3W108', 'biljana.stojkoska', '35'),
       ('SIIS23_3-F23L3W108-igor.mishkovski', 'SIIS23_3-F23L3W108', 'igor.mishkovski', '28'),
       ('SIIS23_3-F23L3W117-andreja.naumoski', 'SIIS23_3-F23L3W117', 'andreja.naumoski', '45'),
       ('SIIS23_3-F23L3W121-ivan.kitanovski', 'SIIS23_3-F23L3W121', 'ivan.kitanovski', '50'),
       ('SIIS23_3-F23L3W121-pance.ribarski', 'SIIS23_3-F23L3W121', 'pance.ribarski', '47'),
       ('SIIS23_3-F23L3W123-andrea.kulakov', 'SIIS23_3-F23L3W123', 'andrea.kulakov', '13'),
       ('SIIS23_3-F23L3W123-ivica.dimitrovski', 'SIIS23_3-F23L3W123', 'ivica.dimitrovski', '27'),
       ('SIIS23_3-F23L3W126-andreja.naumoski', 'SIIS23_3-F23L3W126', 'andreja.naumoski', '45'),
       ('SIIS23_3-F23L3W128-petre.lameski', 'SIIS23_3-F23L3W128', 'petre.lameski', '51'),
       ('SIIS23_3-F23L3W128-vladimir.trajkovik', 'SIIS23_3-F23L3W128', 'vladimir.trajkovik', '8'),
       ('SIIS23_3-F23L3W129-igor.mishkovski', 'SIIS23_3-F23L3W129', 'igor.mishkovski', '28'),
       ('SIIS23_3-F23L3W129-ljupcho.antovski', 'SIIS23_3-F23L3W129', 'ljupcho.antovski', '12'),
       ('SIIS23_3-F23L3W133-sonja.filiposka', 'SIIS23_3-F23L3W133', 'sonja.filiposka', '19'),
       ('SIIS23_3-F23L3W134-sasho.gramatikov', 'SIIS23_3-F23L3W134', 'sasho.gramatikov', '37'),
       ('SIIS23_3-F23L3W136-boban.joksimoski', 'SIIS23_3-F23L3W136', 'boban.joksimoski', '57'),
       ('SIIS23_3-F23L3W136-goce.armenski', 'SIIS23_3-F23L3W136', 'goce.armenski', '24'),
       ('SIIS23_3-F23L3W136-ivan.chorbev', 'SIIS23_3-F23L3W136', 'ivan.chorbev', '20'),
       ('SIIS23_3-F23L3W137-bojan.ilijoski', 'SIIS23_3-F23L3W137', 'bojan.ilijoski', '59'),
       ('SIIS23_3-F23L3W137-nevena.ackovska', 'SIIS23_3-F23L3W137', 'nevena.ackovska', '16'),
       ('SIIS23_3-F23L3W137-sonja.gievska', 'SIIS23_3-F23L3W137', 'sonja.gievska', '26'),
       ('SIIS23_3-F23L3W140-dejan.gjorgjevikj', 'SIIS23_3-F23L3W140', 'dejan.gjorgjevikj', '10'),
       ('SIIS23_3-F23L3W140-gjorgji.madjarov', 'SIIS23_3-F23L3W140', 'gjorgji.madjarov', '29'),
       ('SIIS23_3-F23L3W140-ivan.kitanovski', 'SIIS23_3-F23L3W140', 'ivan.kitanovski', '50'),
       ('SIIS23_3-F23L3W142-ivica.dimitrovski', 'SIIS23_3-F23L3W142', 'ivica.dimitrovski', '27'),
       ('SIIS23_3-F23L3W142-sonja.gievska', 'SIIS23_3-F23L3W142', 'sonja.gievska', '26'),
       ('SIIS23_3-F23L3W145-miroslav.mirchev', 'SIIS23_3-F23L3W145', 'miroslav.mirchev', '38'),
       ('SIIS23_3-F23L3W148-andrea.kulakov', 'SIIS23_3-F23L3W148', 'andrea.kulakov', '13'),
       ('SIIS23_3-F23L3W152-katarina.trojacanec', 'SIIS23_3-F23L3W152', 'katarina.trojacanec', '55'),
       ('SIIS23_3-F23L3W152-suzana.loshkovska', 'SIIS23_3-F23L3W152', 'suzana.loshkovska', '4'),
       ('SIIS23_3-F23L3W154-eftim.zdravevski', 'SIIS23_3-F23L3W154', 'eftim.zdravevski', '49'),
       ('SIIS23_3-F23L3W154-gjorgji.madjarov', 'SIIS23_3-F23L3W154', 'gjorgji.madjarov', '29'),
       ('SIIS23_3-F23L3W156-georgina.mirceva', 'SIIS23_3-F23L3W156', 'georgina.mirceva', '39'),
       ('SIIS23_3-F23L3W161-marija.mihova', 'SIIS23_3-F23L3W161', 'marija.mihova', '14'),
       ('SIIS23_3-F23L3W161-sonja.gievska', 'SIIS23_3-F23L3W161', 'sonja.gievska', '26'),
       ('SIIS23_3-F23L3W162-andreja.naumoski', 'SIIS23_3-F23L3W162', 'andreja.naumoski', '45'),
       ('SIIS23_3-F23L3W162-lasko.basnarkov', 'SIIS23_3-F23L3W162', 'lasko.basnarkov', '21'),
       ('SIIS23_3-F23L3W200-biljana.stojkoska', 'SIIS23_3-F23L3W200', 'biljana.stojkoska', '35');



update study_program_subject
set semester=5,
    mandatory= false
where semester = 7
  and study_program_code in ('PIT23_3', 'SIIS23_3', 'KN23_3', 'KI23_3', 'IMB23_3',
                             'SEIS23_3', 'SSP23_3');

update study_program_subject
set semester=6,
    mandatory= false
where semester = 8
  and study_program_code in ('PIT23_3', 'SIIS23_3', 'KN23_3', 'KI23_3', 'IMB23_3',
                             'SEIS23_3', 'SSP23_3');

-- Diplomska
update study_program_subject
set semester=6,
    mandatory= true
where subject_id = 'F23L3S168'
  and study_program_code in ('PIT23_3', 'SIIS23_3', 'KN23_3', 'KI23_3', 'IMB23_3',
                             'SEIS23_3');



update study_program_subject
set mandatory= false
where id in ('PIT23_3-F23L3W136',
             'PIT23_3-F23L3S025');

update study_program_subject
set mandatory= false
where id in ('SEIS23_3-F23L3W140',
             'SEIS23_3-F23L3S012',
             'SEIS23_3-F23L3S138',
             'SEIS23_3-F23L3S010');



update study_program_subject
set mandatory= false
where id in ('SIIS23_3-F23L3W140',
             'SIIS23_3-F23L3S012',
             'SIIS23_3-F23L3S138',
             'SIIS23_3-F23L3S010');

update study_program_subject
set mandatory= false
where id in ('KN23_3-F23L3W140',
             'KN23_3-F23L3S039',
             'KN23_3-F23L3S010',
             'KN23_3-F23L3S157');

update study_program_subject
set mandatory= false
where id in ('KI23_3-F23L3S047',
             'KI23_3-F23L3S157');

update study_program_subject
set mandatory= false
where id in ('IMB23_3-F23L3S159',
             'IMB23_3-F23L3S062');



update study_program_subject
set mandatory= true,
    semester=3
where id in ('SSP23_3-F23L3W103',
             'SSP23_3-F23L3W024',
             'SSP23_3-F23L3W033',
             'SSP23_3-F23L2W167');

update study_program_subject
set mandatory= true,
    semester=4
where id in ('SSP23_3-F23L3S100',
             'SSP23_3-F23L3S100');


update study_program_subject
set mandatory= true,
    semester=5
where id in ('SSP23_3-F23L3W027',
             'SSP23_3-F23L3W021');


update study_program_subject
set mandatory= true,
    semester=6
where id in ('SSP23_3-F23L3S028',
             'SSP23_3-F23L2S029',
             'SSP23_3-F23L3S025');

update study_program_subject
set mandatory= true,
    semester=4
where id in ('SSP23_3-F23L2S110');